Event Summary - Thursday, April 3, 2025 2:42:58 PM
 Start Date: 01/01/2025 12:00:00 AM End Date: 03/01/2025 12:00:00 AM
Region contains S1
AND Substation contains S1 FRTU
AND Message contains Remote unit state changed from Telemetry Failure to Online.
AND Device contains S1-RCS

"#","Process time","Field change time","Message","Note","Type","Region","Subregion","Substation","Feeder","Location","Device","Device type","AOR","Element","RTU","Alias","Severity","Voltage level [kV]","Category","Class","Activity","Inhibit","Source","User name","Console name","Reason source","Reason ID"
"1","02/01/2025 11:58:04.983 PM","02/01/2025 11:58:04.971 PM","Remote unit state changed from Telemetry Failure to Online.","","Event","S1 MV","","S1 FRTU","","S1 FRTU","S1-RCS-0131","Remote unit","S1-HV,S1-MV,S1-Viewer","S1-RCS-0131","S1-RCS-0131","RBC03S-14 : Master PTR (Photharam 1 Substation)","Trivial","NaN","Unknown","IT","Telemetry Alarm","None","SCADA","core\dnaApp_pcore","DC1-COR-DRT2","",""
"2","02/01/2025 11:49:49.107 PM","02/01/2025 11:49:49.106 PM","Remote unit state changed from Telemetry Failure to Online.","","Event","S1 MV","","S1 FRTU","","S1 FRTU","S1-RCS-0509","Remote unit","S1-HV,S1-MV,S1-Viewer","S1-RCS-0509","S1-RCS-0509","CBN04S-07 : Master CBN (Chom Bueng Substation)","Trivial","NaN","Unknown","IT","Telemetry Alarm","None","SCADA","core\dnaApp_pcore","DC1-COR-DRT2","",""
"3","02/01/2025 11:37:06.543 PM","02/01/2025 11:37:06.542 PM","Remote unit state changed from Telemetry Failure to Online.","","Event","S1 MV","","S1 FRTU","","S1 FRTU","S1-RCS-0830","Remote unit","S1-HV,S1-MV,S1-Viewer","S1-RCS-0830","S1-RCS-0830","RBB08S-18 : Master RBB (Ratchaburi 2 Substation)","Trivial","NaN","Unknown","IT","Telemetry Alarm","None","SCADA","core\dnaApp_pcore","DC1-COR-DRT2","",""
"4","02/01/2025 11:35:45.863 PM","02/01/2025 11:35:45.862 PM","Remote unit state changed from Telemetry Failure to Online.","","Event","S1 MV","","S1 FRTU","","S1 FRTU","S1-RCS-0030","Remote unit","S1-HV,S1-MV,S1-Viewer","S1-RCS-0030","S1-RCS-0030","TSE07S-11 : Cellular TRUE","Trivial","NaN","Unknown","IT","Telemetry Alarm","None","SCADA","core\dnaApp_pcore","DC1-COR-DRT2","",""
"5","02/01/2025 11:33:28.209 PM","02/01/2025 11:33:28.208 PM","Remote unit state changed from Telemetry Failure to Online.","","Event","S1 MV","","S1 FRTU","","S1 FRTU","S1-RCS-0030","Remote unit","S1-HV,S1-MV,S1-Viewer","S1-RCS-0030","S1-RCS-0030","TSE07S-11 : Cellular TRUE","Trivial","NaN","Unknown","IT","Telemetry Alarm","None","SCADA","core\dnaApp_pcore","DC1-COR-DRT2","",""
"6","02/01/2025 11:23:50.379 PM","02/01/2025 11:23:50.378 PM","Remote unit state changed from Telemetry Failure to Online.","","Event","S1 MV","","S1 FRTU","","S1 FRTU","S1-RCS-0509","Remote unit","S1-HV,S1-MV,S1-Viewer","S1-RCS-0509","S1-RCS-0509","CBN04S-07 : Master CBN (Chom Bueng Substation)","Trivial","NaN","Unknown","IT","Telemetry Alarm","None","SCADA","core\dnaApp_pcore","DC1-COR-DRT2","",""
"7","02/01/2025 11:18:24.996 PM","02/01/2025 11:18:24.995 PM","Remote unit state changed from Telemetry Failure to Online.","","Event","S1 MV","","S1 FRTU","","S1 FRTU","S1-RCS-1000","Remote unit","S1-HV,S1-MV,S1-Viewer","S1-RCS-1000","S1-RCS-1000","RBB09S-29 : Master DNA (Damnoen Saduak Substation)","Trivial","NaN","Unknown","IT","Telemetry Alarm","None","SCADA","core\dnaApp_pcore","DC1-COR-DRT2","",""
"8","02/01/2025 11:08:21.089 PM","02/01/2025 11:08:21.087 PM","Remote unit state changed from Telemetry Failure to Online.","","Event","S1 MV","","S1 FRTU","","S1 FRTU","S1-RCS-1000","Remote unit","S1-HV,S1-MV,S1-Viewer","S1-RCS-1000","S1-RCS-1000","RBB09S-29 : Master DNA (Damnoen Saduak Substation)","Trivial","NaN","Unknown","IT","Telemetry Alarm","None","SCADA","core\dnaApp_pcore","DC1-COR-DRT2","",""
"9","02/01/2025 10:27:17.616 PM","02/01/2025 10:27:17.614 PM","Remote unit state changed from Telemetry Failure to Online.","","Event","S1 MV","","S1 FRTU","","S1 FRTU","S1-RCS-0988","Remote unit","S1-HV,S1-MV,S1-Viewer","S1-RCS-0988","S1-RCS-0988","DNA01S-04 : Master DNA (Damnoen Saduak Substation)","Trivial","NaN","Unknown","IT","Telemetry Alarm","None","SCADA","core\dnaApp_pcore","DC1-COR-DRT2","",""
"10","02/01/2025 10:18:46.224 PM","02/01/2025 10:18:46.224 PM","Remote unit state changed from Telemetry Failure to Online.","","Event","S1 MV","","S1 FRTU","","S1 FRTU","S1-RCS-0714","Remote unit","S1-HV,S1-MV,S1-Viewer","S1-RCS-0714","S1-RCS-0714","PNA03S-15 : Master PNA (Pranburi Substation)","Trivial","NaN","Unknown","IT","Telemetry Alarm","None","SCADA","core\dnaApp_pcore","DC1-COR-DRT2","",""
"11","02/01/2025 10:10:51.223 PM","02/01/2025 10:10:51.222 PM","Remote unit state changed from Telemetry Failure to Online.","","Event","S1 MV","","S1 FRTU","","S1 FRTU","S1-RCS-0957","Remote unit","S1-HV,S1-MV,S1-Viewer","S1-RCS-0957","S1-RCS-0957","RNB08S-06 : Master RNB (Ranong 2 Substation)","Trivial","NaN","Unknown","IT","Telemetry Alarm","None","SCADA","core\dnaApp_pcore","DC1-COR-DRT2","",""
"12","02/01/2025 10:01:32.014 PM","02/01/2025 10:01:32.012 PM","Remote unit state changed from Telemetry Failure to Online.","","Event","S1 MV","","S1 FRTU","","S1 FRTU","S1-RCS-3334","Remote unit","S1-HV,S1-MV,S1-Viewer","S1-RCS-3334","S1-RCS-3334","Tha Maka Substation","Trivial","NaN","Unknown","IT","Telemetry Alarm","None","SCADA","core\dnaApp_pcore","DC1-COR-DRT2","",""
"13","02/01/2025 9:30:12.009 PM","02/01/2025 9:30:12.008 PM","Remote unit state changed from Telemetry Failure to Online.","","Event","S1 MV","","S1 FRTU","","S1 FRTU","S1-RCS-1099","Remote unit","S1-HV,S1-MV,S1-Viewer","S1-RCS-1099","S1-RCS-1099","RNA03S-24 : Master SSR (Suk Samran Office)","Trivial","NaN","Unknown","IT","Telemetry Alarm","None","SCADA","core\dnaApp_pcore","DC1-COR-DRT2","",""
"14","02/01/2025 9:05:39.323 PM","02/01/2025 9:05:39.323 PM","Remote unit state changed from Telemetry Failure to Online.","","Event","S1 MV","","S1 FRTU","","S1 FRTU","S1-RCS-0957","Remote unit","S1-HV,S1-MV,S1-Viewer","S1-RCS-0957","S1-RCS-0957","RNB08S-06 : Master RNB (Ranong 2 Substation)","Trivial","NaN","Unknown","IT","Telemetry Alarm","None","SCADA","core\dnaApp_pcore","DC1-COR-DRT2","",""
"15","02/01/2025 8:59:44.079 PM","02/01/2025 8:59:44.076 PM","Remote unit state changed from Telemetry Failure to Online.","","Event","S1 MV","","S1 FRTU","","S1 FRTU","S1-RCS-1099","Remote unit","S1-HV,S1-MV,S1-Viewer","S1-RCS-1099","S1-RCS-1099","RNA03S-24 : Master SSR (Suk Samran Office)","Trivial","NaN","Unknown","IT","Telemetry Alarm","None","SCADA","core\dnaApp_pcore","DC1-COR-DRT2","",""
"16","02/01/2025 8:37:04.316 PM","02/01/2025 8:37:04.314 PM","Remote unit state changed from Telemetry Failure to Online.","","Event","S1 MV","","S1 FRTU","","S1 FRTU","S1-RCS-0090","Remote unit","S1-HV,S1-MV,S1-Viewer","S1-RCS-0090","S1-RCS-0090","XPA02S-06 : Master SPG (Suan Phueng Office)","Trivial","NaN","Unknown","IT","Telemetry Alarm","None","SCADA","core\dnaApp_pcore","DC1-COR-DRT2","",""
"17","02/01/2025 8:01:36.659 PM","02/01/2025 8:01:36.658 PM","Remote unit state changed from Telemetry Failure to Online.","","Event","S1 MV","","S1 FRTU","","S1 FRTU","S1-RCS-0366","Remote unit","S1-HV,S1-MV,S1-Viewer","S1-RCS-0366","S1-RCS-0366","XPA01S-12 : Cellular PP Ontime","Trivial","NaN","Unknown","IT","Telemetry Alarm","None","SCADA","core\dnaApp_pcore","DC1-COR-DRT2","",""
"18","02/01/2025 7:54:46.067 PM","02/01/2025 7:54:46.066 PM","Remote unit state changed from Telemetry Failure to Online.","","Event","S1 MV","","S1 FRTU","","S1 FRTU","S1-RCS-0957","Remote unit","S1-HV,S1-MV,S1-Viewer","S1-RCS-0957","S1-RCS-0957","RNB08S-06 : Master RNB (Ranong 2 Substation)","Trivial","NaN","Unknown","IT","Telemetry Alarm","None","SCADA","core\dnaApp_pcore","DC1-COR-DRT2","",""
"19","02/01/2025 7:13:55.003 PM","02/01/2025 7:13:55.001 PM","Remote unit state changed from Telemetry Failure to Online.","","Event","S1 MV","","S1 FRTU","","S1 FRTU","S1-RCS-1099","Remote unit","S1-HV,S1-MV,S1-Viewer","S1-RCS-1099","S1-RCS-1099","RNA03S-24 : Master SSR (Suk Samran Office)","Trivial","NaN","Unknown","IT","Telemetry Alarm","None","SCADA","core\dnaApp_pcore","DC1-COR-DRT2","",""
"20","02/01/2025 6:50:46.079 PM","02/01/2025 6:50:46.078 PM","Remote unit state changed from Telemetry Failure to Online.","","Event","S1 MV","","S1 FRTU","","S1 FRTU","S1-RCS-0382","Remote unit","S1-HV,S1-MV,S1-Viewer","S1-RCS-0382","S1-RCS-0382","XPA04S-20 : Cellular PP Ontime","Trivial","NaN","Unknown","IT","Telemetry Alarm","None","SCADA","core\dnaApp_pcore","DC1-COR-DRT2","",""
"21","02/01/2025 6:46:41.093 PM","02/01/2025 6:46:41.092 PM","Remote unit state changed from Telemetry Failure to Online.","","Event","S1 MV","","S1 FRTU","","S1 FRTU","S1-RCS-0030","Remote unit","S1-HV,S1-MV,S1-Viewer","S1-RCS-0030","S1-RCS-0030","TSE07S-11 : Cellular TRUE","Trivial","NaN","Unknown","IT","Telemetry Alarm","None","SCADA","core\dnaApp_pcore","DC1-COR-DRT2","",""
"22","02/01/2025 6:45:36.764 PM","02/01/2025 6:45:36.747 PM","Remote unit state changed from Telemetry Failure to Online.","","Event","S1 MV","","S1 FRTU","","S1 FRTU","S1-RCS-0030","Remote unit","S1-HV,S1-MV,S1-Viewer","S1-RCS-0030","S1-RCS-0030","TSE07S-11 : Cellular TRUE","Trivial","NaN","Unknown","IT","Telemetry Alarm","None","SCADA","core\dnaApp_pcore","DC1-COR-DRT2","",""
"23","02/01/2025 6:42:50.534 PM","02/01/2025 6:42:50.533 PM","Remote unit state changed from Telemetry Failure to Online.","","Event","S1 MV","","S1 FRTU","","S1 FRTU","S1-RCS-0030","Remote unit","S1-HV,S1-MV,S1-Viewer","S1-RCS-0030","S1-RCS-0030","TSE07S-11 : Cellular TRUE","Trivial","NaN","Unknown","IT","Telemetry Alarm","None","SCADA","core\dnaApp_pcore","DC1-COR-DRT2","",""
"24","02/01/2025 6:36:02.038 PM","02/01/2025 6:36:02.034 PM","Remote unit state changed from Telemetry Failure to Online.","","Event","S1 MV","","S1 FRTU","","S1 FRTU","S1-RCS-0030","Remote unit","S1-HV,S1-MV,S1-Viewer","S1-RCS-0030","S1-RCS-0030","TSE07S-11 : Cellular TRUE","Trivial","NaN","Unknown","IT","Telemetry Alarm","None","SCADA","core\dnaApp_pcore","DC1-COR-DRT2","",""
"25","02/01/2025 6:16:21.692 PM","02/01/2025 6:16:21.691 PM","Remote unit state changed from Telemetry Failure to Online.","","Event","S1 MV","","S1 FRTU","","S1 FRTU","S1-RCS-0113","Remote unit","S1-HV,S1-MV,S1-Viewer","S1-RCS-0113","S1-RCS-0113","HUB10S-12","Trivial","NaN","Unknown","IT","Telemetry Alarm","None","SCADA","core\dnaApp_pcore","DC1-COR-DRT2","",""
"26","02/01/2025 5:06:26.155 PM","02/01/2025 5:06:26.153 PM","Remote unit state changed from Telemetry Failure to Online.","","Event","S1 MV","","S1 FRTU","","S1 FRTU","S1-RCS-0690","Remote unit","S1-HV,S1-MV,S1-Viewer","S1-RCS-0690","S1-RCS-0690","PBB05S-08 : Master PTH (Pak Tho Substation)","Trivial","NaN","Unknown","IT","Telemetry Alarm","None","SCADA","core\dnaApp_pcore","DC1-COR-DRT2","",""
"27","02/01/2025 5:00:14.585 PM","02/01/2025 5:00:14.584 PM","Remote unit state changed from Telemetry Failure to Online.","","Event","S1 MV","","S1 FRTU","","S1 FRTU","S1-RCS-0927","Remote unit","S1-HV,S1-MV,S1-Viewer","S1-RCS-0927","S1-RCS-0927","TSE01S-04 : Master TSE (Tha Sae Substation)","Trivial","NaN","Unknown","IT","Telemetry Alarm","None","SCADA","core\dnaApp_pcore","DC1-COR-DRT2","",""
"28","02/01/2025 4:27:28.914 PM","02/01/2025 4:27:28.899 PM","Remote unit state changed from Telemetry Failure to Online.","","Event","S1 MV","","S1 FRTU","","S1 FRTU","S1-RCS-0030","Remote unit","S1-HV,S1-MV,S1-Viewer","S1-RCS-0030","S1-RCS-0030","TSE07S-11 : Cellular TRUE","Trivial","NaN","Unknown","IT","Telemetry Alarm","None","SCADA","core\dnaApp_pcore","DC1-COR-DRT2","",""
"29","02/01/2025 4:26:25.575 PM","02/01/2025 4:26:25.566 PM","Remote unit state changed from Telemetry Failure to Online.","","Event","S1 MV","","S1 FRTU","","S1 FRTU","S1-RCS-0030","Remote unit","S1-HV,S1-MV,S1-Viewer","S1-RCS-0030","S1-RCS-0030","TSE07S-11 : Cellular TRUE","Trivial","NaN","Unknown","IT","Telemetry Alarm","None","SCADA","core\dnaApp_pcore","DC1-COR-DRT2","",""
"30","02/01/2025 4:00:16.275 PM","02/01/2025 4:00:16.275 PM","Remote unit state changed from Telemetry Failure to Online.","","Event","S1 MV","","S1 FRTU","","S1 FRTU","S1-RCS-0408","Remote unit","S1-HV,S1-MV,S1-Viewer","S1-RCS-0408","S1-RCS-0408","PTH04S-29 : Cellular TRUE","Trivial","NaN","Unknown","IT","Telemetry Alarm","None","SCADA","core\dnaApp_pcore","DC1-COR-DRT2","",""
"31","02/01/2025 3:24:31.588 PM","02/01/2025 3:24:31.586 PM","Remote unit state changed from Telemetry Failure to Online.","","Event","S1 MV","","S1 FRTU","","S1 FRTU","S1-RCS-0408","Remote unit","S1-HV,S1-MV,S1-Viewer","S1-RCS-0408","S1-RCS-0408","PTH04S-29 : Cellular TRUE","Trivial","NaN","Unknown","IT","Telemetry Alarm","None","SCADA","core\dnaApp_pcore","DC1-COR-DRT2","",""
"32","02/01/2025 2:59:48.465 PM","02/01/2025 2:59:48.465 PM","Remote unit state changed from Telemetry Failure to Online.","","Event","S1 MV","","S1 FRTU","","S1 FRTU","S1-RCS-0350","Remote unit","S1-HV,S1-MV,S1-Viewer","S1-RCS-0350","S1-RCS-0350","PNA10S-09 : Cellular PP Ontime","Trivial","NaN","Unknown","IT","Telemetry Alarm","None","SCADA","core\dnaApp_pcore","DC1-COR-DRT2","",""
"33","02/01/2025 2:56:04.156 PM","02/01/2025 2:56:04.149 PM","Remote unit state changed from Telemetry Failure to Online.","","Event","S1 MV","","S1 FRTU","","S1 FRTU","S1-RCS-0408","Remote unit","S1-HV,S1-MV,S1-Viewer","S1-RCS-0408","S1-RCS-0408","PTH04S-29 : Cellular TRUE","Trivial","NaN","Unknown","IT","Telemetry Alarm","None","SCADA","core\dnaApp_pcore","DC1-COR-DRT2","",""
"34","02/01/2025 2:54:03.335 PM","02/01/2025 2:54:03.334 PM","Remote unit state changed from Telemetry Failure to Online.","","Event","S1 MV","","S1 FRTU","","S1 FRTU","S1-RCS-0090","Remote unit","S1-HV,S1-MV,S1-Viewer","S1-RCS-0090","S1-RCS-0090","XPA02S-06 : Master SPG (Suan Phueng Office)","Trivial","NaN","Unknown","IT","Telemetry Alarm","None","SCADA","core\dnaApp_pcore","DC1-COR-DRT2","",""
"35","02/01/2025 2:39:51.785 PM","02/01/2025 2:39:51.771 PM","Remote unit state changed from Telemetry Failure to Online.","","Event","S1 MV","","S1 FRTU","","S1 FRTU","S1-RCS-0922","Remote unit","S1-HV,S1-MV,S1-Viewer","S1-RCS-0922","S1-RCS-0922","QTA09S-08 : Master KCR (Khao Chaiyarat)","Trivial","NaN","Unknown","IT","Telemetry Alarm","None","SCADA","core\dnaApp_pcore","DC1-COR-DRT2","",""
"36","02/01/2025 2:38:14.706 PM","02/01/2025 2:38:14.693 PM","Remote unit state changed from Telemetry Failure to Online.","","Event","S1 MV","","S1 FRTU","","S1 FRTU","S1-RCS-0408","Remote unit","S1-HV,S1-MV,S1-Viewer","S1-RCS-0408","S1-RCS-0408","PTH04S-29 : Cellular TRUE","Trivial","NaN","Unknown","IT","Telemetry Alarm","None","SCADA","core\dnaApp_pcore","DC1-COR-DRT2","",""
"37","02/01/2025 2:35:18.999 PM","02/01/2025 2:35:18.999 PM","Remote unit state changed from Telemetry Failure to Online.","","Event","S1 MV","","S1 FRTU","","S1 FRTU","S1-RCS-0922","Remote unit","S1-HV,S1-MV,S1-Viewer","S1-RCS-0922","S1-RCS-0922","QTA09S-08 : Master KCR (Khao Chaiyarat)","Trivial","NaN","Unknown","IT","Telemetry Alarm","None","SCADA","core\dnaApp_pcore","DC1-COR-DRT2","",""
"38","02/01/2025 2:32:20.428 PM","02/01/2025 2:32:20.426 PM","Remote unit state changed from Telemetry Failure to Online.","","Event","S1 MV","","S1 FRTU","","S1 FRTU","S1-RCS-0408","Remote unit","S1-HV,S1-MV,S1-Viewer","S1-RCS-0408","S1-RCS-0408","PTH04S-29 : Cellular TRUE","Trivial","NaN","Unknown","IT","Telemetry Alarm","None","SCADA","core\dnaApp_pcore","DC1-COR-DRT2","",""
"39","02/01/2025 2:31:04.573 PM","02/01/2025 2:31:04.572 PM","Remote unit state changed from Telemetry Failure to Online.","","Event","S1 MV","","S1 FRTU","","S1 FRTU","S1-RCS-0408","Remote unit","S1-HV,S1-MV,S1-Viewer","S1-RCS-0408","S1-RCS-0408","PTH04S-29 : Cellular TRUE","Trivial","NaN","Unknown","IT","Telemetry Alarm","None","SCADA","core\dnaApp_pcore","DC1-COR-DRT2","",""
"40","02/01/2025 2:30:02.394 PM","02/01/2025 2:30:02.393 PM","Remote unit state changed from Telemetry Failure to Online.","","Event","S1 MV","","S1 FRTU","","S1 FRTU","S1-RCS-0420","Remote unit","S1-HV,S1-MV,S1-Viewer","S1-RCS-0420","S1-RCS-0420","RBC03S-06 : Cellular TRUE","Trivial","NaN","Unknown","IT","Telemetry Alarm","None","SCADA","core\dnaApp_pcore","DC1-COR-DRT2","",""
"41","02/01/2025 2:24:55.376 PM","02/01/2025 2:24:55.375 PM","Remote unit state changed from Telemetry Failure to Online.","","Event","S1 MV","","S1 FRTU","","S1 FRTU","S1-RCS-0922","Remote unit","S1-HV,S1-MV,S1-Viewer","S1-RCS-0922","S1-RCS-0922","QTA09S-08 : Master KCR (Khao Chaiyarat)","Trivial","NaN","Unknown","IT","Telemetry Alarm","None","SCADA","core\dnaApp_pcore","DC1-COR-DRT2","",""
"42","02/01/2025 2:24:27.813 PM","02/01/2025 2:24:27.811 PM","Remote unit state changed from Telemetry Failure to Online.","","Event","S1 MV","","S1 FRTU","","S1 FRTU","S1-RCS-1009","Remote unit","S1-HV,S1-MV,S1-Viewer","S1-RCS-1009","S1-RCS-1009","DNA04S-20 : Master DNA (Damnoen Saduak Substation)","Trivial","NaN","Unknown","IT","Telemetry Alarm","None","SCADA","core\dnaApp_pcore","DC1-COR-DRT2","",""
"43","02/01/2025 2:03:20.392 PM","02/01/2025 2:03:20.378 PM","Remote unit state changed from Telemetry Failure to Online.","","Event","S1 MV","","S1 FRTU","","S1 FRTU","S1-RCS-0927","Remote unit","S1-HV,S1-MV,S1-Viewer","S1-RCS-0927","S1-RCS-0927","TSE01S-04 : Master TSE (Tha Sae Substation)","Trivial","NaN","Unknown","IT","Telemetry Alarm","None","SCADA","core\dnaApp_pcore","DC1-COR-DRT2","",""
"44","02/01/2025 2:01:33.032 PM","02/01/2025 2:01:31.200 PM","Remote unit state changed from Telemetry Failure to Online.","","Event","S1 MV","","S1 FRTU","","S1 FRTU","S1-RCS-0922","Remote unit","S1-HV,S1-MV,S1-Viewer","S1-RCS-0922","S1-RCS-0922","QTA09S-08 : Master KCR (Khao Chaiyarat)","Trivial","NaN","Unknown","IT","Telemetry Alarm","None","SCADA","core\dnaApp_pcore","DC1-COR-DRT2","",""
"45","02/01/2025 1:58:30.432 PM","02/01/2025 1:58:30.431 PM","Remote unit state changed from Telemetry Failure to Online.","","Event","S1 MV","","S1 FRTU","","S1 FRTU","S1-RCS-0408","Remote unit","S1-HV,S1-MV,S1-Viewer","S1-RCS-0408","S1-RCS-0408","PTH04S-29 : Cellular TRUE","Trivial","NaN","Unknown","IT","Telemetry Alarm","None","SCADA","core\dnaApp_pcore","DC1-COR-DRT2","",""
"46","02/01/2025 1:56:01.140 PM","02/01/2025 1:56:01.138 PM","Remote unit state changed from Telemetry Failure to Online.","","Event","S1 MV","","S1 FRTU","","S1 FRTU","S1-RCS-0922","Remote unit","S1-HV,S1-MV,S1-Viewer","S1-RCS-0922","S1-RCS-0922","QTA09S-08 : Master KCR (Khao Chaiyarat)","Trivial","NaN","Unknown","IT","Telemetry Alarm","None","SCADA","core\dnaApp_pcore","DC1-COR-DRT2","",""
"47","02/01/2025 1:44:13.133 PM","02/01/2025 1:44:13.125 PM","Remote unit state changed from Telemetry Failure to Online.","","Event","S1 MV","","S1 FRTU","","S1 FRTU","S1-RCS-0350","Remote unit","S1-HV,S1-MV,S1-Viewer","S1-RCS-0350","S1-RCS-0350","PNA10S-09 : Cellular PP Ontime","Trivial","NaN","Unknown","IT","Telemetry Alarm","None","SCADA","core\dnaApp_pcore","DC1-COR-DRT2","",""
"48","02/01/2025 1:43:34.309 PM","02/01/2025 1:43:34.298 PM","Remote unit state changed from Telemetry Failure to Online.","","Event","S1 MV","","S1 FRTU","","S1 FRTU","S1-RCS-0090","Remote unit","S1-HV,S1-MV,S1-Viewer","S1-RCS-0090","S1-RCS-0090","XPA02S-06 : Master SPG (Suan Phueng Office)","Trivial","NaN","Unknown","IT","Telemetry Alarm","None","SCADA","core\dnaApp_pcore","DC1-COR-DRT2","",""
"49","02/01/2025 1:37:35.006 PM","02/01/2025 1:37:35.006 PM","Remote unit state changed from Telemetry Failure to Online.","","Event","S1 MV","","S1 FRTU","","S1 FRTU","S1-RCS-0350","Remote unit","S1-HV,S1-MV,S1-Viewer","S1-RCS-0350","S1-RCS-0350","PNA10S-09 : Cellular PP Ontime","Trivial","NaN","Unknown","IT","Telemetry Alarm","None","SCADA","core\dnaApp_pcore","DC1-COR-DRT2","",""
"50","02/01/2025 1:33:42.172 PM","02/01/2025 1:33:42.171 PM","Remote unit state changed from Telemetry Failure to Online.","","Event","S1 MV","","S1 FRTU","","S1 FRTU","S1-RCS-0922","Remote unit","S1-HV,S1-MV,S1-Viewer","S1-RCS-0922","S1-RCS-0922","QTA09S-08 : Master KCR (Khao Chaiyarat)","Trivial","NaN","Unknown","IT","Telemetry Alarm","None","SCADA","core\dnaApp_pcore","DC1-COR-DRT2","",""
"51","02/01/2025 1:08:28.193 PM","02/01/2025 1:08:28.191 PM","Remote unit state changed from Telemetry Failure to Online.","","Event","S1 MV","","S1 FRTU","","S1 FRTU","S1-RCS-0350","Remote unit","S1-HV,S1-MV,S1-Viewer","S1-RCS-0350","S1-RCS-0350","PNA10S-09 : Cellular PP Ontime","Trivial","NaN","Unknown","IT","Telemetry Alarm","None","SCADA","core\dnaApp_pcore","DC1-COR-DRT2","",""
"52","02/01/2025 1:04:49.748 PM","02/01/2025 1:04:49.747 PM","Remote unit state changed from Telemetry Failure to Online.","","Event","S1 MV","","S1 FRTU","","S1 FRTU","S1-RCS-0350","Remote unit","S1-HV,S1-MV,S1-Viewer","S1-RCS-0350","S1-RCS-0350","PNA10S-09 : Cellular PP Ontime","Trivial","NaN","Unknown","IT","Telemetry Alarm","None","SCADA","core\dnaApp_pcore","DC1-COR-DRT2","",""
"53","02/01/2025 12:44:40.391 PM","02/01/2025 12:44:40.390 PM","Remote unit state changed from Telemetry Failure to Online.","","Event","S1 MV","","S1 FRTU","","S1 FRTU","S1-RCS-0420","Remote unit","S1-HV,S1-MV,S1-Viewer","S1-RCS-0420","S1-RCS-0420","RBC03S-06 : Cellular TRUE","Trivial","NaN","Unknown","IT","Telemetry Alarm","None","SCADA","core\dnaApp_pcore","DC1-COR-DRT2","",""
"54","02/01/2025 12:38:08.351 PM","02/01/2025 12:38:08.350 PM","Remote unit state changed from Telemetry Failure to Online.","","Event","S1 MV","","S1 FRTU","","S1 FRTU","S1-RCS-0879","Remote unit","S1-HV,S1-MV,S1-Viewer","S1-RCS-0879","S1-RCS-0879","KDA02S-18 : Master TM (Tha Mai Ruak Office)","Trivial","NaN","Unknown","IT","Telemetry Alarm","None","SCADA","core\dnaApp_pcore","DC1-COR-DRT2","",""
"55","02/01/2025 12:37:51.101 PM","02/01/2025 12:37:51.100 PM","Remote unit state changed from Telemetry Failure to Online.","","Event","S1 MV","","S1 FRTU","","S1 FRTU","S1-RCS-0408","Remote unit","S1-HV,S1-MV,S1-Viewer","S1-RCS-0408","S1-RCS-0408","PTH04S-29 : Cellular TRUE","Trivial","NaN","Unknown","IT","Telemetry Alarm","None","SCADA","core\dnaApp_pcore","DC1-COR-DRT2","",""
"56","02/01/2025 12:36:25.447 PM","02/01/2025 12:36:25.446 PM","Remote unit state changed from Telemetry Failure to Online.","","Event","S1 MV","","S1 FRTU","","S1 FRTU","S1-RCS-0772","Remote unit","S1-HV,S1-MV,S1-Viewer","S1-RCS-0772","S1-RCS-0772","CPA10S-30 : Master SAV (Sawi Office)","Trivial","NaN","Unknown","IT","Telemetry Alarm","None","SCADA","core\dnaApp_pcore","DC1-COR-DRT2","",""
"57","02/01/2025 12:34:52.802 PM","02/01/2025 12:34:52.800 PM","Remote unit state changed from Telemetry Failure to Online.","","Event","S1 MV","","S1 FRTU","","S1 FRTU","S1-RCS-0772","Remote unit","S1-HV,S1-MV,S1-Viewer","S1-RCS-0772","S1-RCS-0772","CPA10S-30 : Master SAV (Sawi Office)","Trivial","NaN","Unknown","IT","Telemetry Alarm","None","SCADA","core\dnaApp_pcore","DC1-COR-DRT2","",""
"58","02/01/2025 12:32:33.066 PM","02/01/2025 12:32:33.065 PM","Remote unit state changed from Telemetry Failure to Online.","","Event","S1 MV","","S1 FRTU","","S1 FRTU","S1-RCS-0408","Remote unit","S1-HV,S1-MV,S1-Viewer","S1-RCS-0408","S1-RCS-0408","PTH04S-29 : Cellular TRUE","Trivial","NaN","Unknown","IT","Telemetry Alarm","None","SCADA","core\dnaApp_pcore","DC1-COR-DRT2","",""
"59","02/01/2025 12:25:09.481 PM","02/01/2025 12:25:09.481 PM","Remote unit state changed from Telemetry Failure to Online.","","Event","S1 MV","","S1 FRTU","","S1 FRTU","S1-RCS-0402","Remote unit","S1-HV,S1-MV,S1-Viewer","S1-RCS-0402","S1-RCS-0402","SSA10S-22 : Cellular TRUE","Trivial","NaN","Unknown","IT","Telemetry Alarm","None","SCADA","core\dnaApp_pcore","DC1-COR-DRT2","",""
"60","02/01/2025 12:20:40.613 PM","02/01/2025 12:20:40.604 PM","Remote unit state changed from Telemetry Failure to Online.","","Event","S1 MV","","S1 FRTU","","S1 FRTU","S1-RCS-1098","Remote unit","S1-HV,S1-MV,S1-Viewer","S1-RCS-1098","S1-RCS-1098","RNB04S-20 : Master LAU (La-un Office)","Trivial","NaN","Unknown","IT","Telemetry Alarm","None","SCADA","core\dnaApp_pcore","DC1-COR-DRT2","",""
"61","02/01/2025 12:09:37.764 PM","02/01/2025 12:09:37.763 PM","Remote unit state changed from Telemetry Failure to Online.","","Event","S1 MV","","S1 FRTU","","S1 FRTU","S1-RCS-0922","Remote unit","S1-HV,S1-MV,S1-Viewer","S1-RCS-0922","S1-RCS-0922","QTA09S-08 : Master KCR (Khao Chaiyarat)","Trivial","NaN","Unknown","IT","Telemetry Alarm","None","SCADA","core\dnaApp_pcore","DC1-COR-DRT2","",""
"62","02/01/2025 11:56:02.251 AM","02/01/2025 11:56:02.250 AM","Remote unit state changed from Telemetry Failure to Online.","","Event","S1 MV","","S1 FRTU","","S1 FRTU","S1-RCS-0584","Remote unit","S1-HV,S1-MV,S1-Viewer","S1-RCS-0584","S1-RCS-0584","XPA05S-09 : Master SPG (Suan Phueng Office)","Trivial","NaN","Unknown","IT","Telemetry Alarm","None","SCADA","core\dnaApp_pcore","DC1-COR-DRT2","",""
"63","02/01/2025 11:44:06.464 AM","02/01/2025 11:44:06.462 AM","Remote unit state changed from Telemetry Failure to Online.","","Event","S1 MV","","S1 FRTU","","S1 FRTU","S1-RCS-0420","Remote unit","S1-HV,S1-MV,S1-Viewer","S1-RCS-0420","S1-RCS-0420","RBC03S-06 : Cellular TRUE","Trivial","NaN","Unknown","IT","Telemetry Alarm","None","SCADA","core\dnaApp_pcore","DC1-COR-DRT2","",""
"64","02/01/2025 11:29:42.634 AM","02/01/2025 11:29:42.632 AM","Remote unit state changed from Telemetry Failure to Online.","","Event","S1 MV","","S1 FRTU","","S1 FRTU","S1-RCS-3300","Remote unit","S1-HV,S1-MV,S1-Viewer","S1-RCS-3300","S1-RCS-3300","Ban Pong 2 Substation","Trivial","NaN","Unknown","IT","Telemetry Alarm","None","SCADA","core\dnaApp_pcore","DC1-COR-DRT2","",""
"65","02/01/2025 11:26:57.281 AM","02/01/2025 11:26:57.279 AM","Remote unit state changed from Telemetry Failure to Online.","","Event","S1 MV","","S1 FRTU","","S1 FRTU","S1-RCS-0401","Remote unit","S1-HV,S1-MV,S1-Viewer","S1-RCS-0401","S1-RCS-0401","SSA05S-05 : Cellular TRUE","Trivial","NaN","Unknown","IT","Telemetry Alarm","None","SCADA","core\dnaApp_pcore","DC1-COR-DRT2","",""
"66","02/01/2025 11:14:08.788 AM","02/01/2025 11:14:08.787 AM","Remote unit state changed from Telemetry Failure to Online.","","Event","S1 MV","","S1 FRTU","","S1 FRTU","S1-RCS-0772","Remote unit","S1-HV,S1-MV,S1-Viewer","S1-RCS-0772","S1-RCS-0772","CPA10S-30 : Master SAV (Sawi Office)","Trivial","NaN","Unknown","IT","Telemetry Alarm","None","SCADA","core\dnaApp_pcore","DC1-COR-DRT2","",""
"67","02/01/2025 11:13:14.804 AM","02/01/2025 11:13:14.780 AM","Remote unit state changed from Telemetry Failure to Online.","","Event","S1 MV","","S1 FRTU","","S1 FRTU","S1-RCS-0420","Remote unit","S1-HV,S1-MV,S1-Viewer","S1-RCS-0420","S1-RCS-0420","RBC03S-06 : Cellular TRUE","Trivial","NaN","Unknown","IT","Telemetry Alarm","None","SCADA","core\dnaApp_pcore","DC1-COR-DRT2","",""
"68","02/01/2025 11:04:28.981 AM","02/01/2025 11:04:28.979 AM","Remote unit state changed from Telemetry Failure to Online.","","Event","S1 MV","","S1 FRTU","","S1 FRTU","S1-RCS-0408","Remote unit","S1-HV,S1-MV,S1-Viewer","S1-RCS-0408","S1-RCS-0408","PTH04S-29 : Cellular TRUE","Trivial","NaN","Unknown","IT","Telemetry Alarm","None","SCADA","core\dnaApp_pcore","DC1-COR-DRT2","",""
"69","02/01/2025 10:57:44.959 AM","02/01/2025 10:57:44.958 AM","Remote unit state changed from Telemetry Failure to Online.","","Event","S1 MV","","S1 FRTU","","S1 FRTU","S1-RCS-0957","Remote unit","S1-HV,S1-MV,S1-Viewer","S1-RCS-0957","S1-RCS-0957","RNB08S-06 : Master RNB (Ranong 2 Substation)","Trivial","NaN","Unknown","IT","Telemetry Alarm","None","SCADA","core\dnaApp_pcore","DC1-COR-DRT2","",""
"70","02/01/2025 9:17:19.157 AM","02/01/2025 9:17:19.157 AM","Remote unit state changed from Telemetry Failure to Online.","","Event","S1 MV","","S1 FRTU","","S1 FRTU","S1-RCS-0408","Remote unit","S1-HV,S1-MV,S1-Viewer","S1-RCS-0408","S1-RCS-0408","PTH04S-29 : Cellular TRUE","Trivial","NaN","Unknown","IT","Telemetry Alarm","None","SCADA","core\dnaApp_pcore","DC1-COR-DRT2","",""
"71","02/01/2025 8:27:52.577 AM","02/01/2025 8:27:52.576 AM","Remote unit state changed from Telemetry Failure to Online.","","Event","S1 MV","","S1 FRTU","","S1 FRTU","S1-RCS-0830","Remote unit","S1-HV,S1-MV,S1-Viewer","S1-RCS-0830","S1-RCS-0830","RBB08S-18 : Master RBB (Ratchaburi 2 Substation)","Trivial","NaN","Unknown","IT","Telemetry Alarm","None","SCADA","core\dnaApp_pcore","DC1-COR-DRT2","",""
"72","02/01/2025 8:10:20.756 AM","02/01/2025 8:10:20.755 AM","Remote unit state changed from Telemetry Failure to Online.","","Event","S1 MV","","S1 FRTU","","S1 FRTU","S1-RCS-0830","Remote unit","S1-HV,S1-MV,S1-Viewer","S1-RCS-0830","S1-RCS-0830","RBB08S-18 : Master RBB (Ratchaburi 2 Substation)","Trivial","NaN","Unknown","IT","Telemetry Alarm","None","SCADA","core\dnaApp_pcore","DC1-COR-DRT2","",""
"73","02/01/2025 7:32:06.863 AM","02/01/2025 7:32:06.861 AM","Remote unit state changed from Telemetry Failure to Online.","","Event","S1 MV","","S1 FRTU","","S1 FRTU","S1-RCS-0927","Remote unit","S1-HV,S1-MV,S1-Viewer","S1-RCS-0927","S1-RCS-0927","TSE01S-04 : Master TSE (Tha Sae Substation)","Trivial","NaN","Unknown","IT","Telemetry Alarm","None","SCADA","core\dnaApp_pcore","DC1-COR-DRT2","",""
"74","02/01/2025 7:26:09.393 AM","02/01/2025 7:26:09.378 AM","Remote unit state changed from Telemetry Failure to Online.","","Event","S1 MV","","S1 FRTU","","S1 FRTU","S1-RCS-0830","Remote unit","S1-HV,S1-MV,S1-Viewer","S1-RCS-0830","S1-RCS-0830","RBB08S-18 : Master RBB (Ratchaburi 2 Substation)","Trivial","NaN","Unknown","IT","Telemetry Alarm","None","SCADA","core\dnaApp_pcore","DC1-COR-DRT2","",""
"75","02/01/2025 7:22:37.278 AM","02/01/2025 7:22:37.277 AM","Remote unit state changed from Telemetry Failure to Online.","","Event","S1 MV","","S1 FRTU","","S1 FRTU","S1-RCS-0384","Remote unit","S1-HV,S1-MV,S1-Viewer","S1-RCS-0384","S1-RCS-0384","PTH04S-27 : Cellular PP Ontime","Trivial","NaN","Unknown","IT","Telemetry Alarm","None","SCADA","core\dnaApp_pcore","DC1-COR-DRT2","",""
"76","02/01/2025 6:53:13.176 AM","02/01/2025 6:53:13.161 AM","Remote unit state changed from Telemetry Failure to Online.","","Event","S1 MV","","S1 FRTU","","S1 FRTU","S1-RCS-0986","Remote unit","S1-HV,S1-MV,S1-Viewer","S1-RCS-0986","S1-RCS-0986","DNA04S-05 : Master DNA (Damnoen Saduak Substation)","Trivial","NaN","Unknown","IT","Telemetry Alarm","None","SCADA","core\dnaApp_pcore","DC1-COR-DRT2","",""
"77","02/01/2025 6:32:46.557 AM","02/01/2025 6:32:46.546 AM","Remote unit state changed from Telemetry Failure to Online.","","Event","S1 MV","","S1 FRTU","","S1 FRTU","S1-RCS-0830","Remote unit","S1-HV,S1-MV,S1-Viewer","S1-RCS-0830","S1-RCS-0830","RBB08S-18 : Master RBB (Ratchaburi 2 Substation)","Trivial","NaN","Unknown","IT","Telemetry Alarm","None","SCADA","core\dnaApp_pcore","DC1-COR-DRT2","",""
"78","02/01/2025 6:16:50.684 AM","02/01/2025 6:16:50.682 AM","Remote unit state changed from Telemetry Failure to Online.","","Event","S1 MV","","S1 FRTU","","S1 FRTU","S1-RCS-0830","Remote unit","S1-HV,S1-MV,S1-Viewer","S1-RCS-0830","S1-RCS-0830","RBB08S-18 : Master RBB (Ratchaburi 2 Substation)","Trivial","NaN","Unknown","IT","Telemetry Alarm","None","SCADA","core\dnaApp_pcore","DC1-COR-DRT2","",""
"79","02/01/2025 5:59:18.664 AM","02/01/2025 5:59:18.662 AM","Remote unit state changed from Telemetry Failure to Online.","","Event","S1 MV","","S1 FRTU","","S1 FRTU","S1-RCS-0830","Remote unit","S1-HV,S1-MV,S1-Viewer","S1-RCS-0830","S1-RCS-0830","RBB08S-18 : Master RBB (Ratchaburi 2 Substation)","Trivial","NaN","Unknown","IT","Telemetry Alarm","None","SCADA","core\dnaApp_pcore","DC1-COR-DRT2","",""
"80","02/01/2025 5:25:03.800 AM","02/01/2025 5:25:03.799 AM","Remote unit state changed from Telemetry Failure to Online.","","Event","S1 MV","","S1 FRTU","","S1 FRTU","S1-RCS-0830","Remote unit","S1-HV,S1-MV,S1-Viewer","S1-RCS-0830","S1-RCS-0830","RBB08S-18 : Master RBB (Ratchaburi 2 Substation)","Trivial","NaN","Unknown","IT","Telemetry Alarm","None","SCADA","core\dnaApp_pcore","DC1-COR-DRT2","",""
"81","02/01/2025 5:08:19.498 AM","02/01/2025 5:08:19.497 AM","Remote unit state changed from Telemetry Failure to Online.","","Event","S1 MV","","S1 FRTU","","S1 FRTU","S1-RCS-1056","Remote unit","S1-HV,S1-MV,S1-Viewer","S1-RCS-1056","S1-RCS-1056","DNA07S-16 : Master DNA (Damnoen Saduak Substation)","Trivial","NaN","Unknown","IT","Telemetry Alarm","None","SCADA","core\dnaApp_pcore","DC1-COR-DRT2","",""
"82","02/01/2025 5:07:34.601 AM","02/01/2025 5:07:34.600 AM","Remote unit state changed from Telemetry Failure to Online.","","Event","S1 MV","","S1 FRTU","","S1 FRTU","S1-RCS-0030","Remote unit","S1-HV,S1-MV,S1-Viewer","S1-RCS-0030","S1-RCS-0030","TSE07S-11 : Cellular TRUE","Trivial","NaN","Unknown","IT","Telemetry Alarm","None","SCADA","core\dnaApp_pcore","DC1-COR-DRT2","",""
"83","02/01/2025 5:03:08.058 AM","02/01/2025 5:03:08.043 AM","Remote unit state changed from Telemetry Failure to Online.","","Event","S1 MV","","S1 FRTU","","S1 FRTU","S1-RCS-0402","Remote unit","S1-HV,S1-MV,S1-Viewer","S1-RCS-0402","S1-RCS-0402","SSA10S-22 : Cellular TRUE","Trivial","NaN","Unknown","IT","Telemetry Alarm","None","SCADA","core\dnaApp_pcore","DC1-COR-DRT2","",""
"84","02/01/2025 5:00:58.951 AM","02/01/2025 5:00:58.942 AM","Remote unit state changed from Telemetry Failure to Online.","","Event","S1 MV","","S1 FRTU","","S1 FRTU","S1-RCS-0986","Remote unit","S1-HV,S1-MV,S1-Viewer","S1-RCS-0986","S1-RCS-0986","DNA04S-05 : Master DNA (Damnoen Saduak Substation)","Trivial","NaN","Unknown","IT","Telemetry Alarm","None","SCADA","core\dnaApp_pcore","DC1-COR-DRT2","",""
"85","02/01/2025 4:41:36.655 AM","02/01/2025 4:41:36.653 AM","Remote unit state changed from Telemetry Failure to Online.","","Event","S1 MV","","S1 FRTU","","S1 FRTU","S1-RCS-0401","Remote unit","S1-HV,S1-MV,S1-Viewer","S1-RCS-0401","S1-RCS-0401","SSA05S-05 : Cellular TRUE","Trivial","NaN","Unknown","IT","Telemetry Alarm","None","SCADA","core\dnaApp_pcore","DC1-COR-DRT2","",""
"86","02/01/2025 4:33:48.632 AM","02/01/2025 4:33:48.631 AM","Remote unit state changed from Telemetry Failure to Online.","","Event","S1 MV","","S1 FRTU","","S1 FRTU","S1-RCS-0879","Remote unit","S1-HV,S1-MV,S1-Viewer","S1-RCS-0879","S1-RCS-0879","KDA02S-18 : Master TM (Tha Mai Ruak Office)","Trivial","NaN","Unknown","IT","Telemetry Alarm","None","SCADA","core\dnaApp_pcore","DC1-COR-DRT2","",""
"87","02/01/2025 4:25:53.016 AM","02/01/2025 4:25:53.015 AM","Remote unit state changed from Telemetry Failure to Online.","","Event","S1 MV","","S1 FRTU","","S1 FRTU","S1-RCS-0927","Remote unit","S1-HV,S1-MV,S1-Viewer","S1-RCS-0927","S1-RCS-0927","TSE01S-04 : Master TSE (Tha Sae Substation)","Trivial","NaN","Unknown","IT","Telemetry Alarm","None","SCADA","core\dnaApp_pcore","DC1-COR-DRT2","",""
"88","02/01/2025 4:14:09.978 AM","02/01/2025 4:14:09.977 AM","Remote unit state changed from Telemetry Failure to Online.","","Event","S1 MV","","S1 FRTU","","S1 FRTU","S1-RCS-0402","Remote unit","S1-HV,S1-MV,S1-Viewer","S1-RCS-0402","S1-RCS-0402","SSA10S-22 : Cellular TRUE","Trivial","NaN","Unknown","IT","Telemetry Alarm","None","SCADA","core\dnaApp_pcore","DC1-COR-DRT2","",""
"89","02/01/2025 3:39:52.452 AM","02/01/2025 3:39:52.451 AM","Remote unit state changed from Telemetry Failure to Online.","","Event","S1 MV","","S1 FRTU","","S1 FRTU","S1-RCS-0030","Remote unit","S1-HV,S1-MV,S1-Viewer","S1-RCS-0030","S1-RCS-0030","TSE07S-11 : Cellular TRUE","Trivial","NaN","Unknown","IT","Telemetry Alarm","None","SCADA","core\dnaApp_pcore","DC1-COR-DRT2","",""
"90","02/01/2025 3:38:49.188 AM","02/01/2025 3:38:49.187 AM","Remote unit state changed from Telemetry Failure to Online.","","Event","S1 MV","","S1 FRTU","","S1 FRTU","S1-RCS-0030","Remote unit","S1-HV,S1-MV,S1-Viewer","S1-RCS-0030","S1-RCS-0030","TSE07S-11 : Cellular TRUE","Trivial","NaN","Unknown","IT","Telemetry Alarm","None","SCADA","core\dnaApp_pcore","DC1-COR-DRT2","",""
"91","02/01/2025 3:11:29.364 AM","02/01/2025 3:11:29.363 AM","Remote unit state changed from Telemetry Failure to Online.","","Event","S1 MV","","S1 FRTU","","S1 FRTU","S1-RCS-0030","Remote unit","S1-HV,S1-MV,S1-Viewer","S1-RCS-0030","S1-RCS-0030","TSE07S-11 : Cellular TRUE","Trivial","NaN","Unknown","IT","Telemetry Alarm","None","SCADA","core\dnaApp_pcore","DC1-COR-DRT2","",""
"92","02/01/2025 3:10:27.129 AM","02/01/2025 3:10:27.128 AM","Remote unit state changed from Telemetry Failure to Online.","","Event","S1 MV","","S1 FRTU","","S1 FRTU","S1-RCS-0030","Remote unit","S1-HV,S1-MV,S1-Viewer","S1-RCS-0030","S1-RCS-0030","TSE07S-11 : Cellular TRUE","Trivial","NaN","Unknown","IT","Telemetry Alarm","None","SCADA","core\dnaApp_pcore","DC1-COR-DRT2","",""
"93","02/01/2025 3:09:08.703 AM","02/01/2025 3:09:08.702 AM","Remote unit state changed from Telemetry Failure to Online.","","Event","S1 MV","","S1 FRTU","","S1 FRTU","S1-RCS-0927","Remote unit","S1-HV,S1-MV,S1-Viewer","S1-RCS-0927","S1-RCS-0927","TSE01S-04 : Master TSE (Tha Sae Substation)","Trivial","NaN","Unknown","IT","Telemetry Alarm","None","SCADA","core\dnaApp_pcore","DC1-COR-DRT2","",""
"94","02/01/2025 3:06:39.520 AM","02/01/2025 3:06:39.519 AM","Remote unit state changed from Telemetry Failure to Online.","","Event","S1 MV","","S1 FRTU","","S1 FRTU","S1-RCS-0030","Remote unit","S1-HV,S1-MV,S1-Viewer","S1-RCS-0030","S1-RCS-0030","TSE07S-11 : Cellular TRUE","Trivial","NaN","Unknown","IT","Telemetry Alarm","None","SCADA","core\dnaApp_pcore","DC1-COR-DRT2","",""
"95","02/01/2025 3:05:36.189 AM","02/01/2025 3:05:36.187 AM","Remote unit state changed from Telemetry Failure to Online.","","Event","S1 MV","","S1 FRTU","","S1 FRTU","S1-RCS-0030","Remote unit","S1-HV,S1-MV,S1-Viewer","S1-RCS-0030","S1-RCS-0030","TSE07S-11 : Cellular TRUE","Trivial","NaN","Unknown","IT","Telemetry Alarm","None","SCADA","core\dnaApp_pcore","DC1-COR-DRT2","",""
"96","02/01/2025 3:05:05.529 AM","02/01/2025 3:05:05.525 AM","Remote unit state changed from Telemetry Failure to Online.","","Event","S1 MV","","S1 FRTU","","S1 FRTU","S1-RCS-1056","Remote unit","S1-HV,S1-MV,S1-Viewer","S1-RCS-1056","S1-RCS-1056","DNA07S-16 : Master DNA (Damnoen Saduak Substation)","Trivial","NaN","Unknown","IT","Telemetry Alarm","None","SCADA","core\dnaApp_pcore","DC1-COR-DRT2","",""
"97","02/01/2025 3:04:32.996 AM","02/01/2025 3:04:32.994 AM","Remote unit state changed from Telemetry Failure to Online.","","Event","S1 MV","","S1 FRTU","","S1 FRTU","S1-RCS-0030","Remote unit","S1-HV,S1-MV,S1-Viewer","S1-RCS-0030","S1-RCS-0030","TSE07S-11 : Cellular TRUE","Trivial","NaN","Unknown","IT","Telemetry Alarm","None","SCADA","core\dnaApp_pcore","DC1-COR-DRT2","",""
"98","02/01/2025 3:03:30.684 AM","02/01/2025 3:03:30.680 AM","Remote unit state changed from Telemetry Failure to Online.","","Event","S1 MV","","S1 FRTU","","S1 FRTU","S1-RCS-0030","Remote unit","S1-HV,S1-MV,S1-Viewer","S1-RCS-0030","S1-RCS-0030","TSE07S-11 : Cellular TRUE","Trivial","NaN","Unknown","IT","Telemetry Alarm","None","SCADA","core\dnaApp_pcore","DC1-COR-DRT2","",""
"99","02/01/2025 3:02:26.577 AM","02/01/2025 3:02:26.565 AM","Remote unit state changed from Telemetry Failure to Online.","","Event","S1 MV","","S1 FRTU","","S1 FRTU","S1-RCS-0030","Remote unit","S1-HV,S1-MV,S1-Viewer","S1-RCS-0030","S1-RCS-0030","TSE07S-11 : Cellular TRUE","Trivial","NaN","Unknown","IT","Telemetry Alarm","None","SCADA","core\dnaApp_pcore","DC1-COR-DRT2","",""
"100","02/01/2025 3:01:26.644 AM","02/01/2025 3:01:26.643 AM","Remote unit state changed from Telemetry Failure to Online.","","Event","S1 MV","","S1 FRTU","","S1 FRTU","S1-RCS-0030","Remote unit","S1-HV,S1-MV,S1-Viewer","S1-RCS-0030","S1-RCS-0030","TSE07S-11 : Cellular TRUE","Trivial","NaN","Unknown","IT","Telemetry Alarm","None","SCADA","core\dnaApp_pcore","DC1-COR-DRT2","",""
"101","02/01/2025 3:00:56.971 AM","02/01/2025 3:00:56.970 AM","Remote unit state changed from Telemetry Failure to Online.","","Event","S1 MV","","S1 FRTU","","S1 FRTU","S1-RCS-1030","Remote unit","S1-HV,S1-MV,S1-Viewer","S1-RCS-1030","S1-RCS-1030","BSP07S-07 : Master BSP (Bang Saphan 1 Substation)","Trivial","NaN","Unknown","IT","Telemetry Alarm","None","SCADA","core\dnaApp_pcore","DC1-COR-DRT2","",""
"102","02/01/2025 2:59:21.198 AM","02/01/2025 2:59:21.197 AM","Remote unit state changed from Telemetry Failure to Online.","","Event","S1 MV","","S1 FRTU","","S1 FRTU","S1-RCS-0030","Remote unit","S1-HV,S1-MV,S1-Viewer","S1-RCS-0030","S1-RCS-0030","TSE07S-11 : Cellular TRUE","Trivial","NaN","Unknown","IT","Telemetry Alarm","None","SCADA","core\dnaApp_pcore","DC1-COR-DRT2","",""
"103","02/01/2025 2:28:16.144 AM","02/01/2025 2:28:16.143 AM","Remote unit state changed from Telemetry Failure to Online.","","Event","S1 MV","","S1 FRTU","","S1 FRTU","S1-RCS-0830","Remote unit","S1-HV,S1-MV,S1-Viewer","S1-RCS-0830","S1-RCS-0830","RBB08S-18 : Master RBB (Ratchaburi 2 Substation)","Trivial","NaN","Unknown","IT","Telemetry Alarm","None","SCADA","core\dnaApp_pcore","DC1-COR-DRT2","",""
"104","02/01/2025 2:14:10.967 AM","02/01/2025 2:14:10.966 AM","Remote unit state changed from Telemetry Failure to Online.","","Event","S1 MV","","S1 FRTU","","S1 FRTU","S1-RCS-0402","Remote unit","S1-HV,S1-MV,S1-Viewer","S1-RCS-0402","S1-RCS-0402","SSA10S-22 : Cellular TRUE","Trivial","NaN","Unknown","IT","Telemetry Alarm","None","SCADA","core\dnaApp_pcore","DC1-COR-DRT2","",""
"105","02/01/2025 2:12:24.934 AM","02/01/2025 2:12:24.933 AM","Remote unit state changed from Telemetry Failure to Online.","","Event","S1 MV","","S1 FRTU","","S1 FRTU","S1-RCS-0830","Remote unit","S1-HV,S1-MV,S1-Viewer","S1-RCS-0830","S1-RCS-0830","RBB08S-18 : Master RBB (Ratchaburi 2 Substation)","Trivial","NaN","Unknown","IT","Telemetry Alarm","None","SCADA","core\dnaApp_pcore","DC1-COR-DRT2","",""
"106","02/01/2025 2:06:04.265 AM","02/01/2025 2:06:04.263 AM","Remote unit state changed from Telemetry Failure to Online.","","Event","S1 MV","","S1 FRTU","","S1 FRTU","S1-RCS-0402","Remote unit","S1-HV,S1-MV,S1-Viewer","S1-RCS-0402","S1-RCS-0402","SSA10S-22 : Cellular TRUE","Trivial","NaN","Unknown","IT","Telemetry Alarm","None","SCADA","core\dnaApp_pcore","DC1-COR-DRT2","",""
"107","02/01/2025 2:05:32.673 AM","02/01/2025 2:05:32.671 AM","Remote unit state changed from Telemetry Failure to Online.","","Event","S1 MV","","S1 FRTU","","S1 FRTU","S1-RCS-0402","Remote unit","S1-HV,S1-MV,S1-Viewer","S1-RCS-0402","S1-RCS-0402","SSA10S-22 : Cellular TRUE","Trivial","NaN","Unknown","IT","Telemetry Alarm","None","SCADA","core\dnaApp_pcore","DC1-COR-DRT2","",""
"108","02/01/2025 2:01:26.820 AM","02/01/2025 2:01:26.819 AM","Remote unit state changed from Telemetry Failure to Online.","","Event","S1 MV","","S1 FRTU","","S1 FRTU","S1-RCS-0830","Remote unit","S1-HV,S1-MV,S1-Viewer","S1-RCS-0830","S1-RCS-0830","RBB08S-18 : Master RBB (Ratchaburi 2 Substation)","Trivial","NaN","Unknown","IT","Telemetry Alarm","None","SCADA","core\dnaApp_pcore","DC1-COR-DRT2","",""
"109","02/01/2025 1:42:05.398 AM","02/01/2025 1:42:05.397 AM","Remote unit state changed from Telemetry Failure to Online.","","Event","S1 MV","","S1 FRTU","","S1 FRTU","S1-RCS-0830","Remote unit","S1-HV,S1-MV,S1-Viewer","S1-RCS-0830","S1-RCS-0830","RBB08S-18 : Master RBB (Ratchaburi 2 Substation)","Trivial","NaN","Unknown","IT","Telemetry Alarm","None","SCADA","core\dnaApp_pcore","DC1-COR-DRT2","",""
"110","02/01/2025 1:29:29.175 AM","02/01/2025 1:29:29.174 AM","Remote unit state changed from Telemetry Failure to Online.","","Event","S1 MV","","S1 FRTU","","S1 FRTU","S1-RCS-0986","Remote unit","S1-HV,S1-MV,S1-Viewer","S1-RCS-0986","S1-RCS-0986","DNA04S-05 : Master DNA (Damnoen Saduak Substation)","Trivial","NaN","Unknown","IT","Telemetry Alarm","None","SCADA","core\dnaApp_pcore","DC1-COR-DRT2","",""
"111","02/01/2025 12:51:33.888 AM","02/01/2025 12:51:33.887 AM","Remote unit state changed from Telemetry Failure to Online.","","Event","S1 MV","","S1 FRTU","","S1 FRTU","S1-RCS-0408","Remote unit","S1-HV,S1-MV,S1-Viewer","S1-RCS-0408","S1-RCS-0408","PTH04S-29 : Cellular TRUE","Trivial","NaN","Unknown","IT","Telemetry Alarm","None","SCADA","core\dnaApp_pcore","DC1-COR-DRT2","",""
"112","02/01/2025 12:49:35.431 AM","02/01/2025 12:49:35.430 AM","Remote unit state changed from Telemetry Failure to Online.","","Event","S1 MV","","S1 FRTU","","S1 FRTU","S1-RCS-0830","Remote unit","S1-HV,S1-MV,S1-Viewer","S1-RCS-0830","S1-RCS-0830","RBB08S-18 : Master RBB (Ratchaburi 2 Substation)","Trivial","NaN","Unknown","IT","Telemetry Alarm","None","SCADA","core\dnaApp_pcore","DC1-COR-DRT2","",""
"113","02/01/2025 12:47:50.413 AM","02/01/2025 12:47:50.413 AM","Remote unit state changed from Telemetry Failure to Online.","","Event","S1 MV","","S1 FRTU","","S1 FRTU","S1-RCS-0408","Remote unit","S1-HV,S1-MV,S1-Viewer","S1-RCS-0408","S1-RCS-0408","PTH04S-29 : Cellular TRUE","Trivial","NaN","Unknown","IT","Telemetry Alarm","None","SCADA","core\dnaApp_pcore","DC1-COR-DRT2","",""
"114","02/01/2025 12:47:42.291 AM","02/01/2025 12:47:42.290 AM","Remote unit state changed from Telemetry Failure to Online.","","Event","S1 MV","","S1 FRTU","","S1 FRTU","S1-RCS-0879","Remote unit","S1-HV,S1-MV,S1-Viewer","S1-RCS-0879","S1-RCS-0879","KDA02S-18 : Master TM (Tha Mai Ruak Office)","Trivial","NaN","Unknown","IT","Telemetry Alarm","None","SCADA","core\dnaApp_pcore","DC1-COR-DRT2","",""
"115","02/01/2025 12:46:51.530 AM","02/01/2025 12:46:51.529 AM","Remote unit state changed from Telemetry Failure to Online.","","Event","S1 MV","","S1 FRTU","","S1 FRTU","S1-RCS-0408","Remote unit","S1-HV,S1-MV,S1-Viewer","S1-RCS-0408","S1-RCS-0408","PTH04S-29 : Cellular TRUE","Trivial","NaN","Unknown","IT","Telemetry Alarm","None","SCADA","core\dnaApp_pcore","DC1-COR-DRT2","",""
"116","02/01/2025 12:43:47.532 AM","02/01/2025 12:43:47.532 AM","Remote unit state changed from Telemetry Failure to Online.","","Event","S1 MV","","S1 FRTU","","S1 FRTU","S1-RCS-0408","Remote unit","S1-HV,S1-MV,S1-Viewer","S1-RCS-0408","S1-RCS-0408","PTH04S-29 : Cellular TRUE","Trivial","NaN","Unknown","IT","Telemetry Alarm","None","SCADA","core\dnaApp_pcore","DC1-COR-DRT2","",""
"117","02/01/2025 12:43:23.119 AM","02/01/2025 12:43:23.119 AM","Remote unit state changed from Telemetry Failure to Online.","","Event","S1 MV","","S1 FRTU","","S1 FRTU","S1-RCS-0113","Remote unit","S1-HV,S1-MV,S1-Viewer","S1-RCS-0113","S1-RCS-0113","HUB10S-12","Trivial","NaN","Unknown","IT","Telemetry Alarm","None","SCADA","core\dnaApp_pcore","DC1-COR-DRT2","",""
"118","02/01/2025 12:41:02.368 AM","02/01/2025 12:41:02.367 AM","Remote unit state changed from Telemetry Failure to Online.","","Event","S1 MV","","S1 FRTU","","S1 FRTU","S1-RCS-0408","Remote unit","S1-HV,S1-MV,S1-Viewer","S1-RCS-0408","S1-RCS-0408","PTH04S-29 : Cellular TRUE","Trivial","NaN","Unknown","IT","Telemetry Alarm","None","SCADA","core\dnaApp_pcore","DC1-COR-DRT2","",""
"119","02/01/2025 12:22:01.753 AM","02/01/2025 12:22:01.752 AM","Remote unit state changed from Telemetry Failure to Online.","","Event","S1 MV","","S1 FRTU","","S1 FRTU","S1-RCS-0830","Remote unit","S1-HV,S1-MV,S1-Viewer","S1-RCS-0830","S1-RCS-0830","RBB08S-18 : Master RBB (Ratchaburi 2 Substation)","Trivial","NaN","Unknown","IT","Telemetry Alarm","None","SCADA","core\dnaApp_pcore","DC1-COR-DRT2","",""
"120","02/01/2025 12:19:09.229 AM","02/01/2025 12:19:09.223 AM","Remote unit state changed from Telemetry Failure to Online.","","Event","S1 MV","","S1 FRTU","","S1 FRTU","S1-RCS-0988","Remote unit","S1-HV,S1-MV,S1-Viewer","S1-RCS-0988","S1-RCS-0988","DNA01S-04 : Master DNA (Damnoen Saduak Substation)","Trivial","NaN","Unknown","IT","Telemetry Alarm","None","SCADA","core\dnaApp_pcore","DC1-COR-DRT2","",""
"121","02/01/2025 12:14:28.755 AM","02/01/2025 12:14:28.741 AM","Remote unit state changed from Telemetry Failure to Online.","","Event","S1 MV","","S1 FRTU","","S1 FRTU","S1-RCS-0830","Remote unit","S1-HV,S1-MV,S1-Viewer","S1-RCS-0830","S1-RCS-0830","RBB08S-18 : Master RBB (Ratchaburi 2 Substation)","Trivial","NaN","Unknown","IT","Telemetry Alarm","None","SCADA","core\dnaApp_pcore","DC1-COR-DRT2","",""
"122","02/01/2025 12:05:08.169 AM","02/01/2025 12:05:08.168 AM","Remote unit state changed from Telemetry Failure to Online.","","Event","S1 MV","","S1 FRTU","","S1 FRTU","S1-RCS-0830","Remote unit","S1-HV,S1-MV,S1-Viewer","S1-RCS-0830","S1-RCS-0830","RBB08S-18 : Master RBB (Ratchaburi 2 Substation)","Trivial","NaN","Unknown","IT","Telemetry Alarm","None","SCADA","core\dnaApp_pcore","DC1-COR-DRT2","",""
"123","02/01/2025 12:02:35.645 AM","02/01/2025 12:02:35.644 AM","Remote unit state changed from Telemetry Failure to Online.","","Event","S1 MV","","S1 FRTU","","S1 FRTU","S1-RCS-0830","Remote unit","S1-HV,S1-MV,S1-Viewer","S1-RCS-0830","S1-RCS-0830","RBB08S-18 : Master RBB (Ratchaburi 2 Substation)","Trivial","NaN","Unknown","IT","Telemetry Alarm","None","SCADA","core\dnaApp_pcore","DC1-COR-DRT2","",""
"124","01/01/2025 11:53:22.495 PM","01/01/2025 11:53:22.494 PM","Remote unit state changed from Telemetry Failure to Online.","","Event","S1 MV","","S1 FRTU","","S1 FRTU","S1-RCS-0830","Remote unit","S1-HV,S1-MV,S1-Viewer","S1-RCS-0830","S1-RCS-0830","RBB08S-18 : Master RBB (Ratchaburi 2 Substation)","Trivial","NaN","Unknown","IT","Telemetry Alarm","None","SCADA","core\dnaApp_pcore","DC1-COR-DRT2","",""
"125","01/01/2025 11:50:04.155 PM","01/01/2025 11:50:04.154 PM","Remote unit state changed from Telemetry Failure to Online.","","Event","S1 MV","","S1 FRTU","","S1 FRTU","S1-RCS-1056","Remote unit","S1-HV,S1-MV,S1-Viewer","S1-RCS-1056","S1-RCS-1056","DNA07S-16 : Master DNA (Damnoen Saduak Substation)","Trivial","NaN","Unknown","IT","Telemetry Alarm","None","SCADA","core\dnaApp_pcore","DC1-COR-DRT2","",""
"126","01/01/2025 11:39:59.930 PM","01/01/2025 11:39:59.928 PM","Remote unit state changed from Telemetry Failure to Online.","","Event","S1 MV","","S1 FRTU","","S1 FRTU","S1-RCS-0830","Remote unit","S1-HV,S1-MV,S1-Viewer","S1-RCS-0830","S1-RCS-0830","RBB08S-18 : Master RBB (Ratchaburi 2 Substation)","Trivial","NaN","Unknown","IT","Telemetry Alarm","None","SCADA","core\dnaApp_pcore","DC1-COR-DRT2","",""
"127","01/01/2025 11:20:36.392 PM","01/01/2025 11:20:36.391 PM","Remote unit state changed from Telemetry Failure to Online.","","Event","S1 MV","","S1 FRTU","","S1 FRTU","S1-RCS-0363","Remote unit","S1-HV,S1-MV,S1-Viewer","S1-RCS-0363","S1-RCS-0363","SSA04S-14 : Cellular PP Ontime","Trivial","NaN","Unknown","IT","Telemetry Alarm","None","SCADA","core\dnaApp_pcore","DC1-COR-DRT2","",""
"128","01/01/2025 11:15:41.435 PM","01/01/2025 11:15:41.435 PM","Remote unit state changed from Telemetry Failure to Online.","","Event","S1 MV","","S1 FRTU","","S1 FRTU","S1-RCS-0830","Remote unit","S1-HV,S1-MV,S1-Viewer","S1-RCS-0830","S1-RCS-0830","RBB08S-18 : Master RBB (Ratchaburi 2 Substation)","Trivial","NaN","Unknown","IT","Telemetry Alarm","None","SCADA","core\dnaApp_pcore","DC1-COR-DRT2","",""
"129","01/01/2025 10:29:08.377 PM","01/01/2025 10:29:08.376 PM","Remote unit state changed from Telemetry Failure to Online.","","Event","S1 MV","","S1 FRTU","","S1 FRTU","S1-RCS-0509","Remote unit","S1-HV,S1-MV,S1-Viewer","S1-RCS-0509","S1-RCS-0509","CBN04S-07 : Master CBN (Chom Bueng Substation)","Trivial","NaN","Unknown","IT","Telemetry Alarm","None","SCADA","core\dnaApp_pcore","DC1-COR-DRT2","",""
"130","01/01/2025 10:25:58.224 PM","01/01/2025 10:25:58.223 PM","Remote unit state changed from Telemetry Failure to Online.","","Event","S1 MV","","S1 FRTU","","S1 FRTU","S1-RCS-0509","Remote unit","S1-HV,S1-MV,S1-Viewer","S1-RCS-0509","S1-RCS-0509","CBN04S-07 : Master CBN (Chom Bueng Substation)","Trivial","NaN","Unknown","IT","Telemetry Alarm","None","SCADA","core\dnaApp_pcore","DC1-COR-DRT2","",""
"131","01/01/2025 10:03:29.187 PM","01/01/2025 10:03:29.186 PM","Remote unit state changed from Telemetry Failure to Online.","","Event","S1 MV","","S1 FRTU","","S1 FRTU","S1-RCS-0401","Remote unit","S1-HV,S1-MV,S1-Viewer","S1-RCS-0401","S1-RCS-0401","SSA05S-05 : Cellular TRUE","Trivial","NaN","Unknown","IT","Telemetry Alarm","None","SCADA","core\dnaApp_pcore","DC1-COR-DRT2","",""
"132","01/01/2025 9:44:57.141 PM","01/01/2025 9:44:57.140 PM","Remote unit state changed from Telemetry Failure to Online.","","Event","S1 MV","","S1 FRTU","","S1 FRTU","S1-RCS-0509","Remote unit","S1-HV,S1-MV,S1-Viewer","S1-RCS-0509","S1-RCS-0509","CBN04S-07 : Master CBN (Chom Bueng Substation)","Trivial","NaN","Unknown","IT","Telemetry Alarm","None","SCADA","core\dnaApp_pcore","DC1-COR-DRT2","",""
"133","01/01/2025 9:30:54.496 PM","01/01/2025 9:30:54.494 PM","Remote unit state changed from Telemetry Failure to Online.","","Event","S1 MV","","S1 FRTU","","S1 FRTU","S1-RCS-0509","Remote unit","S1-HV,S1-MV,S1-Viewer","S1-RCS-0509","S1-RCS-0509","CBN04S-07 : Master CBN (Chom Bueng Substation)","Trivial","NaN","Unknown","IT","Telemetry Alarm","None","SCADA","core\dnaApp_pcore","DC1-COR-DRT2","",""
"134","01/01/2025 9:05:24.649 PM","01/01/2025 9:05:24.647 PM","Remote unit state changed from Telemetry Failure to Online.","","Event","S1 MV","","S1 FRTU","","S1 FRTU","S1-RCS-0509","Remote unit","S1-HV,S1-MV,S1-Viewer","S1-RCS-0509","S1-RCS-0509","CBN04S-07 : Master CBN (Chom Bueng Substation)","Trivial","NaN","Unknown","IT","Telemetry Alarm","None","SCADA","core\dnaApp_pcore","DC1-COR-DRT2","",""
"135","01/01/2025 9:01:27.944 PM","01/01/2025 9:01:27.935 PM","Remote unit state changed from Telemetry Failure to Online.","","Event","S1 MV","","S1 FRTU","","S1 FRTU","S1-RCS-0501","Remote unit","S1-HV,S1-MV,S1-Viewer","S1-RCS-0501","S1-RCS-0501","CAB06S-04 : Master CAA (Cha-Am 1 Substation)","Trivial","NaN","Unknown","IT","Telemetry Alarm","None","SCADA","core\dnaApp_pcore","DC1-COR-DRT2","",""
"136","01/01/2025 9:01:05.434 PM","01/01/2025 9:01:05.428 PM","Remote unit state changed from Telemetry Failure to Online.","","Event","S1 MV","","S1 FRTU","","S1 FRTU","S1-RCS-0866","Remote unit","S1-HV,S1-MV,S1-Viewer","S1-RCS-0866","S1-RCS-0866","PBA11S-14 : Master PBA (PEA Office S1)","Trivial","NaN","Unknown","IT","Telemetry Alarm","None","SCADA","core\dnaApp_pcore","DC1-COR-DRT2","",""
"137","01/01/2025 9:00:38.851 PM","01/01/2025 9:00:38.840 PM","Remote unit state changed from Telemetry Failure to Online.","","Event","S1 MV","","S1 FRTU","","S1 FRTU","S1-RCS-0402","Remote unit","S1-HV,S1-MV,S1-Viewer","S1-RCS-0402","S1-RCS-0402","SSA10S-22 : Cellular TRUE","Trivial","NaN","Unknown","IT","Telemetry Alarm","None","SCADA","core\dnaApp_pcore","DC1-COR-DRT2","",""
"138","01/01/2025 8:59:23.197 PM","01/01/2025 8:59:23.185 PM","Remote unit state changed from Telemetry Failure to Online.","","Event","S1 MV","","S1 FRTU","","S1 FRTU","S1-RCS-0509","Remote unit","S1-HV,S1-MV,S1-Viewer","S1-RCS-0509","S1-RCS-0509","CBN04S-07 : Master CBN (Chom Bueng Substation)","Trivial","NaN","Unknown","IT","Telemetry Alarm","None","SCADA","core\dnaApp_pcore","DC1-COR-DRT2","",""
"139","01/01/2025 8:59:01.708 PM","01/01/2025 8:59:01.706 PM","Remote unit state changed from Telemetry Failure to Online.","","Event","S1 MV","","S1 FRTU","","S1 FRTU","S1-RCS-0501","Remote unit","S1-HV,S1-MV,S1-Viewer","S1-RCS-0501","S1-RCS-0501","CAB06S-04 : Master CAA (Cha-Am 1 Substation)","Trivial","NaN","Unknown","IT","Telemetry Alarm","None","SCADA","core\dnaApp_pcore","DC1-COR-DRT2","",""
"140","01/01/2025 8:58:19.845 PM","01/01/2025 8:58:19.844 PM","Remote unit state changed from Telemetry Failure to Online.","","Event","S1 MV","","S1 FRTU","","S1 FRTU","S1-RCS-0986","Remote unit","S1-HV,S1-MV,S1-Viewer","S1-RCS-0986","S1-RCS-0986","DNA04S-05 : Master DNA (Damnoen Saduak Substation)","Trivial","NaN","Unknown","IT","Telemetry Alarm","None","SCADA","core\dnaApp_pcore","DC1-COR-DRT2","",""
"141","01/01/2025 8:56:35.706 PM","01/01/2025 8:56:35.705 PM","Remote unit state changed from Telemetry Failure to Online.","","Event","S1 MV","","S1 FRTU","","S1 FRTU","S1-RCS-0501","Remote unit","S1-HV,S1-MV,S1-Viewer","S1-RCS-0501","S1-RCS-0501","CAB06S-04 : Master CAA (Cha-Am 1 Substation)","Trivial","NaN","Unknown","IT","Telemetry Alarm","None","SCADA","core\dnaApp_pcore","DC1-COR-DRT2","",""
"142","01/01/2025 8:35:16.469 PM","01/01/2025 8:35:16.453 PM","Remote unit state changed from Telemetry Failure to Online.","","Event","S1 MV","","S1 FRTU","","S1 FRTU","S1-RCS-0509","Remote unit","S1-HV,S1-MV,S1-Viewer","S1-RCS-0509","S1-RCS-0509","CBN04S-07 : Master CBN (Chom Bueng Substation)","Trivial","NaN","Unknown","IT","Telemetry Alarm","None","SCADA","core\dnaApp_pcore","DC1-COR-DRT2","",""
"143","01/01/2025 8:24:38.870 PM","01/01/2025 8:24:38.870 PM","Remote unit state changed from Telemetry Failure to Online.","","Event","S1 MV","","S1 FRTU","","S1 FRTU","S1-RCS-0957","Remote unit","S1-HV,S1-MV,S1-Viewer","S1-RCS-0957","S1-RCS-0957","RNB08S-06 : Master RNB (Ranong 2 Substation)","Trivial","NaN","Unknown","IT","Telemetry Alarm","None","SCADA","core\dnaApp_pcore","DC1-COR-DRT2","",""
"144","01/01/2025 8:14:21.656 PM","01/01/2025 8:14:21.655 PM","Remote unit state changed from Telemetry Failure to Online.","","Event","S1 MV","","S1 FRTU","","S1 FRTU","S1-RCS-0501","Remote unit","S1-HV,S1-MV,S1-Viewer","S1-RCS-0501","S1-RCS-0501","CAB06S-04 : Master CAA (Cha-Am 1 Substation)","Trivial","NaN","Unknown","IT","Telemetry Alarm","None","SCADA","core\dnaApp_pcore","DC1-COR-DRT2","",""
"145","01/01/2025 8:11:45.587 PM","01/01/2025 8:11:45.586 PM","Remote unit state changed from Telemetry Failure to Online.","","Event","S1 MV","","S1 FRTU","","S1 FRTU","S1-RCS-0509","Remote unit","S1-HV,S1-MV,S1-Viewer","S1-RCS-0509","S1-RCS-0509","CBN04S-07 : Master CBN (Chom Bueng Substation)","Trivial","NaN","Unknown","IT","Telemetry Alarm","None","SCADA","core\dnaApp_pcore","DC1-COR-DRT2","",""
"146","01/01/2025 8:06:43.744 PM","01/01/2025 8:06:43.742 PM","Remote unit state changed from Telemetry Failure to Online.","","Event","S1 MV","","S1 FRTU","","S1 FRTU","S1-RCS-0509","Remote unit","S1-HV,S1-MV,S1-Viewer","S1-RCS-0509","S1-RCS-0509","CBN04S-07 : Master CBN (Chom Bueng Substation)","Trivial","NaN","Unknown","IT","Telemetry Alarm","None","SCADA","core\dnaApp_pcore","DC1-COR-DRT2","",""
"147","01/01/2025 8:00:39.885 PM","01/01/2025 8:00:39.884 PM","Remote unit state changed from Telemetry Failure to Online.","","Event","S1 MV","","S1 FRTU","","S1 FRTU","S1-RCS-0509","Remote unit","S1-HV,S1-MV,S1-Viewer","S1-RCS-0509","S1-RCS-0509","CBN04S-07 : Master CBN (Chom Bueng Substation)","Trivial","NaN","Unknown","IT","Telemetry Alarm","None","SCADA","core\dnaApp_pcore","DC1-COR-DRT2","",""
"148","01/01/2025 7:39:07.078 PM","01/01/2025 7:39:07.062 PM","Remote unit state changed from Telemetry Failure to Online.","","Event","S1 MV","","S1 FRTU","","S1 FRTU","S1-RCS-0420","Remote unit","S1-HV,S1-MV,S1-Viewer","S1-RCS-0420","S1-RCS-0420","RBC03S-06 : Cellular TRUE","Trivial","NaN","Unknown","IT","Telemetry Alarm","None","SCADA","core\dnaApp_pcore","DC1-COR-DRT2","",""
"149","01/01/2025 7:23:25.592 PM","01/01/2025 7:23:25.591 PM","Remote unit state changed from Telemetry Failure to Online.","","Event","S1 MV","","S1 FRTU","","S1 FRTU","S1-RCS-0501","Remote unit","S1-HV,S1-MV,S1-Viewer","S1-RCS-0501","S1-RCS-0501","CAB06S-04 : Master CAA (Cha-Am 1 Substation)","Trivial","NaN","Unknown","IT","Telemetry Alarm","None","SCADA","core\dnaApp_pcore","DC1-COR-DRT2","",""
"150","01/01/2025 7:22:03.827 PM","01/01/2025 7:22:03.811 PM","Remote unit state changed from Telemetry Failure to Online.","","Event","S1 MV","","S1 FRTU","","S1 FRTU","S1-RCS-0501","Remote unit","S1-HV,S1-MV,S1-Viewer","S1-RCS-0501","S1-RCS-0501","CAB06S-04 : Master CAA (Cha-Am 1 Substation)","Trivial","NaN","Unknown","IT","Telemetry Alarm","None","SCADA","core\dnaApp_pcore","DC1-COR-DRT2","",""
"151","01/01/2025 7:19:32.769 PM","01/01/2025 7:19:32.768 PM","Remote unit state changed from Telemetry Failure to Online.","","Event","S1 MV","","S1 FRTU","","S1 FRTU","S1-RCS-0501","Remote unit","S1-HV,S1-MV,S1-Viewer","S1-RCS-0501","S1-RCS-0501","CAB06S-04 : Master CAA (Cha-Am 1 Substation)","Trivial","NaN","Unknown","IT","Telemetry Alarm","None","SCADA","core\dnaApp_pcore","DC1-COR-DRT2","",""
"152","01/01/2025 6:51:17.719 PM","01/01/2025 6:51:17.719 PM","Remote unit state changed from Telemetry Failure to Online.","","Event","S1 MV","","S1 FRTU","","S1 FRTU","S1-RCS-0927","Remote unit","S1-HV,S1-MV,S1-Viewer","S1-RCS-0927","S1-RCS-0927","TSE01S-04 : Master TSE (Tha Sae Substation)","Trivial","NaN","Unknown","IT","Telemetry Alarm","None","SCADA","core\dnaApp_pcore","DC1-COR-DRT2","",""
"153","01/01/2025 5:55:40.248 PM","01/01/2025 5:55:40.247 PM","Remote unit state changed from Telemetry Failure to Online.","","Event","S1 MV","","S1 FRTU","","S1 FRTU","S1-RCS-0402","Remote unit","S1-HV,S1-MV,S1-Viewer","S1-RCS-0402","S1-RCS-0402","SSA10S-22 : Cellular TRUE","Trivial","NaN","Unknown","IT","Telemetry Alarm","None","SCADA","core\dnaApp_pcore","DC1-COR-DRT2","",""
"154","01/01/2025 5:52:42.368 PM","01/01/2025 5:52:42.367 PM","Remote unit state changed from Telemetry Failure to Online.","","Event","S1 MV","","S1 FRTU","","S1 FRTU","S1-RCS-0350","Remote unit","S1-HV,S1-MV,S1-Viewer","S1-RCS-0350","S1-RCS-0350","PNA10S-09 : Cellular PP Ontime","Trivial","NaN","Unknown","IT","Telemetry Alarm","None","SCADA","core\dnaApp_pcore","DC1-COR-DRT2","",""
"155","01/01/2025 5:24:39.194 PM","01/01/2025 5:24:39.193 PM","Remote unit state changed from Telemetry Failure to Online.","","Event","S1 MV","","S1 FRTU","","S1 FRTU","S1-RCS-1030","Remote unit","S1-HV,S1-MV,S1-Viewer","S1-RCS-1030","S1-RCS-1030","BSP07S-07 : Master BSP (Bang Saphan 1 Substation)","Trivial","NaN","Unknown","IT","Telemetry Alarm","None","SCADA","core\dnaApp_pcore","DC1-COR-DRT2","",""
"156","01/01/2025 5:15:28.853 PM","01/01/2025 5:15:28.852 PM","Remote unit state changed from Telemetry Failure to Online.","","Event","S1 MV","","S1 FRTU","","S1 FRTU","S1-RCS-0286","Remote unit","S1-HV,S1-MV,S1-Viewer","S1-RCS-0286","S1-RCS-0286","HUC02S-13 : Master HUH (Hua Hin Office)","Trivial","NaN","Unknown","IT","Telemetry Alarm","None","SCADA","core\dnaApp_pcore","DC1-COR-DRT2","",""
"157","01/01/2025 4:52:33.604 PM","01/01/2025 4:52:33.603 PM","Remote unit state changed from Telemetry Failure to Online.","","Event","S1 MV","","S1 FRTU","","S1 FRTU","S1-RCS-0402","Remote unit","S1-HV,S1-MV,S1-Viewer","S1-RCS-0402","S1-RCS-0402","SSA10S-22 : Cellular TRUE","Trivial","NaN","Unknown","IT","Telemetry Alarm","None","SCADA","core\dnaApp_pcore","DC1-COR-DRT2","",""
"158","01/01/2025 4:34:11.616 PM","01/01/2025 4:34:11.615 PM","Remote unit state changed from Telemetry Failure to Online.","","Event","S1 MV","","S1 FRTU","","S1 FRTU","S1-RCS-0927","Remote unit","S1-HV,S1-MV,S1-Viewer","S1-RCS-0927","S1-RCS-0927","TSE01S-04 : Master TSE (Tha Sae Substation)","Trivial","NaN","Unknown","IT","Telemetry Alarm","None","SCADA","core\dnaApp_pcore","DC1-COR-DRT2","",""
"159","01/01/2025 4:11:55.952 PM","01/01/2025 4:11:55.950 PM","Remote unit state changed from Telemetry Failure to Online.","","Event","S1 MV","","S1 FRTU","","S1 FRTU","S1-RCS-0879","Remote unit","S1-HV,S1-MV,S1-Viewer","S1-RCS-0879","S1-RCS-0879","KDA02S-18 : Master TM (Tha Mai Ruak Office)","Trivial","NaN","Unknown","IT","Telemetry Alarm","None","SCADA","core\dnaApp_pcore","DC1-COR-DRT2","",""
"160","01/01/2025 4:11:48.753 PM","01/01/2025 4:11:48.752 PM","Remote unit state changed from Telemetry Failure to Online.","","Event","S1 MV","","S1 FRTU","","S1 FRTU","S1-RCS-0997","Remote unit","S1-HV,S1-MV,S1-Viewer","S1-RCS-0997","S1-RCS-0997","PBA02S-29 : Master PBA (PEA Office S1)","Trivial","NaN","Unknown","IT","Telemetry Alarm","None","SCADA","core\dnaApp_pcore","DC1-COR-DRT2","",""
"161","01/01/2025 3:48:30.279 PM","01/01/2025 3:48:30.275 PM","Remote unit state changed from Telemetry Failure to Online.","","Event","S1 MV","","S1 FRTU","","S1 FRTU","S1-RCS-0922","Remote unit","S1-HV,S1-MV,S1-Viewer","S1-RCS-0922","S1-RCS-0922","QTA09S-08 : Master KCR (Khao Chaiyarat)","Trivial","NaN","Unknown","IT","Telemetry Alarm","None","SCADA","core\dnaApp_pcore","DC1-COR-DRT2","",""
"162","01/01/2025 3:47:09.629 PM","01/01/2025 3:47:09.628 PM","Remote unit state changed from Telemetry Failure to Online.","","Event","S1 MV","","S1 FRTU","","S1 FRTU","S1-RCS-0946","Remote unit","S1-HV,S1-MV,S1-Viewer","S1-RCS-0946","S1-RCS-0946","CPA01S-12 : Master CPB (Chumphon 2 Substation)","Trivial","NaN","Unknown","IT","Telemetry Alarm","None","SCADA","core\dnaApp_pcore","DC1-COR-DRT2","",""
"163","01/01/2025 3:41:12.826 PM","01/01/2025 3:41:12.825 PM","Remote unit state changed from Telemetry Failure to Online.","","Event","S1 MV","","S1 FRTU","","S1 FRTU","S1-RCS-0090","Remote unit","S1-HV,S1-MV,S1-Viewer","S1-RCS-0090","S1-RCS-0090","XPA02S-06 : Master SPG (Suan Phueng Office)","Trivial","NaN","Unknown","IT","Telemetry Alarm","None","SCADA","core\dnaApp_pcore","DC1-COR-DRT2","",""
"164","01/01/2025 3:16:06.896 PM","01/01/2025 3:16:06.896 PM","Remote unit state changed from Telemetry Failure to Online.","","Event","S1 MV","","S1 FRTU","","S1 FRTU","S1-RCS-0350","Remote unit","S1-HV,S1-MV,S1-Viewer","S1-RCS-0350","S1-RCS-0350","PNA10S-09 : Cellular PP Ontime","Trivial","NaN","Unknown","IT","Telemetry Alarm","None","SCADA","core\dnaApp_pcore","DC1-COR-DRT2","",""
"165","01/01/2025 3:05:08.246 PM","01/01/2025 3:05:08.236 PM","Remote unit state changed from Telemetry Failure to Online.","","Event","S1 MV","","S1 FRTU","","S1 FRTU","S1-RCS-0927","Remote unit","S1-HV,S1-MV,S1-Viewer","S1-RCS-0927","S1-RCS-0927","TSE01S-04 : Master TSE (Tha Sae Substation)","Trivial","NaN","Unknown","IT","Telemetry Alarm","None","SCADA","core\dnaApp_pcore","DC1-COR-DRT2","",""
"166","01/01/2025 2:42:51.660 PM","01/01/2025 2:42:51.658 PM","Remote unit state changed from Telemetry Failure to Online.","","Event","S1 MV","","S1 FRTU","","S1 FRTU","S1-RCS-0922","Remote unit","S1-HV,S1-MV,S1-Viewer","S1-RCS-0922","S1-RCS-0922","QTA09S-08 : Master KCR (Khao Chaiyarat)","Trivial","NaN","Unknown","IT","Telemetry Alarm","None","SCADA","core\dnaApp_pcore","DC1-COR-DRT2","",""
"167","01/01/2025 2:34:32.926 PM","01/01/2025 2:34:32.910 PM","Remote unit state changed from Telemetry Failure to Online.","","Event","S1 MV","","S1 FRTU","","S1 FRTU","S1-RCS-1009","Remote unit","S1-HV,S1-MV,S1-Viewer","S1-RCS-1009","S1-RCS-1009","DNA04S-20 : Master DNA (Damnoen Saduak Substation)","Trivial","NaN","Unknown","IT","Telemetry Alarm","None","SCADA","core\dnaApp_pcore","DC1-COR-DRT2","",""
"168","01/01/2025 2:29:09.390 PM","01/01/2025 2:29:09.389 PM","Remote unit state changed from Telemetry Failure to Online.","","Event","S1 MV","","S1 FRTU","","S1 FRTU","S1-RCS-0922","Remote unit","S1-HV,S1-MV,S1-Viewer","S1-RCS-0922","S1-RCS-0922","QTA09S-08 : Master KCR (Khao Chaiyarat)","Trivial","NaN","Unknown","IT","Telemetry Alarm","None","SCADA","core\dnaApp_pcore","DC1-COR-DRT2","",""
"169","01/01/2025 1:51:39.826 PM","01/01/2025 1:51:39.826 PM","Remote unit state changed from Telemetry Failure to Online.","","Event","S1 MV","","S1 FRTU","","S1 FRTU","S1-RCS-0922","Remote unit","S1-HV,S1-MV,S1-Viewer","S1-RCS-0922","S1-RCS-0922","QTA09S-08 : Master KCR (Khao Chaiyarat)","Trivial","NaN","Unknown","IT","Telemetry Alarm","None","SCADA","core\dnaApp_pcore","DC1-COR-DRT2","",""
"170","01/01/2025 1:36:07.751 PM","01/01/2025 1:36:07.750 PM","Remote unit state changed from Telemetry Failure to Online.","","Event","S1 MV","","S1 FRTU","","S1 FRTU","S1-RCS-0408","Remote unit","S1-HV,S1-MV,S1-Viewer","S1-RCS-0408","S1-RCS-0408","PTH04S-29 : Cellular TRUE","Trivial","NaN","Unknown","IT","Telemetry Alarm","None","SCADA","core\dnaApp_pcore","DC1-COR-DRT2","",""
"171","01/01/2025 1:15:33.245 PM","01/01/2025 1:15:33.244 PM","Remote unit state changed from Telemetry Failure to Online.","","Event","S1 MV","","S1 FRTU","","S1 FRTU","S1-RCS-1009","Remote unit","S1-HV,S1-MV,S1-Viewer","S1-RCS-1009","S1-RCS-1009","DNA04S-20 : Master DNA (Damnoen Saduak Substation)","Trivial","NaN","Unknown","IT","Telemetry Alarm","None","SCADA","core\dnaApp_pcore","DC1-COR-DRT2","",""
"172","01/01/2025 1:05:08.486 PM","01/01/2025 1:05:08.485 PM","Remote unit state changed from Telemetry Failure to Online.","","Event","S1 MV","","S1 FRTU","","S1 FRTU","S1-RCS-0350","Remote unit","S1-HV,S1-MV,S1-Viewer","S1-RCS-0350","S1-RCS-0350","PNA10S-09 : Cellular PP Ontime","Trivial","NaN","Unknown","IT","Telemetry Alarm","None","SCADA","core\dnaApp_pcore","DC1-COR-DRT2","",""
"173","01/01/2025 12:54:07.340 PM","01/01/2025 12:54:07.339 PM","Remote unit state changed from Telemetry Failure to Online.","","Event","S1 MV","","S1 FRTU","","S1 FRTU","S1-RCS-0922","Remote unit","S1-HV,S1-MV,S1-Viewer","S1-RCS-0922","S1-RCS-0922","QTA09S-08 : Master KCR (Khao Chaiyarat)","Trivial","NaN","Unknown","IT","Telemetry Alarm","None","SCADA","core\dnaApp_pcore","DC1-COR-DRT2","",""
"174","01/01/2025 12:49:26.491 PM","01/01/2025 12:49:26.489 PM","Remote unit state changed from Telemetry Failure to Online.","","Event","S1 MV","","S1 FRTU","","S1 FRTU","S1-RCS-0922","Remote unit","S1-HV,S1-MV,S1-Viewer","S1-RCS-0922","S1-RCS-0922","QTA09S-08 : Master KCR (Khao Chaiyarat)","Trivial","NaN","Unknown","IT","Telemetry Alarm","None","SCADA","core\dnaApp_pcore","DC1-COR-DRT2","",""
"175","01/01/2025 12:38:41.330 PM","01/01/2025 12:38:41.329 PM","Remote unit state changed from Telemetry Failure to Online.","","Event","S1 MV","","S1 FRTU","","S1 FRTU","S1-RCS-0879","Remote unit","S1-HV,S1-MV,S1-Viewer","S1-RCS-0879","S1-RCS-0879","KDA02S-18 : Master TM (Tha Mai Ruak Office)","Trivial","NaN","Unknown","IT","Telemetry Alarm","None","SCADA","core\dnaApp_pcore","DC1-COR-DRT2","",""
"176","01/01/2025 12:21:28.963 PM","01/01/2025 12:21:28.962 PM","Remote unit state changed from Telemetry Failure to Online.","","Event","S1 MV","","S1 FRTU","","S1 FRTU","S1-RCS-0922","Remote unit","S1-HV,S1-MV,S1-Viewer","S1-RCS-0922","S1-RCS-0922","QTA09S-08 : Master KCR (Khao Chaiyarat)","Trivial","NaN","Unknown","IT","Telemetry Alarm","None","SCADA","core\dnaApp_pcore","DC1-COR-DRT2","",""
"177","01/01/2025 11:28:24.224 AM","01/01/2025 11:28:24.223 AM","Remote unit state changed from Telemetry Failure to Online.","","Event","S1 MV","","S1 FRTU","","S1 FRTU","S1-RCS-0408","Remote unit","S1-HV,S1-MV,S1-Viewer","S1-RCS-0408","S1-RCS-0408","PTH04S-29 : Cellular TRUE","Trivial","NaN","Unknown","IT","Telemetry Alarm","None","SCADA","core\dnaApp_pcore","DC1-COR-DRT2","",""
"178","01/01/2025 11:16:27.316 AM","01/01/2025 11:16:27.314 AM","Remote unit state changed from Telemetry Failure to Online.","","Event","S1 MV","","S1 FRTU","","S1 FRTU","S1-RCS-0408","Remote unit","S1-HV,S1-MV,S1-Viewer","S1-RCS-0408","S1-RCS-0408","PTH04S-29 : Cellular TRUE","Trivial","NaN","Unknown","IT","Telemetry Alarm","None","SCADA","core\dnaApp_pcore","DC1-COR-DRT2","",""
"179","01/01/2025 10:50:35.749 AM","01/01/2025 10:50:35.737 AM","Remote unit state changed from Telemetry Failure to Online.","","Event","S1 MV","","S1 FRTU","","S1 FRTU","S1-RCS-0922","Remote unit","S1-HV,S1-MV,S1-Viewer","S1-RCS-0922","S1-RCS-0922","QTA09S-08 : Master KCR (Khao Chaiyarat)","Trivial","NaN","Unknown","IT","Telemetry Alarm","None","SCADA","core\dnaApp_pcore","DC1-COR-DRT2","",""
"180","01/01/2025 10:34:37.709 AM","01/01/2025 10:34:37.708 AM","Remote unit state changed from Telemetry Failure to Online.","","Event","S1 MV","","S1 FRTU","","S1 FRTU","S1-RCS-0408","Remote unit","S1-HV,S1-MV,S1-Viewer","S1-RCS-0408","S1-RCS-0408","PTH04S-29 : Cellular TRUE","Trivial","NaN","Unknown","IT","Telemetry Alarm","None","SCADA","core\dnaApp_pcore","DC1-COR-DRT2","",""
"181","01/01/2025 10:23:28.094 AM","01/01/2025 10:23:28.093 AM","Remote unit state changed from Telemetry Failure to Online.","","Event","S1 MV","","S1 FRTU","","S1 FRTU","S1-RCS-0922","Remote unit","S1-HV,S1-MV,S1-Viewer","S1-RCS-0922","S1-RCS-0922","QTA09S-08 : Master KCR (Khao Chaiyarat)","Trivial","NaN","Unknown","IT","Telemetry Alarm","None","SCADA","core\dnaApp_pcore","DC1-COR-DRT2","",""
"182","01/01/2025 10:21:40.814 AM","01/01/2025 10:21:40.814 AM","Remote unit state changed from Telemetry Failure to Online.","","Event","S1 MV","","S1 FRTU","","S1 FRTU","S1-RCS-0922","Remote unit","S1-HV,S1-MV,S1-Viewer","S1-RCS-0922","S1-RCS-0922","QTA09S-08 : Master KCR (Khao Chaiyarat)","Trivial","NaN","Unknown","IT","Telemetry Alarm","None","SCADA","core\dnaApp_pcore","DC1-COR-DRT2","",""
"183","01/01/2025 10:14:05.654 AM","01/01/2025 10:14:05.646 AM","Remote unit state changed from Telemetry Failure to Online.","","Event","S1 MV","","S1 FRTU","","S1 FRTU","S1-RCS-0408","Remote unit","S1-HV,S1-MV,S1-Viewer","S1-RCS-0408","S1-RCS-0408","PTH04S-29 : Cellular TRUE","Trivial","NaN","Unknown","IT","Telemetry Alarm","None","SCADA","core\dnaApp_pcore","DC1-COR-DRT2","",""
"184","01/01/2025 9:54:17.358 AM","01/01/2025 9:54:17.357 AM","Remote unit state changed from Telemetry Failure to Online.","","Event","S1 MV","","S1 FRTU","","S1 FRTU","S1-RCS-0922","Remote unit","S1-HV,S1-MV,S1-Viewer","S1-RCS-0922","S1-RCS-0922","QTA09S-08 : Master KCR (Khao Chaiyarat)","Trivial","NaN","Unknown","IT","Telemetry Alarm","None","SCADA","core\dnaApp_pcore","DC1-COR-DRT2","",""
"185","01/01/2025 9:44:31.408 AM","01/01/2025 9:44:31.400 AM","Remote unit state changed from Telemetry Failure to Online.","","Event","S1 MV","","S1 FRTU","","S1 FRTU","S1-RCS-0408","Remote unit","S1-HV,S1-MV,S1-Viewer","S1-RCS-0408","S1-RCS-0408","PTH04S-29 : Cellular TRUE","Trivial","NaN","Unknown","IT","Telemetry Alarm","None","SCADA","core\dnaApp_pcore","DC1-COR-DRT2","",""
"186","01/01/2025 9:41:34.633 AM","01/01/2025 9:41:34.632 AM","Remote unit state changed from Telemetry Failure to Online.","","Event","S1 MV","","S1 FRTU","","S1 FRTU","S1-RCS-0408","Remote unit","S1-HV,S1-MV,S1-Viewer","S1-RCS-0408","S1-RCS-0408","PTH04S-29 : Cellular TRUE","Trivial","NaN","Unknown","IT","Telemetry Alarm","None","SCADA","core\dnaApp_pcore","DC1-COR-DRT2","",""
"187","01/01/2025 9:16:39.234 AM","01/01/2025 9:16:39.222 AM","Remote unit state changed from Telemetry Failure to Online.","","Event","S1 MV","","S1 FRTU","","S1 FRTU","S1-RCS-0408","Remote unit","S1-HV,S1-MV,S1-Viewer","S1-RCS-0408","S1-RCS-0408","PTH04S-29 : Cellular TRUE","Trivial","NaN","Unknown","IT","Telemetry Alarm","None","SCADA","core\dnaApp_pcore","DC1-COR-DRT2","",""
"188","01/01/2025 9:16:23.013 AM","01/01/2025 9:16:23.005 AM","Remote unit state changed from Telemetry Failure to Online.","","Event","S1 MV","","S1 FRTU","","S1 FRTU","S1-RCS-0420","Remote unit","S1-HV,S1-MV,S1-Viewer","S1-RCS-0420","S1-RCS-0420","RBC03S-06 : Cellular TRUE","Trivial","NaN","Unknown","IT","Telemetry Alarm","None","SCADA","core\dnaApp_pcore","DC1-COR-DRT2","",""
"189","01/01/2025 9:09:56.939 AM","01/01/2025 9:09:56.938 AM","Remote unit state changed from Telemetry Failure to Online.","","Event","S1 MV","","S1 FRTU","","S1 FRTU","S1-RCS-0401","Remote unit","S1-HV,S1-MV,S1-Viewer","S1-RCS-0401","S1-RCS-0401","SSA05S-05 : Cellular TRUE","Trivial","NaN","Unknown","IT","Telemetry Alarm","None","SCADA","core\dnaApp_pcore","DC1-COR-DRT2","",""
"190","01/01/2025 8:52:38.206 AM","01/01/2025 8:52:38.204 AM","Remote unit state changed from Telemetry Failure to Online.","","Event","S1 MV","","S1 FRTU","","S1 FRTU","S1-RCS-0420","Remote unit","S1-HV,S1-MV,S1-Viewer","S1-RCS-0420","S1-RCS-0420","RBC03S-06 : Cellular TRUE","Trivial","NaN","Unknown","IT","Telemetry Alarm","None","SCADA","core\dnaApp_pcore","DC1-COR-DRT2","",""
"191","01/01/2025 8:51:56.298 AM","01/01/2025 8:51:56.297 AM","Remote unit state changed from Telemetry Failure to Online.","","Event","S1 MV","","S1 FRTU","","S1 FRTU","S1-RCS-0420","Remote unit","S1-HV,S1-MV,S1-Viewer","S1-RCS-0420","S1-RCS-0420","RBC03S-06 : Cellular TRUE","Trivial","NaN","Unknown","IT","Telemetry Alarm","None","SCADA","core\dnaApp_pcore","DC1-COR-DRT2","",""
"192","01/01/2025 7:20:38.624 AM","01/01/2025 7:20:38.623 AM","Remote unit state changed from Telemetry Failure to Online.","","Event","S1 MV","","S1 FRTU","","S1 FRTU","S1-RCS-0401","Remote unit","S1-HV,S1-MV,S1-Viewer","S1-RCS-0401","S1-RCS-0401","SSA05S-05 : Cellular TRUE","Trivial","NaN","Unknown","IT","Telemetry Alarm","None","SCADA","core\dnaApp_pcore","DC1-COR-DRT2","",""
"193","01/01/2025 6:44:15.849 AM","01/01/2025 6:44:15.848 AM","Remote unit state changed from Telemetry Failure to Online.","","Event","S1 MV","","S1 FRTU","","S1 FRTU","S1-RCS-0927","Remote unit","S1-HV,S1-MV,S1-Viewer","S1-RCS-0927","S1-RCS-0927","TSE01S-04 : Master TSE (Tha Sae Substation)","Trivial","NaN","Unknown","IT","Telemetry Alarm","None","SCADA","core\dnaApp_pcore","DC1-COR-DRT2","",""
"194","01/01/2025 6:39:55.359 AM","01/01/2025 6:39:55.348 AM","Remote unit state changed from Telemetry Failure to Online.","","Event","S1 MV","","S1 FRTU","","S1 FRTU","S1-RCS-0405","Remote unit","S1-HV,S1-MV,S1-Viewer","S1-RCS-0405","S1-RCS-0405","PTS05S-12 : Cellular TRUE","Trivial","NaN","Unknown","IT","Telemetry Alarm","None","SCADA","core\dnaApp_pcore","DC1-COR-DRT2","",""
"195","01/01/2025 6:23:04.323 AM","01/01/2025 6:23:04.321 AM","Remote unit state changed from Telemetry Failure to Online.","","Event","S1 MV","","S1 FRTU","","S1 FRTU","S1-RCS-0402","Remote unit","S1-HV,S1-MV,S1-Viewer","S1-RCS-0402","S1-RCS-0402","SSA10S-22 : Cellular TRUE","Trivial","NaN","Unknown","IT","Telemetry Alarm","None","SCADA","core\dnaApp_pcore","DC1-COR-DRT2","",""
"196","01/01/2025 4:32:26.347 AM","01/01/2025 4:32:26.331 AM","Remote unit state changed from Telemetry Failure to Online.","","Event","S1 MV","","S1 FRTU","","S1 FRTU","S1-RCS-0722","Remote unit","S1-HV,S1-MV,S1-Viewer","S1-RCS-0722","S1-RCS-0722","RNA01S-06 : Master RNA (Ranong 1 Substation)","Trivial","NaN","Unknown","IT","Telemetry Alarm","None","SCADA","core\dnaApp_pcore","DC1-COR-DRT2","",""
"197","01/01/2025 4:25:24.030 AM","01/01/2025 4:25:24.029 AM","Remote unit state changed from Telemetry Failure to Online.","","Event","S1 MV","","S1 FRTU","","S1 FRTU","S1-RCS-0922","Remote unit","S1-HV,S1-MV,S1-Viewer","S1-RCS-0922","S1-RCS-0922","QTA09S-08 : Master KCR (Khao Chaiyarat)","Trivial","NaN","Unknown","IT","Telemetry Alarm","None","SCADA","core\dnaApp_pcore","DC1-COR-DRT2","",""
"198","01/01/2025 4:13:41.738 AM","01/01/2025 4:13:41.716 AM","Remote unit state changed from Telemetry Failure to Online.","","Event","S1 MV","","S1 FRTU","","S1 FRTU","S1-RCS-0402","Remote unit","S1-HV,S1-MV,S1-Viewer","S1-RCS-0402","S1-RCS-0402","SSA10S-22 : Cellular TRUE","Trivial","NaN","Unknown","IT","Telemetry Alarm","None","SCADA","core\dnaApp_pcore","DC1-COR-DRT2","",""
"199","01/01/2025 3:36:55.724 AM","01/01/2025 3:36:55.724 AM","Remote unit state changed from Telemetry Failure to Online.","","Event","S1 MV","","S1 FRTU","","S1 FRTU","S1-RCS-1035","Remote unit","S1-HV,S1-MV,S1-Viewer","S1-RCS-1035","S1-RCS-1035","PBA02S-11 : Master PBB (Phetchaburi Office)","Trivial","NaN","Unknown","IT","Telemetry Alarm","None","SCADA","core\dnaApp_pcore","DC1-COR-DRT2","",""
"200","01/01/2025 2:30:23.498 AM","01/01/2025 2:30:23.498 AM","Remote unit state changed from Telemetry Failure to Online.","","Event","S1 MV","","S1 FRTU","","S1 FRTU","S1-RCS-0139","Remote unit","S1-HV,S1-MV,S1-Viewer","S1-RCS-0139","S1-RCS-0139","CBN01S-09 : Master SSA (Samut Songkhram Substation)","Trivial","NaN","Unknown","IT","Telemetry Alarm","None","SCADA","core\dnaApp_pcore","DC1-COR-DRT2","",""
"201","01/01/2025 2:30:05.331 AM","01/01/2025 2:30:05.330 AM","Remote unit state changed from Telemetry Failure to Online.","","Event","S1 MV","","S1 FRTU","","S1 FRTU","S1-RCS-0927","Remote unit","S1-HV,S1-MV,S1-Viewer","S1-RCS-0927","S1-RCS-0927","TSE01S-04 : Master TSE (Tha Sae Substation)","Trivial","NaN","Unknown","IT","Telemetry Alarm","None","SCADA","core\dnaApp_pcore","DC1-COR-DRT2","",""
"202","01/01/2025 2:23:30.008 AM","01/01/2025 2:23:30.007 AM","Remote unit state changed from Telemetry Failure to Online.","","Event","S1 MV","","S1 FRTU","","S1 FRTU","S1-RCS-0986","Remote unit","S1-HV,S1-MV,S1-Viewer","S1-RCS-0986","S1-RCS-0986","DNA04S-05 : Master DNA (Damnoen Saduak Substation)","Trivial","NaN","Unknown","IT","Telemetry Alarm","None","SCADA","core\dnaApp_pcore","DC1-COR-DRT2","",""
"203","01/01/2025 2:02:23.051 AM","01/01/2025 2:02:23.050 AM","Remote unit state changed from Telemetry Failure to Online.","","Event","S1 MV","","S1 FRTU","","S1 FRTU","S1-RCS-0927","Remote unit","S1-HV,S1-MV,S1-Viewer","S1-RCS-0927","S1-RCS-0927","TSE01S-04 : Master TSE (Tha Sae Substation)","Trivial","NaN","Unknown","IT","Telemetry Alarm","None","SCADA","core\dnaApp_pcore","DC1-COR-DRT2","",""
"204","01/01/2025 2:00:38.171 AM","01/01/2025 2:00:38.170 AM","Remote unit state changed from Telemetry Failure to Online.","","Event","S1 MV","","S1 FRTU","","S1 FRTU","S1-RCS-0986","Remote unit","S1-HV,S1-MV,S1-Viewer","S1-RCS-0986","S1-RCS-0986","DNA04S-05 : Master DNA (Damnoen Saduak Substation)","Trivial","NaN","Unknown","IT","Telemetry Alarm","None","SCADA","core\dnaApp_pcore","DC1-COR-DRT2","",""
"205","01/01/2025 1:52:46.900 AM","01/01/2025 1:52:46.899 AM","Remote unit state changed from Telemetry Failure to Online.","","Event","S1 MV","","S1 FRTU","","S1 FRTU","S1-RCS-0402","Remote unit","S1-HV,S1-MV,S1-Viewer","S1-RCS-0402","S1-RCS-0402","SSA10S-22 : Cellular TRUE","Trivial","NaN","Unknown","IT","Telemetry Alarm","None","SCADA","core\dnaApp_pcore","DC1-COR-DRT2","",""
"206","01/01/2025 1:48:37.011 AM","01/01/2025 1:48:37.010 AM","Remote unit state changed from Telemetry Failure to Online.","","Event","S1 MV","","S1 FRTU","","S1 FRTU","S1-RCS-0927","Remote unit","S1-HV,S1-MV,S1-Viewer","S1-RCS-0927","S1-RCS-0927","TSE01S-04 : Master TSE (Tha Sae Substation)","Trivial","NaN","Unknown","IT","Telemetry Alarm","None","SCADA","core\dnaApp_pcore","DC1-COR-DRT2","",""
"207","01/01/2025 1:46:05.811 AM","01/01/2025 1:46:05.810 AM","Remote unit state changed from Telemetry Failure to Online.","","Event","S1 MV","","S1 FRTU","","S1 FRTU","S1-RCS-0830","Remote unit","S1-HV,S1-MV,S1-Viewer","S1-RCS-0830","S1-RCS-0830","RBB08S-18 : Master RBB (Ratchaburi 2 Substation)","Trivial","NaN","Unknown","IT","Telemetry Alarm","None","SCADA","core\dnaApp_pcore","DC1-COR-DRT2","",""
"208","01/01/2025 1:34:23.724 AM","01/01/2025 1:34:23.723 AM","Remote unit state changed from Telemetry Failure to Online.","","Event","S1 MV","","S1 FRTU","","S1 FRTU","S1-RCS-0830","Remote unit","S1-HV,S1-MV,S1-Viewer","S1-RCS-0830","S1-RCS-0830","RBB08S-18 : Master RBB (Ratchaburi 2 Substation)","Trivial","NaN","Unknown","IT","Telemetry Alarm","None","SCADA","core\dnaApp_pcore","DC1-COR-DRT2","",""
"209","01/01/2025 1:13:29.569 AM","01/01/2025 1:13:29.568 AM","Remote unit state changed from Telemetry Failure to Online.","","Event","S1 MV","","S1 FRTU","","S1 FRTU","S1-RCS-0830","Remote unit","S1-HV,S1-MV,S1-Viewer","S1-RCS-0830","S1-RCS-0830","RBB08S-18 : Master RBB (Ratchaburi 2 Substation)","Trivial","NaN","Unknown","IT","Telemetry Alarm","None","SCADA","core\dnaApp_pcore","DC1-COR-DRT2","",""
"210","01/01/2025 1:10:53.511 AM","01/01/2025 1:10:53.505 AM","Remote unit state changed from Telemetry Failure to Online.","","Event","S1 MV","","S1 FRTU","","S1 FRTU","S1-RCS-0830","Remote unit","S1-HV,S1-MV,S1-Viewer","S1-RCS-0830","S1-RCS-0830","RBB08S-18 : Master RBB (Ratchaburi 2 Substation)","Trivial","NaN","Unknown","IT","Telemetry Alarm","None","SCADA","core\dnaApp_pcore","DC1-COR-DRT2","",""
"211","01/01/2025 1:04:54.162 AM","01/01/2025 1:04:54.161 AM","Remote unit state changed from Telemetry Failure to Online.","","Event","S1 MV","","S1 FRTU","","S1 FRTU","S1-RCS-0830","Remote unit","S1-HV,S1-MV,S1-Viewer","S1-RCS-0830","S1-RCS-0830","RBB08S-18 : Master RBB (Ratchaburi 2 Substation)","Trivial","NaN","Unknown","IT","Telemetry Alarm","None","SCADA","core\dnaApp_pcore","DC1-COR-DRT2","",""
"212","01/01/2025 1:03:13.245 AM","01/01/2025 1:03:13.244 AM","Remote unit state changed from Telemetry Failure to Online.","","Event","S1 MV","","S1 FRTU","","S1 FRTU","S1-RCS-0830","Remote unit","S1-HV,S1-MV,S1-Viewer","S1-RCS-0830","S1-RCS-0830","RBB08S-18 : Master RBB (Ratchaburi 2 Substation)","Trivial","NaN","Unknown","IT","Telemetry Alarm","None","SCADA","core\dnaApp_pcore","DC1-COR-DRT2","",""
"213","01/01/2025 12:52:08.878 AM","01/01/2025 12:52:08.877 AM","Remote unit state changed from Telemetry Failure to Online.","","Event","S1 MV","","S1 FRTU","","S1 FRTU","S1-RCS-1098","Remote unit","S1-HV,S1-MV,S1-Viewer","S1-RCS-1098","S1-RCS-1098","RNB04S-20 : Master LAU (La-un Office)","Trivial","NaN","Unknown","IT","Telemetry Alarm","None","SCADA","core\dnaApp_pcore","DC1-COR-DRT2","",""
"214","01/01/2025 12:35:41.260 AM","01/01/2025 12:35:41.259 AM","Remote unit state changed from Telemetry Failure to Online.","","Event","S1 MV","","S1 FRTU","","S1 FRTU","S1-RCS-0830","Remote unit","S1-HV,S1-MV,S1-Viewer","S1-RCS-0830","S1-RCS-0830","RBB08S-18 : Master RBB (Ratchaburi 2 Substation)","Trivial","NaN","Unknown","IT","Telemetry Alarm","None","SCADA","core\dnaApp_pcore","DC1-COR-DRT2","",""
"215","01/01/2025 12:22:19.669 AM","01/01/2025 12:22:19.668 AM","Remote unit state changed from Telemetry Failure to Online.","","Event","S1 MV","","S1 FRTU","","S1 FRTU","S1-RCS-0830","Remote unit","S1-HV,S1-MV,S1-Viewer","S1-RCS-0830","S1-RCS-0830","RBB08S-18 : Master RBB (Ratchaburi 2 Substation)","Trivial","NaN","Unknown","IT","Telemetry Alarm","None","SCADA","core\dnaApp_pcore","DC1-COR-DRT2","",""
"216","01/01/2025 12:17:04.673 AM","01/01/2025 12:17:04.669 AM","Remote unit state changed from Telemetry Failure to Online.","","Event","S1 MV","","S1 FRTU","","S1 FRTU","S1-RCS-0401","Remote unit","S1-HV,S1-MV,S1-Viewer","S1-RCS-0401","S1-RCS-0401","SSA05S-05 : Cellular TRUE","Trivial","NaN","Unknown","IT","Telemetry Alarm","None","SCADA","core\dnaApp_pcore","DC1-COR-DRT2","",""
"217","01/01/2025 12:07:26.776 AM","01/01/2025 12:07:26.775 AM","Remote unit state changed from Telemetry Failure to Online.","","Event","S1 MV","","S1 FRTU","","S1 FRTU","S1-RCS-0927","Remote unit","S1-HV,S1-MV,S1-Viewer","S1-RCS-0927","S1-RCS-0927","TSE01S-04 : Master TSE (Tha Sae Substation)","Trivial","NaN","Unknown","IT","Telemetry Alarm","None","SCADA","core\dnaApp_pcore","DC1-COR-DRT2","",""
"218","01/01/2025 12:07:18.553 AM","01/01/2025 12:07:18.552 AM","Remote unit state changed from Telemetry Failure to Online.","","Event","S1 MV","","S1 FRTU","","S1 FRTU","S1-RCS-0830","Remote unit","S1-HV,S1-MV,S1-Viewer","S1-RCS-0830","S1-RCS-0830","RBB08S-18 : Master RBB (Ratchaburi 2 Substation)","Trivial","NaN","Unknown","IT","Telemetry Alarm","None","SCADA","core\dnaApp_pcore","DC1-COR-DRT2","",""



