Event Summary - Thursday, April 3, 2025 1:16:28 PM
 Start Date: 01/01/2025 12:00:00 AM End Date: 01/02/2025 12:00:00 AM
Region contains S1
AND Substation contains S1 FRTU
AND Message contains Remote unit state changed from Telemetry Failure to Initializing.
AND Device contains S1-RCS

"#","Process time","Field change time","Message","Note","Type","Region","Subregion","Substation","Feeder","Location","Device","Device type","AOR","Element","RTU","Alias","Severity","Voltage level [kV]","Category","Class","Activity","Inhibit","Source","User name","Console name","Reason source","Reason ID"
"1","29/01/2025 2:38:07.825 PM","29/01/2025 2:38:07.823 PM","Remote unit state changed from Telemetry Failure to Initializing.","","Event","S1 MV","","S1 FRTU","","S1 FRTU","S1-RCS-0145","Remote unit","S1-HV,S1-MV,S1-Viewer","S1-RCS-0145","S1-RCS-0145","RNB04S-04 : Master RNB (Ranong 2 Substation)","Trivial","NaN","Unknown","IT","Telemetry Alarm","None","SCADA","core\dnaApp_pcore","DC1-COR-DRT2","",""
"2","29/01/2025 5:26:13.792 AM","29/01/2025 5:26:13.792 AM","Remote unit state changed from Telemetry Failure to Initializing.","","Event","S1 MV","","S1 FRTU","","S1 FRTU","S1-RCS-0089","Remote unit","S1-HV,S1-MV,S1-Viewer","S1-RCS-0089","S1-RCS-0089","PDA06S-10 : Master PJP (Prachuap Khiri Khan Office)","Trivial","NaN","Unknown","IT","Telemetry Alarm","None","SCADA","core\dnaApp_pcore","DC1-COR-DRT2","",""
"3","29/01/2025 3:34:47.656 AM","29/01/2025 3:34:47.656 AM","Remote unit state changed from Telemetry Failure to Initializing.","","Event","S1 MV","","S1 FRTU","","S1 FRTU","S1-RCS-0170","Remote unit","S1-HV,S1-MV,S1-Viewer","S1-RCS-0170","S1-RCS-0170","RNB07S-15 : Master RNB (Ranong 2 Substation)","Trivial","NaN","Unknown","IT","Telemetry Alarm","None","SCADA","core\dnaApp_pcore","DC1-COR-DRT2","",""
"4","28/01/2025 2:02:31.111 PM","28/01/2025 2:02:31.109 PM","Remote unit state changed from Telemetry Failure to Initializing.","","Event","S1 MV","","S1 FRTU","","S1 FRTU","S1-RCS-0089","Remote unit","S1-HV,S1-MV,S1-Viewer","S1-RCS-0089","S1-RCS-0089","PDA06S-10 : Master PJP (Prachuap Khiri Khan Office)","Trivial","NaN","Unknown","IT","Telemetry Alarm","None","SCADA","core\dnaApp_pcore","DC1-COR-DRT1","",""
"5","28/01/2025 1:38:42.187 PM","28/01/2025 1:38:42.186 PM","Remote unit state changed from Telemetry Failure to Initializing.","","Event","S1 MV","","S1 FRTU","","S1 FRTU","S1-RCS-0089","Remote unit","S1-HV,S1-MV,S1-Viewer","S1-RCS-0089","S1-RCS-0089","PDA06S-10 : Master PJP (Prachuap Khiri Khan Office)","Trivial","NaN","Unknown","IT","Telemetry Alarm","None","SCADA","core\dnaApp_pcore","DC1-COR-DRT1","",""
"6","28/01/2025 1:18:32.104 PM","28/01/2025 1:18:32.097 PM","Remote unit state changed from Telemetry Failure to Initializing.","","Event","S1 MV","","S1 FRTU","","S1 FRTU","S1-RCS-0089","Remote unit","S1-HV,S1-MV,S1-Viewer","S1-RCS-0089","S1-RCS-0089","PDA06S-10 : Master PJP (Prachuap Khiri Khan Office)","Trivial","NaN","Unknown","IT","Telemetry Alarm","None","SCADA","core\dnaApp_pcore","DC1-COR-DRT1","",""
"7","28/01/2025 11:32:12.370 AM","28/01/2025 11:32:12.369 AM","Remote unit state changed from Telemetry Failure to Initializing.","","Event","S1 MV","","S1 FRTU","","S1 FRTU","S1-RCS-0089","Remote unit","S1-HV,S1-MV,S1-Viewer","S1-RCS-0089","S1-RCS-0089","PDA06S-10 : Master PJP (Prachuap Khiri Khan Office)","Trivial","NaN","Unknown","IT","Telemetry Alarm","None","SCADA","core\dnaApp_pcore","DC1-COR-DRT1","",""
"8","28/01/2025 10:49:00.093 AM","28/01/2025 10:49:00.092 AM","Remote unit state changed from Telemetry Failure to Initializing.","","Event","S1 MV","","S1 FRTU","","S1 FRTU","S1-RCS-0089","Remote unit","S1-HV,S1-MV,S1-Viewer","S1-RCS-0089","S1-RCS-0089","PDA06S-10 : Master PJP (Prachuap Khiri Khan Office)","Trivial","NaN","Unknown","IT","Telemetry Alarm","None","SCADA","core\dnaApp_pcore","DC1-COR-DRT1","",""
"9","28/01/2025 9:13:09.614 AM","28/01/2025 9:13:09.609 AM","Remote unit state changed from Telemetry Failure to Initializing.","","Event","S1 MV","","S1 FRTU","","S1 FRTU","S1-RCS-0089","Remote unit","S1-HV,S1-MV,S1-Viewer","S1-RCS-0089","S1-RCS-0089","PDA06S-10 : Master PJP (Prachuap Khiri Khan Office)","Trivial","NaN","Unknown","IT","Telemetry Alarm","None","SCADA","core\dnaApp_pcore","DC1-COR-DRT1","",""
"10","28/01/2025 2:20:53.350 AM","28/01/2025 2:20:53.349 AM","Remote unit state changed from Telemetry Failure to Initializing.","","Event","S1 MV","","S1 FRTU","","S1 FRTU","S1-RCS-0089","Remote unit","S1-HV,S1-MV,S1-Viewer","S1-RCS-0089","S1-RCS-0089","PDA06S-10 : Master PJP (Prachuap Khiri Khan Office)","Trivial","NaN","Unknown","IT","Telemetry Alarm","None","SCADA","core\dnaApp_pcore","DC1-COR-DRT1","",""
"11","28/01/2025 2:09:38.299 AM","28/01/2025 2:09:38.298 AM","Remote unit state changed from Telemetry Failure to Initializing.","","Event","S1 MV","","S1 FRTU","","S1 FRTU","S1-RCS-0089","Remote unit","S1-HV,S1-MV,S1-Viewer","S1-RCS-0089","S1-RCS-0089","PDA06S-10 : Master PJP (Prachuap Khiri Khan Office)","Trivial","NaN","Unknown","IT","Telemetry Alarm","None","SCADA","core\dnaApp_pcore","DC1-COR-DRT1","",""
"12","27/01/2025 10:05:39.056 PM","27/01/2025 10:05:39.055 PM","Remote unit state changed from Telemetry Failure to Initializing.","","Event","S1 MV","","S1 FRTU","","S1 FRTU","S1-RCS-0089","Remote unit","S1-HV,S1-MV,S1-Viewer","S1-RCS-0089","S1-RCS-0089","PDA06S-10 : Master PJP (Prachuap Khiri Khan Office)","Trivial","NaN","Unknown","IT","Telemetry Alarm","None","SCADA","core\dnaApp_pcore","DC1-COR-DRT1","",""
"13","27/01/2025 9:19:19.247 PM","27/01/2025 9:19:19.238 PM","Remote unit state changed from Telemetry Failure to Initializing.","","Event","S1 MV","","S1 FRTU","","S1 FRTU","S1-RCS-0089","Remote unit","S1-HV,S1-MV,S1-Viewer","S1-RCS-0089","S1-RCS-0089","PDA06S-10 : Master PJP (Prachuap Khiri Khan Office)","Trivial","NaN","Unknown","IT","Telemetry Alarm","None","SCADA","core\dnaApp_pcore","DC1-COR-DRT1","",""
"14","27/01/2025 7:29:52.691 AM","27/01/2025 7:29:52.690 AM","Remote unit state changed from Telemetry Failure to Initializing.","","Event","S1 MV","","S1 FRTU","","S1 FRTU","S1-RCS-0001","Remote unit","S1-HV,S1-MV,S1-Viewer","S1-RCS-0001","S1-RCS-0001","BSP10S-19 : Master BGN (Bang Saphan Office)","Trivial","NaN","Unknown","IT","Telemetry Alarm","None","SCADA","core\dnaApp_pcore","DC1-COR-DRT1","",""
"15","26/01/2025 7:09:17.762 AM","26/01/2025 7:09:17.761 AM","Remote unit state changed from Telemetry Failure to Initializing.","","Event","S1 MV","","S1 FRTU","","S1 FRTU","S1-RCS-0160","Remote unit","S1-HV,S1-MV,S1-Viewer","S1-RCS-0160","S1-RCS-0160","KUA09S-09 : Master KUA (Kui Buri Substation)","Trivial","NaN","Unknown","IT","Telemetry Alarm","None","SCADA","core\dnaApp_pcore","DC1-COR-DRT1","",""
"16","25/01/2025 3:49:23.366 PM","25/01/2025 3:49:23.365 PM","Remote unit state changed from Telemetry Failure to Initializing.","","Event","S1 MV","","S1 FRTU","","S1 FRTU","S1-RCS-0226","Remote unit","S1-HV,S1-MV,S1-Viewer","S1-RCS-0226","S1-RCS-0226","RBA03S-11 : Master RBB (Ratchaburi 2 Substation)","Trivial","NaN","Unknown","IT","Telemetry Alarm","None","SCADA","core\dnaApp_pcore","DC1-COR-DRT1","",""
"17","25/01/2025 11:28:47.069 AM","25/01/2025 11:28:47.068 AM","Remote unit state changed from Telemetry Failure to Initializing.","","Event","S1 MV","","S1 FRTU","","S1 FRTU","S1-RCS-0089","Remote unit","S1-HV,S1-MV,S1-Viewer","S1-RCS-0089","S1-RCS-0089","PDA06S-10 : Master PJP (Prachuap Khiri Khan Office)","Trivial","NaN","Unknown","IT","Telemetry Alarm","None","SCADA","core\dnaApp_pcore","DC1-COR-DRT1","",""
"18","25/01/2025 9:24:05.270 AM","25/01/2025 9:24:05.269 AM","Remote unit state changed from Telemetry Failure to Initializing.","","Event","S1 MV","","S1 FRTU","","S1 FRTU","S1-RCS-0089","Remote unit","S1-HV,S1-MV,S1-Viewer","S1-RCS-0089","S1-RCS-0089","PDA06S-10 : Master PJP (Prachuap Khiri Khan Office)","Trivial","NaN","Unknown","IT","Telemetry Alarm","None","SCADA","core\dnaApp_pcore","DC1-COR-DRT1","",""
"19","25/01/2025 8:53:42.631 AM","25/01/2025 8:53:42.629 AM","Remote unit state changed from Telemetry Failure to Initializing.","","Event","S1 MV","","S1 FRTU","","S1 FRTU","S1-RCS-0089","Remote unit","S1-HV,S1-MV,S1-Viewer","S1-RCS-0089","S1-RCS-0089","PDA06S-10 : Master PJP (Prachuap Khiri Khan Office)","Trivial","NaN","Unknown","IT","Telemetry Alarm","None","SCADA","core\dnaApp_pcore","DC1-COR-DRT1","",""
"20","25/01/2025 6:06:34.342 AM","25/01/2025 6:06:34.341 AM","Remote unit state changed from Telemetry Failure to Initializing.","","Event","S1 MV","","S1 FRTU","","S1 FRTU","S1-RCS-0089","Remote unit","S1-HV,S1-MV,S1-Viewer","S1-RCS-0089","S1-RCS-0089","PDA06S-10 : Master PJP (Prachuap Khiri Khan Office)","Trivial","NaN","Unknown","IT","Telemetry Alarm","None","SCADA","core\dnaApp_pcore","DC1-COR-DRT1","",""
"21","25/01/2025 5:30:18.068 AM","25/01/2025 5:30:18.067 AM","Remote unit state changed from Telemetry Failure to Initializing.","","Event","S1 MV","","S1 FRTU","","S1 FRTU","S1-RCS-0089","Remote unit","S1-HV,S1-MV,S1-Viewer","S1-RCS-0089","S1-RCS-0089","PDA06S-10 : Master PJP (Prachuap Khiri Khan Office)","Trivial","NaN","Unknown","IT","Telemetry Alarm","None","SCADA","core\dnaApp_pcore","DC1-COR-DRT1","",""
"22","24/01/2025 10:55:54.720 PM","24/01/2025 10:55:54.718 PM","Remote unit state changed from Telemetry Failure to Initializing.","","Event","S1 MV","","S1 FRTU","","S1 FRTU","S1-RCS-0089","Remote unit","S1-HV,S1-MV,S1-Viewer","S1-RCS-0089","S1-RCS-0089","PDA06S-10 : Master PJP (Prachuap Khiri Khan Office)","Trivial","NaN","Unknown","IT","Telemetry Alarm","None","SCADA","core\dnaApp_pcore","DC1-COR-DRT1","",""
"23","24/01/2025 9:59:11.978 PM","24/01/2025 9:59:11.972 PM","Remote unit state changed from Telemetry Failure to Initializing.","","Event","S1 MV","","S1 FRTU","","S1 FRTU","S1-RCS-0089","Remote unit","S1-HV,S1-MV,S1-Viewer","S1-RCS-0089","S1-RCS-0089","PDA06S-10 : Master PJP (Prachuap Khiri Khan Office)","Trivial","NaN","Unknown","IT","Telemetry Alarm","None","SCADA","core\dnaApp_pcore","DC1-COR-DRT1","",""
"24","24/01/2025 2:31:42.211 PM","24/01/2025 2:31:42.210 PM","Remote unit state changed from Telemetry Failure to Initializing.","","Event","S1 MV","","S1 FRTU","","S1 FRTU","S1-RCS-0089","Remote unit","S1-HV,S1-MV,S1-Viewer","S1-RCS-0089","S1-RCS-0089","PDA06S-10 : Master PJP (Prachuap Khiri Khan Office)","Trivial","NaN","Unknown","IT","Telemetry Alarm","None","SCADA","core\dnaApp_pcore","DC1-COR-DRT1","",""
"25","24/01/2025 2:26:51.004 PM","24/01/2025 2:26:51.003 PM","Remote unit state changed from Telemetry Failure to Initializing.","","Event","S1 MV","","S1 FRTU","","S1 FRTU","S1-RCS-0089","Remote unit","S1-HV,S1-MV,S1-Viewer","S1-RCS-0089","S1-RCS-0089","PDA06S-10 : Master PJP (Prachuap Khiri Khan Office)","Trivial","NaN","Unknown","IT","Telemetry Alarm","None","SCADA","core\dnaApp_pcore","DC1-COR-DRT1","",""
"26","24/01/2025 2:18:26.468 PM","24/01/2025 2:18:26.467 PM","Remote unit state changed from Telemetry Failure to Initializing.","","Event","S1 MV","","S1 FRTU","","S1 FRTU","S1-RCS-0089","Remote unit","S1-HV,S1-MV,S1-Viewer","S1-RCS-0089","S1-RCS-0089","PDA06S-10 : Master PJP (Prachuap Khiri Khan Office)","Trivial","NaN","Unknown","IT","Telemetry Alarm","None","SCADA","core\dnaApp_pcore","DC1-COR-DRT1","",""
"27","24/01/2025 12:30:42.536 PM","24/01/2025 12:30:42.536 PM","Remote unit state changed from Telemetry Failure to Initializing.","","Event","S1 MV","","S1 FRTU","","S1 FRTU","S1-RCS-3320","Remote unit","S1-HV,S1-MV,S1-Viewer","S1-RCS-3320","S1-RCS-3320","BPC02S-04 : Master --- (Nakhon Pathom 2 Substation)","Trivial","NaN","Unknown","IT","Telemetry Alarm","None","SCADA","core\dnaApp_pcore","DC1-COR-DRT1","",""
"28","24/01/2025 12:50:10.574 AM","24/01/2025 12:50:10.564 AM","Remote unit state changed from Telemetry Failure to Initializing.","","Event","S1 MV","","S1 FRTU","","S1 FRTU","S1-RCS-0509","Remote unit","S1-HV,S1-MV,S1-Viewer","S1-RCS-0509","S1-RCS-0509","CBN04S-07 : Master CBN (Chom Bueng Substation)","Trivial","NaN","Unknown","IT","Telemetry Alarm","None","SCADA","core\dnaApp_pcore","DC1-COR-DRT1","",""
"29","23/01/2025 12:02:31.741 AM","23/01/2025 12:02:31.740 AM","Remote unit state changed from Telemetry Failure to Initializing.","","Event","S1 MV","","S1 FRTU","","S1 FRTU","S1-RCS-0985","Remote unit","S1-HV,S1-MV,S1-Viewer","S1-RCS-0985","S1-RCS-0985","DNA05S-31 : Master DNA (Damnoen Saduak Substation)","Trivial","NaN","Unknown","IT","Telemetry Alarm","None","SCADA","core\dnaApp_bcore","DC2-COR-DRT1","",""
"30","16/01/2025 4:47:25.847 PM","16/01/2025 4:47:25.845 PM","Remote unit state changed from Telemetry Failure to Initializing.","","Event","S1 MV","","S1 FRTU","","S1 FRTU","S1-RCS-0193","Remote unit","S1-HV,S1-MV,S1-Viewer","S1-RCS-0193","S1-RCS-0193","RBB03S-10 : Master RBB (Ratchaburi 2 Substation)","Trivial","NaN","Unknown","IT","Telemetry Alarm","None","SCADA","core\dnaApp_pcore","DC1-COR-DRT2","",""
"31","16/01/2025 1:09:31.563 AM","16/01/2025 1:09:31.562 AM","Remote unit state changed from Telemetry Failure to Initializing.","","Event","S1 MV","","S1 FRTU","","S1 FRTU","S1-RCS-0514","Remote unit","S1-HV,S1-MV,S1-Viewer","S1-RCS-0514","S1-RCS-0514","CBN09S-09 : Master CBN (Chom Bueng Substation)","Trivial","NaN","Unknown","IT","Telemetry Alarm","None","SCADA","core\dnaApp_pcore","DC1-COR-DRT2","",""
"32","15/01/2025 4:02:38.076 PM","15/01/2025 4:02:38.070 PM","Remote unit state changed from Telemetry Failure to Initializing.","","Event","S1 MV","","S1 FRTU","","S1 FRTU","S1-RCS-0089","Remote unit","S1-HV,S1-MV,S1-Viewer","S1-RCS-0089","S1-RCS-0089","PDA06S-10 : Master PJP (Prachuap Khiri Khan Office)","Trivial","NaN","Unknown","IT","Telemetry Alarm","None","SCADA","core\dnaApp_pcore","DC1-COR-DRT2","",""
"33","15/01/2025 3:52:41.905 PM","15/01/2025 3:52:41.904 PM","Remote unit state changed from Telemetry Failure to Initializing.","","Event","S1 MV","","S1 FRTU","","S1 FRTU","S1-RCS-0089","Remote unit","S1-HV,S1-MV,S1-Viewer","S1-RCS-0089","S1-RCS-0089","PDA06S-10 : Master PJP (Prachuap Khiri Khan Office)","Trivial","NaN","Unknown","IT","Telemetry Alarm","None","SCADA","core\dnaApp_pcore","DC1-COR-DRT2","",""
"34","15/01/2025 3:18:32.186 PM","15/01/2025 3:18:32.178 PM","Remote unit state changed from Telemetry Failure to Initializing.","","Event","S1 MV","","S1 FRTU","","S1 FRTU","S1-RCS-0089","Remote unit","S1-HV,S1-MV,S1-Viewer","S1-RCS-0089","S1-RCS-0089","PDA06S-10 : Master PJP (Prachuap Khiri Khan Office)","Trivial","NaN","Unknown","IT","Telemetry Alarm","None","SCADA","core\dnaApp_pcore","DC1-COR-DRT2","",""
"35","15/01/2025 2:27:01.801 PM","15/01/2025 2:27:01.799 PM","Remote unit state changed from Telemetry Failure to Initializing.","","Event","S1 MV","","S1 FRTU","","S1 FRTU","S1-RCS-0089","Remote unit","S1-HV,S1-MV,S1-Viewer","S1-RCS-0089","S1-RCS-0089","PDA06S-10 : Master PJP (Prachuap Khiri Khan Office)","Trivial","NaN","Unknown","IT","Telemetry Alarm","None","SCADA","core\dnaApp_pcore","DC1-COR-DRT2","",""
"36","15/01/2025 2:12:25.447 PM","15/01/2025 2:12:25.446 PM","Remote unit state changed from Telemetry Failure to Initializing.","","Event","S1 MV","","S1 FRTU","","S1 FRTU","S1-RCS-0089","Remote unit","S1-HV,S1-MV,S1-Viewer","S1-RCS-0089","S1-RCS-0089","PDA06S-10 : Master PJP (Prachuap Khiri Khan Office)","Trivial","NaN","Unknown","IT","Telemetry Alarm","None","SCADA","core\dnaApp_pcore","DC1-COR-DRT2","",""
"37","15/01/2025 1:38:15.252 PM","15/01/2025 1:38:15.244 PM","Remote unit state changed from Telemetry Failure to Initializing.","","Event","S1 MV","","S1 FRTU","","S1 FRTU","S1-RCS-0089","Remote unit","S1-HV,S1-MV,S1-Viewer","S1-RCS-0089","S1-RCS-0089","PDA06S-10 : Master PJP (Prachuap Khiri Khan Office)","Trivial","NaN","Unknown","IT","Telemetry Alarm","None","SCADA","core\dnaApp_pcore","DC1-COR-DRT2","",""
"38","15/01/2025 9:12:04.349 AM","15/01/2025 9:12:04.349 AM","Remote unit state changed from Telemetry Failure to Initializing.","","Event","S1 MV","","S1 FRTU","","S1 FRTU","S1-RCS-0089","Remote unit","S1-HV,S1-MV,S1-Viewer","S1-RCS-0089","S1-RCS-0089","PDA06S-10 : Master PJP (Prachuap Khiri Khan Office)","Trivial","NaN","Unknown","IT","Telemetry Alarm","None","SCADA","core\dnaApp_pcore","DC1-COR-DRT2","",""
"39","15/01/2025 9:10:36.612 AM","15/01/2025 9:10:34.777 AM","Remote unit state changed from Telemetry Failure to Initializing.","","Event","S1 MV","","S1 FRTU","","S1 FRTU","S1-RCS-0089","Remote unit","S1-HV,S1-MV,S1-Viewer","S1-RCS-0089","S1-RCS-0089","PDA06S-10 : Master PJP (Prachuap Khiri Khan Office)","Trivial","NaN","Unknown","IT","Telemetry Alarm","None","SCADA","core\dnaApp_pcore","DC1-COR-DRT2","",""
"40","14/01/2025 10:19:33.893 PM","14/01/2025 10:19:33.881 PM","Remote unit state changed from Telemetry Failure to Initializing.","","Event","S1 MV","","S1 FRTU","","S1 FRTU","S1-RCS-0089","Remote unit","S1-HV,S1-MV,S1-Viewer","S1-RCS-0089","S1-RCS-0089","PDA06S-10 : Master PJP (Prachuap Khiri Khan Office)","Trivial","NaN","Unknown","IT","Telemetry Alarm","None","SCADA","core\dnaApp_pcore","DC1-COR-DRT2","",""
"41","14/01/2025 8:37:01.317 PM","14/01/2025 8:37:01.316 PM","Remote unit state changed from Telemetry Failure to Initializing.","","Event","S1 MV","","S1 FRTU","","S1 FRTU","S1-RCS-0089","Remote unit","S1-HV,S1-MV,S1-Viewer","S1-RCS-0089","S1-RCS-0089","PDA06S-10 : Master PJP (Prachuap Khiri Khan Office)","Trivial","NaN","Unknown","IT","Telemetry Alarm","None","SCADA","core\dnaApp_pcore","DC1-COR-DRT2","",""
"42","14/01/2025 4:30:28.906 PM","14/01/2025 4:30:28.902 PM","Remote unit state changed from Telemetry Failure to Initializing.","","Event","S1 MV","","S1 FRTU","","S1 FRTU","S1-RCS-0025","Remote unit","S1-HV,S1-MV,S1-Viewer","S1-RCS-0025","S1-RCS-0025","CPA03S-05 : Master CPB (Chumphon 2 Substation)","Trivial","NaN","Unknown","IT","Telemetry Alarm","None","SCADA","core\dnaApp_pcore","DC1-COR-DRT2","",""
"43","14/01/2025 3:35:40.187 PM","14/01/2025 3:35:40.183 PM","Remote unit state changed from Telemetry Failure to Initializing.","","Event","S1 MV","","S1 FRTU","","S1 FRTU","S1-RCS-0089","Remote unit","S1-HV,S1-MV,S1-Viewer","S1-RCS-0089","S1-RCS-0089","PDA06S-10 : Master PJP (Prachuap Khiri Khan Office)","Trivial","NaN","Unknown","IT","Telemetry Alarm","None","SCADA","core\dnaApp_pcore","DC1-COR-DRT2","",""
"44","14/01/2025 11:22:36.670 AM","14/01/2025 11:22:36.668 AM","Remote unit state changed from Telemetry Failure to Initializing.","","Event","S1 MV","","S1 FRTU","","S1 FRTU","S1-RCS-0089","Remote unit","S1-HV,S1-MV,S1-Viewer","S1-RCS-0089","S1-RCS-0089","PDA06S-10 : Master PJP (Prachuap Khiri Khan Office)","Trivial","NaN","Unknown","IT","Telemetry Alarm","None","SCADA","core\dnaApp_pcore","DC1-COR-DRT2","",""
"45","13/01/2025 7:04:03.367 PM","13/01/2025 7:04:03.366 PM","Remote unit state changed from Telemetry Failure to Initializing.","","Event","S1 MV","","S1 FRTU","","S1 FRTU","S1-RCS-0089","Remote unit","S1-HV,S1-MV,S1-Viewer","S1-RCS-0089","S1-RCS-0089","PDA06S-10 : Master PJP (Prachuap Khiri Khan Office)","Trivial","NaN","Unknown","IT","Telemetry Alarm","None","SCADA","core\dnaApp_pcore","DC1-COR-DRT2","",""
"46","13/01/2025 4:22:27.815 PM","13/01/2025 4:22:27.805 PM","Remote unit state changed from Telemetry Failure to Initializing.","","Event","S1 MV","","S1 FRTU","","S1 FRTU","S1-RCS-0089","Remote unit","S1-HV,S1-MV,S1-Viewer","S1-RCS-0089","S1-RCS-0089","PDA06S-10 : Master PJP (Prachuap Khiri Khan Office)","Trivial","NaN","Unknown","IT","Telemetry Alarm","None","SCADA","core\dnaApp_pcore","DC1-COR-DRT2","",""
"47","12/01/2025 8:45:30.798 AM","12/01/2025 8:45:30.798 AM","Remote unit state changed from Telemetry Failure to Initializing.","","Event","S1 MV","","S1 FRTU","","S1 FRTU","S1-RCS-0721","Remote unit","S1-HV,S1-MV,S1-Viewer","S1-RCS-0721","S1-RCS-0721","RNA03S-07 : Master RNA (Ranong 1 Substation)","Trivial","NaN","Unknown","IT","Telemetry Alarm","None","SCADA","core\dnaApp_pcore","DC1-COR-DRT2","",""
"48","11/01/2025 7:39:21.660 AM","11/01/2025 7:39:21.652 AM","Remote unit state changed from Telemetry Failure to Initializing.","","Event","S1 MV","","S1 FRTU","","S1 FRTU","S1-RCS-0224","Remote unit","S1-HV,S1-MV,S1-Viewer","S1-RCS-0224","S1-RCS-0224","KHY09S-05 : Master PBA (PEA Office S1)","Trivial","NaN","Unknown","IT","Telemetry Alarm","None","SCADA","core\dnaApp_pcore","DC1-COR-DRT2","",""
"49","11/01/2025 7:25:22.944 AM","11/01/2025 7:25:22.942 AM","Remote unit state changed from Telemetry Failure to Initializing.","","Event","S1 MV","","S1 FRTU","","S1 FRTU","S1-RCS-0224","Remote unit","S1-HV,S1-MV,S1-Viewer","S1-RCS-0224","S1-RCS-0224","KHY09S-05 : Master PBA (PEA Office S1)","Trivial","NaN","Unknown","IT","Telemetry Alarm","None","SCADA","core\dnaApp_pcore","DC1-COR-DRT2","",""
"50","09/01/2025 7:04:51.534 PM","09/01/2025 7:04:51.533 PM","Remote unit state changed from Telemetry Failure to Initializing.","","Event","S1 MV","","S1 FRTU","","S1 FRTU","S1-RCS-0223","Remote unit","S1-HV,S1-MV,S1-Viewer","S1-RCS-0223","S1-RCS-0223","KHY04S-12 : Master PBB (Phetchaburi Office)","Trivial","NaN","Unknown","IT","Telemetry Alarm","None","SCADA","core\dnaApp_pcore","DC1-COR-DRT2","",""
"51","09/01/2025 6:34:01.204 PM","09/01/2025 6:34:01.188 PM","Remote unit state changed from Telemetry Failure to Initializing.","","Event","S1 MV","","S1 FRTU","","S1 FRTU","S1-RCS-0223","Remote unit","S1-HV,S1-MV,S1-Viewer","S1-RCS-0223","S1-RCS-0223","KHY04S-12 : Master PBB (Phetchaburi Office)","Trivial","NaN","Unknown","IT","Telemetry Alarm","None","SCADA","core\dnaApp_pcore","DC1-COR-DRT2","",""
"52","08/01/2025 4:52:22.056 PM","08/01/2025 4:52:22.054 PM","Remote unit state changed from Telemetry Failure to Initializing.","","Event","S1 MV","","S1 FRTU","","S1 FRTU","S1-RCS-0089","Remote unit","S1-HV,S1-MV,S1-Viewer","S1-RCS-0089","S1-RCS-0089","PDA06S-10 : Master PJP (Prachuap Khiri Khan Office)","Trivial","NaN","Unknown","IT","Telemetry Alarm","None","SCADA","core\dnaApp_pcore","DC1-COR-DRT2","",""
"53","08/01/2025 3:34:32.970 PM","08/01/2025 3:34:32.960 PM","Remote unit state changed from Telemetry Failure to Initializing.","","Event","S1 MV","","S1 FRTU","","S1 FRTU","S1-RCS-0089","Remote unit","S1-HV,S1-MV,S1-Viewer","S1-RCS-0089","S1-RCS-0089","PDA06S-10 : Master PJP (Prachuap Khiri Khan Office)","Trivial","NaN","Unknown","IT","Telemetry Alarm","None","SCADA","core\dnaApp_pcore","DC1-COR-DRT2","",""
"54","08/01/2025 11:42:40.587 AM","08/01/2025 11:42:40.585 AM","Remote unit state changed from Telemetry Failure to Initializing.","","Event","S1 MV","","S1 FRTU","","S1 FRTU","S1-RCS-3314","Remote unit","S1-HV,S1-MV,S1-Viewer","S1-RCS-3314","S1-RCS-3314","Ban Pong 2 Substation","Trivial","NaN","Unknown","IT","Telemetry Alarm","None","SCADA","core\dnaApp_pcore","DC1-COR-DRT2","",""
"55","08/01/2025 11:04:03.618 AM","08/01/2025 11:04:03.618 AM","Remote unit state changed from Telemetry Failure to Initializing.","","Event","S1 MV","","S1 FRTU","","S1 FRTU","S1-RCS-0089","Remote unit","S1-HV,S1-MV,S1-Viewer","S1-RCS-0089","S1-RCS-0089","PDA06S-10 : Master PJP (Prachuap Khiri Khan Office)","Trivial","NaN","Unknown","IT","Telemetry Alarm","None","SCADA","core\dnaApp_pcore","DC1-COR-DRT2","",""
"56","08/01/2025 9:56:04.397 AM","08/01/2025 9:56:04.397 AM","Remote unit state changed from Telemetry Failure to Initializing.","","Event","S1 MV","","S1 FRTU","","S1 FRTU","S1-RCS-0089","Remote unit","S1-HV,S1-MV,S1-Viewer","S1-RCS-0089","S1-RCS-0089","PDA06S-10 : Master PJP (Prachuap Khiri Khan Office)","Trivial","NaN","Unknown","IT","Telemetry Alarm","None","SCADA","core\dnaApp_pcore","DC1-COR-DRT2","",""
"57","07/01/2025 5:53:17.431 AM","07/01/2025 5:53:17.430 AM","Remote unit state changed from Telemetry Failure to Initializing.","","Event","S1 MV","","S1 FRTU","","S1 FRTU","S1-RCS-0089","Remote unit","S1-HV,S1-MV,S1-Viewer","S1-RCS-0089","S1-RCS-0089","PDA06S-10 : Master PJP (Prachuap Khiri Khan Office)","Trivial","NaN","Unknown","IT","Telemetry Alarm","None","SCADA","core\dnaApp_pcore","DC1-COR-DRT1","",""
"58","06/01/2025 9:06:57.007 PM","06/01/2025 9:06:57.006 PM","Remote unit state changed from Telemetry Failure to Initializing.","","Event","S1 MV","","S1 FRTU","","S1 FRTU","S1-RCS-0089","Remote unit","S1-HV,S1-MV,S1-Viewer","S1-RCS-0089","S1-RCS-0089","PDA06S-10 : Master PJP (Prachuap Khiri Khan Office)","Trivial","NaN","Unknown","IT","Telemetry Alarm","None","SCADA","core\dnaApp_pcore","DC1-COR-DRT1","",""
"59","06/01/2025 7:58:55.954 PM","06/01/2025 7:58:55.952 PM","Remote unit state changed from Telemetry Failure to Initializing.","","Event","S1 MV","","S1 FRTU","","S1 FRTU","S1-RCS-0089","Remote unit","S1-HV,S1-MV,S1-Viewer","S1-RCS-0089","S1-RCS-0089","PDA06S-10 : Master PJP (Prachuap Khiri Khan Office)","Trivial","NaN","Unknown","IT","Telemetry Alarm","None","SCADA","core\dnaApp_pcore","DC1-COR-DRT1","",""
"60","06/01/2025 7:49:04.298 PM","06/01/2025 7:49:04.286 PM","Remote unit state changed from Telemetry Failure to Initializing.","","Event","S1 MV","","S1 FRTU","","S1 FRTU","S1-RCS-0089","Remote unit","S1-HV,S1-MV,S1-Viewer","S1-RCS-0089","S1-RCS-0089","PDA06S-10 : Master PJP (Prachuap Khiri Khan Office)","Trivial","NaN","Unknown","IT","Telemetry Alarm","None","SCADA","core\dnaApp_pcore","DC1-COR-DRT1","",""
"61","06/01/2025 7:32:48.276 PM","06/01/2025 7:32:48.267 PM","Remote unit state changed from Telemetry Failure to Initializing.","","Event","S1 MV","","S1 FRTU","","S1 FRTU","S1-RCS-0089","Remote unit","S1-HV,S1-MV,S1-Viewer","S1-RCS-0089","S1-RCS-0089","PDA06S-10 : Master PJP (Prachuap Khiri Khan Office)","Trivial","NaN","Unknown","IT","Telemetry Alarm","None","SCADA","core\dnaApp_pcore","DC1-COR-DRT1","",""
"62","06/01/2025 7:27:09.601 PM","06/01/2025 7:27:09.600 PM","Remote unit state changed from Telemetry Failure to Initializing.","","Event","S1 MV","","S1 FRTU","","S1 FRTU","S1-RCS-0089","Remote unit","S1-HV,S1-MV,S1-Viewer","S1-RCS-0089","S1-RCS-0089","PDA06S-10 : Master PJP (Prachuap Khiri Khan Office)","Trivial","NaN","Unknown","IT","Telemetry Alarm","None","SCADA","core\dnaApp_pcore","DC1-COR-DRT1","",""
"63","06/01/2025 5:05:51.875 PM","06/01/2025 5:05:51.874 PM","Remote unit state changed from Telemetry Failure to Initializing.","","Event","S1 MV","","S1 FRTU","","S1 FRTU","S1-RCS-0089","Remote unit","S1-HV,S1-MV,S1-Viewer","S1-RCS-0089","S1-RCS-0089","PDA06S-10 : Master PJP (Prachuap Khiri Khan Office)","Trivial","NaN","Unknown","IT","Telemetry Alarm","None","SCADA","core\dnaApp_pcore","DC1-COR-DRT1","",""
"64","06/01/2025 4:28:47.427 PM","06/01/2025 4:28:47.417 PM","Remote unit state changed from Telemetry Failure to Initializing.","","Event","S1 MV","","S1 FRTU","","S1 FRTU","S1-RCS-0089","Remote unit","S1-HV,S1-MV,S1-Viewer","S1-RCS-0089","S1-RCS-0089","PDA06S-10 : Master PJP (Prachuap Khiri Khan Office)","Trivial","NaN","Unknown","IT","Telemetry Alarm","None","SCADA","core\dnaApp_pcore","DC1-COR-DRT1","",""
"65","05/01/2025 10:12:36.352 PM","05/01/2025 10:12:36.350 PM","Remote unit state changed from Telemetry Failure to Initializing.","","Event","S1 MV","","S1 FRTU","","S1 FRTU","S1-RCS-0215","Remote unit","S1-HV,S1-MV,S1-Viewer","S1-RCS-0215","S1-RCS-0215","PBA10S-14 : Master TAY (Tha Yang Office)","Trivial","NaN","Unknown","IT","Telemetry Alarm","None","SCADA","core\dnaApp_pcore","DC1-COR-DRT1","",""
"66","05/01/2025 7:25:39.116 PM","05/01/2025 7:25:39.111 PM","Remote unit state changed from Telemetry Failure to Initializing.","","Event","S1 MV","","S1 FRTU","","S1 FRTU","S1-RCS-0089","Remote unit","S1-HV,S1-MV,S1-Viewer","S1-RCS-0089","S1-RCS-0089","PDA06S-10 : Master PJP (Prachuap Khiri Khan Office)","Trivial","NaN","Unknown","IT","Telemetry Alarm","None","SCADA","core\dnaApp_pcore","DC1-COR-DRT1","",""
"67","05/01/2025 6:12:33.585 PM","05/01/2025 6:12:33.580 PM","Remote unit state changed from Telemetry Failure to Initializing.","","Event","S1 MV","","S1 FRTU","","S1 FRTU","S1-RCS-0089","Remote unit","S1-HV,S1-MV,S1-Viewer","S1-RCS-0089","S1-RCS-0089","PDA06S-10 : Master PJP (Prachuap Khiri Khan Office)","Trivial","NaN","Unknown","IT","Telemetry Alarm","None","SCADA","core\dnaApp_pcore","DC1-COR-DRT1","",""
"68","05/01/2025 6:08:51.934 PM","05/01/2025 6:08:51.933 PM","Remote unit state changed from Telemetry Failure to Initializing.","","Event","S1 MV","","S1 FRTU","","S1 FRTU","S1-RCS-0089","Remote unit","S1-HV,S1-MV,S1-Viewer","S1-RCS-0089","S1-RCS-0089","PDA06S-10 : Master PJP (Prachuap Khiri Khan Office)","Trivial","NaN","Unknown","IT","Telemetry Alarm","None","SCADA","core\dnaApp_pcore","DC1-COR-DRT1","",""
"69","05/01/2025 4:09:55.187 PM","05/01/2025 4:09:55.186 PM","Remote unit state changed from Telemetry Failure to Initializing.","","Event","S1 MV","","S1 FRTU","","S1 FRTU","S1-RCS-0089","Remote unit","S1-HV,S1-MV,S1-Viewer","S1-RCS-0089","S1-RCS-0089","PDA06S-10 : Master PJP (Prachuap Khiri Khan Office)","Trivial","NaN","Unknown","IT","Telemetry Alarm","None","SCADA","core\dnaApp_pcore","DC1-COR-DRT1","",""
"70","05/01/2025 4:07:22.010 PM","05/01/2025 4:07:22.009 PM","Remote unit state changed from Telemetry Failure to Initializing.","","Event","S1 MV","","S1 FRTU","","S1 FRTU","S1-RCS-0089","Remote unit","S1-HV,S1-MV,S1-Viewer","S1-RCS-0089","S1-RCS-0089","PDA06S-10 : Master PJP (Prachuap Khiri Khan Office)","Trivial","NaN","Unknown","IT","Telemetry Alarm","None","SCADA","core\dnaApp_pcore","DC1-COR-DRT1","",""
"71","05/01/2025 3:47:25.288 PM","05/01/2025 3:47:25.273 PM","Remote unit state changed from Telemetry Failure to Initializing.","","Event","S1 MV","","S1 FRTU","","S1 FRTU","S1-RCS-0089","Remote unit","S1-HV,S1-MV,S1-Viewer","S1-RCS-0089","S1-RCS-0089","PDA06S-10 : Master PJP (Prachuap Khiri Khan Office)","Trivial","NaN","Unknown","IT","Telemetry Alarm","None","SCADA","core\dnaApp_pcore","DC1-COR-DRT1","",""
"72","05/01/2025 1:45:21.547 PM","05/01/2025 1:45:21.546 PM","Remote unit state changed from Telemetry Failure to Initializing.","","Event","S1 MV","","S1 FRTU","","S1 FRTU","S1-RCS-0089","Remote unit","S1-HV,S1-MV,S1-Viewer","S1-RCS-0089","S1-RCS-0089","PDA06S-10 : Master PJP (Prachuap Khiri Khan Office)","Trivial","NaN","Unknown","IT","Telemetry Alarm","None","SCADA","core\dnaApp_pcore","DC1-COR-DRT1","",""
"73","05/01/2025 12:14:15.662 PM","05/01/2025 12:14:15.660 PM","Remote unit state changed from Telemetry Failure to Initializing.","","Event","S1 MV","","S1 FRTU","","S1 FRTU","S1-RCS-0089","Remote unit","S1-HV,S1-MV,S1-Viewer","S1-RCS-0089","S1-RCS-0089","PDA06S-10 : Master PJP (Prachuap Khiri Khan Office)","Trivial","NaN","Unknown","IT","Telemetry Alarm","None","SCADA","core\dnaApp_pcore","DC1-COR-DRT1","",""
"74","05/01/2025 10:06:27.573 AM","05/01/2025 10:06:27.572 AM","Remote unit state changed from Telemetry Failure to Initializing.","","Event","S1 MV","","S1 FRTU","","S1 FRTU","S1-RCS-0089","Remote unit","S1-HV,S1-MV,S1-Viewer","S1-RCS-0089","S1-RCS-0089","PDA06S-10 : Master PJP (Prachuap Khiri Khan Office)","Trivial","NaN","Unknown","IT","Telemetry Alarm","None","SCADA","core\dnaApp_pcore","DC1-COR-DRT1","",""
"75","05/01/2025 8:47:16.722 AM","05/01/2025 8:47:16.721 AM","Remote unit state changed from Telemetry Failure to Initializing.","","Event","S1 MV","","S1 FRTU","","S1 FRTU","S1-RCS-0089","Remote unit","S1-HV,S1-MV,S1-Viewer","S1-RCS-0089","S1-RCS-0089","PDA06S-10 : Master PJP (Prachuap Khiri Khan Office)","Trivial","NaN","Unknown","IT","Telemetry Alarm","None","SCADA","core\dnaApp_pcore","DC1-COR-DRT1","",""
"76","05/01/2025 6:26:26.484 AM","05/01/2025 6:26:26.483 AM","Remote unit state changed from Telemetry Failure to Initializing.","","Event","S1 MV","","S1 FRTU","","S1 FRTU","S1-RCS-0089","Remote unit","S1-HV,S1-MV,S1-Viewer","S1-RCS-0089","S1-RCS-0089","PDA06S-10 : Master PJP (Prachuap Khiri Khan Office)","Trivial","NaN","Unknown","IT","Telemetry Alarm","None","SCADA","core\dnaApp_pcore","DC1-COR-DRT1","",""
"77","05/01/2025 6:22:04.751 AM","05/01/2025 6:22:04.743 AM","Remote unit state changed from Telemetry Failure to Initializing.","","Event","S1 MV","","S1 FRTU","","S1 FRTU","S1-RCS-0089","Remote unit","S1-HV,S1-MV,S1-Viewer","S1-RCS-0089","S1-RCS-0089","PDA06S-10 : Master PJP (Prachuap Khiri Khan Office)","Trivial","NaN","Unknown","IT","Telemetry Alarm","None","SCADA","core\dnaApp_pcore","DC1-COR-DRT1","",""
"78","05/01/2025 6:15:30.519 AM","05/01/2025 6:15:30.512 AM","Remote unit state changed from Telemetry Failure to Initializing.","","Event","S1 MV","","S1 FRTU","","S1 FRTU","S1-RCS-0089","Remote unit","S1-HV,S1-MV,S1-Viewer","S1-RCS-0089","S1-RCS-0089","PDA06S-10 : Master PJP (Prachuap Khiri Khan Office)","Trivial","NaN","Unknown","IT","Telemetry Alarm","None","SCADA","core\dnaApp_pcore","DC1-COR-DRT1","",""
"79","05/01/2025 6:11:01.837 AM","05/01/2025 6:11:01.837 AM","Remote unit state changed from Telemetry Failure to Initializing.","","Event","S1 MV","","S1 FRTU","","S1 FRTU","S1-RCS-0089","Remote unit","S1-HV,S1-MV,S1-Viewer","S1-RCS-0089","S1-RCS-0089","PDA06S-10 : Master PJP (Prachuap Khiri Khan Office)","Trivial","NaN","Unknown","IT","Telemetry Alarm","None","SCADA","core\dnaApp_pcore","DC1-COR-DRT1","",""
"80","05/01/2025 6:05:40.605 AM","05/01/2025 6:05:40.603 AM","Remote unit state changed from Telemetry Failure to Initializing.","","Event","S1 MV","","S1 FRTU","","S1 FRTU","S1-RCS-0089","Remote unit","S1-HV,S1-MV,S1-Viewer","S1-RCS-0089","S1-RCS-0089","PDA06S-10 : Master PJP (Prachuap Khiri Khan Office)","Trivial","NaN","Unknown","IT","Telemetry Alarm","None","SCADA","core\dnaApp_pcore","DC1-COR-DRT1","",""
"81","05/01/2025 5:53:42.558 AM","05/01/2025 5:53:42.557 AM","Remote unit state changed from Telemetry Failure to Initializing.","","Event","S1 MV","","S1 FRTU","","S1 FRTU","S1-RCS-0089","Remote unit","S1-HV,S1-MV,S1-Viewer","S1-RCS-0089","S1-RCS-0089","PDA06S-10 : Master PJP (Prachuap Khiri Khan Office)","Trivial","NaN","Unknown","IT","Telemetry Alarm","None","SCADA","core\dnaApp_pcore","DC1-COR-DRT1","",""
"82","05/01/2025 5:45:15.961 AM","05/01/2025 5:45:15.956 AM","Remote unit state changed from Telemetry Failure to Initializing.","","Event","S1 MV","","S1 FRTU","","S1 FRTU","S1-RCS-0089","Remote unit","S1-HV,S1-MV,S1-Viewer","S1-RCS-0089","S1-RCS-0089","PDA06S-10 : Master PJP (Prachuap Khiri Khan Office)","Trivial","NaN","Unknown","IT","Telemetry Alarm","None","SCADA","core\dnaApp_pcore","DC1-COR-DRT1","",""
"83","05/01/2025 5:41:24.038 AM","05/01/2025 5:41:24.038 AM","Remote unit state changed from Telemetry Failure to Initializing.","","Event","S1 MV","","S1 FRTU","","S1 FRTU","S1-RCS-0089","Remote unit","S1-HV,S1-MV,S1-Viewer","S1-RCS-0089","S1-RCS-0089","PDA06S-10 : Master PJP (Prachuap Khiri Khan Office)","Trivial","NaN","Unknown","IT","Telemetry Alarm","None","SCADA","core\dnaApp_pcore","DC1-COR-DRT1","",""
"84","05/01/2025 5:39:02.154 AM","05/01/2025 5:39:02.153 AM","Remote unit state changed from Telemetry Failure to Initializing.","","Event","S1 MV","","S1 FRTU","","S1 FRTU","S1-RCS-0089","Remote unit","S1-HV,S1-MV,S1-Viewer","S1-RCS-0089","S1-RCS-0089","PDA06S-10 : Master PJP (Prachuap Khiri Khan Office)","Trivial","NaN","Unknown","IT","Telemetry Alarm","None","SCADA","core\dnaApp_pcore","DC1-COR-DRT1","",""
"85","05/01/2025 5:23:16.595 AM","05/01/2025 5:23:16.594 AM","Remote unit state changed from Telemetry Failure to Initializing.","","Event","S1 MV","","S1 FRTU","","S1 FRTU","S1-RCS-0089","Remote unit","S1-HV,S1-MV,S1-Viewer","S1-RCS-0089","S1-RCS-0089","PDA06S-10 : Master PJP (Prachuap Khiri Khan Office)","Trivial","NaN","Unknown","IT","Telemetry Alarm","None","SCADA","core\dnaApp_pcore","DC1-COR-DRT1","",""
"86","05/01/2025 4:25:38.024 AM","05/01/2025 4:25:38.023 AM","Remote unit state changed from Telemetry Failure to Initializing.","","Event","S1 MV","","S1 FRTU","","S1 FRTU","S1-RCS-0089","Remote unit","S1-HV,S1-MV,S1-Viewer","S1-RCS-0089","S1-RCS-0089","PDA06S-10 : Master PJP (Prachuap Khiri Khan Office)","Trivial","NaN","Unknown","IT","Telemetry Alarm","None","SCADA","core\dnaApp_pcore","DC1-COR-DRT1","",""
"87","05/01/2025 3:49:55.367 AM","05/01/2025 3:49:55.360 AM","Remote unit state changed from Telemetry Failure to Initializing.","","Event","S1 MV","","S1 FRTU","","S1 FRTU","S1-RCS-0089","Remote unit","S1-HV,S1-MV,S1-Viewer","S1-RCS-0089","S1-RCS-0089","PDA06S-10 : Master PJP (Prachuap Khiri Khan Office)","Trivial","NaN","Unknown","IT","Telemetry Alarm","None","SCADA","core\dnaApp_pcore","DC1-COR-DRT1","",""
"88","04/01/2025 6:48:45.239 AM","04/01/2025 6:48:45.237 AM","Remote unit state changed from Telemetry Failure to Initializing.","","Event","S1 MV","","S1 FRTU","","S1 FRTU","S1-RCS-0170","Remote unit","S1-HV,S1-MV,S1-Viewer","S1-RCS-0170","S1-RCS-0170","RNB07S-15 : Master RNB (Ranong 2 Substation)","Trivial","NaN","Unknown","IT","Telemetry Alarm","None","SCADA","core\dnaApp_pcore","DC1-COR-DRT1","",""



