Event Summary - Thursday, April 3, 2025 3:28:11 PM
 Start Date: 01/01/2025 12:00:00 AM End Date: 01/02/2025 12:00:00 AM
Region contains S1
AND Substation contains S1 FRTU
AND Message contains Remote unit state changed from Initializing to Offline.
AND Device contains S1-RCS

"#","Process time","Field change time","Message","Note","Type","Region","Subregion","Substation","Feeder","Location","Device","Device type","AOR","Element","RTU","Alias","Severity","Voltage level [kV]","Category","Class","Activity","Inhibit","Source","User name","Console name","Reason source","Reason ID"
"1","24/01/2025 7:28:40.286 AM","24/01/2025 7:28:35.953 AM","Remote unit state changed from Initializing to Offline.","","Event","S1 MV","","S1 FRTU","","S1 FRTU","S1-RCS-1054","Remote unit","S1-HV,S1-MV,S1-Viewer","S1-RCS-1054","S1-RCS-1054","DNA07S-12 : Master DNA (Damnoen Saduak Substation)","Trivial","NaN","Unknown","IT","Telemetry Alarm","None","SCADA","core\dnaApp_pcore","DC1-COR-DRT1","",""
"2","24/01/2025 7:28:38.516 AM","24/01/2025 7:28:35.952 AM","Remote unit state changed from Initializing to Offline.","","Event","S1 MV","","S1 FRTU","","S1 FRTU","S1-RCS-0554","Remote unit","S1-HV,S1-MV,S1-Viewer","S1-RCS-0554","S1-RCS-0554","CPA10S-21 : Master SAV (Sawi Office)","Trivial","NaN","Unknown","IT","Telemetry Alarm","None","SCADA","core\dnaApp_pcore","DC1-COR-DRT1","",""
"3","24/01/2025 7:28:38.234 AM","24/01/2025 7:28:35.952 AM","Remote unit state changed from Initializing to Offline.","","Event","S1 MV","","S1 FRTU","","S1 FRTU","S1-RCS-0035","Remote unit","S1-HV,S1-MV,S1-Viewer","S1-RCS-0035","S1-RCS-0035","TSE08S-10 : Master TSE (Tha Sae Substation)","Trivial","NaN","Unknown","IT","Telemetry Alarm","None","SCADA","core\dnaApp_pcore","DC1-COR-DRT1","",""
"4","24/01/2025 7:28:38.232 AM","24/01/2025 7:28:35.952 AM","Remote unit state changed from Initializing to Offline.","","Event","S1 MV","","S1 FRTU","","S1 FRTU","S1-RCS-0038","Remote unit","S1-HV,S1-MV,S1-Viewer","S1-RCS-0038","S1-RCS-0038","CPB08S-07 : Master CPB (Chumphon 2 Substation)","Trivial","NaN","Unknown","IT","Telemetry Alarm","None","SCADA","core\dnaApp_pcore","DC1-COR-DRT1","",""
"5","24/01/2025 7:28:37.546 AM","24/01/2025 7:28:35.951 AM","Remote unit state changed from Initializing to Offline.","","Event","S1 MV","","S1 FRTU","","S1 FRTU","S1-RCS-0145","Remote unit","S1-HV,S1-MV,S1-Viewer","S1-RCS-0145","S1-RCS-0145","RNB04S-04 : Master RNB (Ranong 2 Substation)","Trivial","NaN","Unknown","IT","Telemetry Alarm","None","SCADA","core\dnaApp_pcore","DC1-COR-DRT1","",""
"6","24/01/2025 1:29:00.205 AM","24/01/2025 1:28:56.149 AM","Remote unit state changed from Initializing to Offline.","","Event","S1 MV","","S1 FRTU","","S1 FRTU","S1-RCS-3334","Remote unit","S1-HV,S1-MV,S1-Viewer","S1-RCS-3334","S1-RCS-3334","BPC09S-02 : Master BPB (Ban Pong 2 Substation)","Trivial","NaN","Unknown","IT","Telemetry Alarm","None","SCADA","core\dnaApp_pcore","DC1-COR-DRT1","",""
"7","24/01/2025 1:28:59.883 AM","24/01/2025 1:28:56.149 AM","Remote unit state changed from Initializing to Offline.","","Event","S1 MV","","S1 FRTU","","S1 FRTU","S1-RCS-1050","Remote unit","S1-HV,S1-MV,S1-Viewer","S1-RCS-1050","S1-RCS-1050","PTR09S-12 : Master PTR (Photharam 1 Substation)","Trivial","NaN","Unknown","IT","Telemetry Alarm","None","SCADA","core\dnaApp_pcore","DC1-COR-DRT1","",""
"8","24/01/2025 1:28:58.940 AM","24/01/2025 1:28:56.148 AM","Remote unit state changed from Initializing to Offline.","","Event","S1 MV","","S1 FRTU","","S1 FRTU","S1-RCS-0554","Remote unit","S1-HV,S1-MV,S1-Viewer","S1-RCS-0554","S1-RCS-0554","CPA10S-21 : Master SAV (Sawi Office)","Trivial","NaN","Unknown","IT","Telemetry Alarm","None","SCADA","core\dnaApp_pcore","DC1-COR-DRT1","",""
"9","24/01/2025 1:28:58.342 AM","24/01/2025 1:28:56.148 AM","Remote unit state changed from Initializing to Offline.","","Event","S1 MV","","S1 FRTU","","S1 FRTU","S1-RCS-0035","Remote unit","S1-HV,S1-MV,S1-Viewer","S1-RCS-0035","S1-RCS-0035","TSE08S-10 : Master TSE (Tha Sae Substation)","Trivial","NaN","Unknown","IT","Telemetry Alarm","None","SCADA","core\dnaApp_pcore","DC1-COR-DRT1","",""
"10","24/01/2025 1:28:58.335 AM","24/01/2025 1:28:56.148 AM","Remote unit state changed from Initializing to Offline.","","Event","S1 MV","","S1 FRTU","","S1 FRTU","S1-RCS-0038","Remote unit","S1-HV,S1-MV,S1-Viewer","S1-RCS-0038","S1-RCS-0038","CPB08S-07 : Master CPB (Chumphon 2 Substation)","Trivial","NaN","Unknown","IT","Telemetry Alarm","None","SCADA","core\dnaApp_pcore","DC1-COR-DRT1","",""
"11","24/01/2025 1:28:58.098 AM","24/01/2025 1:28:56.147 AM","Remote unit state changed from Initializing to Offline.","","Event","S1 MV","","S1 FRTU","","S1 FRTU","S1-RCS-0089","Remote unit","S1-HV,S1-MV,S1-Viewer","S1-RCS-0089","S1-RCS-0089","PDA06S-10 : Master PJP (Prachuap Khiri Khan Office)","Trivial","NaN","Unknown","IT","Telemetry Alarm","None","SCADA","core\dnaApp_pcore","DC1-COR-DRT1","",""
"12","24/01/2025 1:28:57.970 AM","24/01/2025 1:28:56.147 AM","Remote unit state changed from Initializing to Offline.","","Event","S1 MV","","S1 FRTU","","S1 FRTU","S1-RCS-0145","Remote unit","S1-HV,S1-MV,S1-Viewer","S1-RCS-0145","S1-RCS-0145","RNB04S-04 : Master RNB (Ranong 2 Substation)","Trivial","NaN","Unknown","IT","Telemetry Alarm","None","SCADA","core\dnaApp_pcore","DC1-COR-DRT1","",""
"13","23/01/2025 11:47:03.350 PM","23/01/2025 11:47:03.248 PM","Remote unit state changed from Initializing to Offline.","","Event","S1 MV","","S1 FRTU","","S1 FRTU","S1-RCS-1055","Remote unit","S1-HV,S1-MV,S1-Viewer","S1-RCS-1055","S1-RCS-1055","DNA02S-20 : Master DNA (Damnoen Saduak Substation)","Trivial","NaN","Unknown","IT","Telemetry Alarm","None","SCADA","core\dnaApp_pcore","DC1-COR-DRT1","",""
"14","23/01/2025 11:46:59.556 PM","23/01/2025 11:46:58.592 PM","Remote unit state changed from Initializing to Offline.","","Event","S1 MV","","S1 FRTU","","S1 FRTU","S1-RCS-0554","Remote unit","S1-HV,S1-MV,S1-Viewer","S1-RCS-0554","S1-RCS-0554","CPA10S-21 : Master SAV (Sawi Office)","Trivial","NaN","Unknown","IT","Telemetry Alarm","None","SCADA","core\dnaApp_pcore","DC1-COR-DRT1","",""
"15","23/01/2025 11:46:59.184 PM","23/01/2025 11:46:58.592 PM","Remote unit state changed from Initializing to Offline.","","Event","S1 MV","","S1 FRTU","","S1 FRTU","S1-RCS-0035","Remote unit","S1-HV,S1-MV,S1-Viewer","S1-RCS-0035","S1-RCS-0035","TSE08S-10 : Master TSE (Tha Sae Substation)","Trivial","NaN","Unknown","IT","Telemetry Alarm","None","SCADA","core\dnaApp_pcore","DC1-COR-DRT1","",""
"16","23/01/2025 11:46:59.180 PM","23/01/2025 11:46:58.592 PM","Remote unit state changed from Initializing to Offline.","","Event","S1 MV","","S1 FRTU","","S1 FRTU","S1-RCS-0038","Remote unit","S1-HV,S1-MV,S1-Viewer","S1-RCS-0038","S1-RCS-0038","CPB08S-07 : Master CPB (Chumphon 2 Substation)","Trivial","NaN","Unknown","IT","Telemetry Alarm","None","SCADA","core\dnaApp_pcore","DC1-COR-DRT1","",""
"17","23/01/2025 11:46:59.140 PM","23/01/2025 11:46:58.592 PM","Remote unit state changed from Initializing to Offline.","","Event","S1 MV","","S1 FRTU","","S1 FRTU","S1-RCS-0089","Remote unit","S1-HV,S1-MV,S1-Viewer","S1-RCS-0089","S1-RCS-0089","PDA06S-10 : Master PJP (Prachuap Khiri Khan Office)","Trivial","NaN","Unknown","IT","Telemetry Alarm","None","SCADA","core\dnaApp_pcore","DC1-COR-DRT1","",""
"18","23/01/2025 11:46:59.125 PM","23/01/2025 11:46:58.592 PM","Remote unit state changed from Initializing to Offline.","","Event","S1 MV","","S1 FRTU","","S1 FRTU","S1-RCS-0145","Remote unit","S1-HV,S1-MV,S1-Viewer","S1-RCS-0145","S1-RCS-0145","RNB04S-04 : Master RNB (Ranong 2 Substation)","Trivial","NaN","Unknown","IT","Telemetry Alarm","None","SCADA","core\dnaApp_pcore","DC1-COR-DRT1","",""
"19","23/01/2025 7:08:49.287 PM","23/01/2025 7:08:48.176 PM","Remote unit state changed from Initializing to Offline.","","Event","S1 MV","","S1 FRTU","","S1 FRTU","S1-RCS-1110","Remote unit","S1-HV,S1-MV,S1-Viewer","S1-RCS-1110","S1-RCS-1110","PBB01S-07 : Master PBB (Phetchaburi Office)","Trivial","NaN","Unknown","IT","Telemetry Alarm","None","SCADA","core\dnaApp_pcore","DC1-COR-DRT1","",""
"20","23/01/2025 7:08:49.286 PM","23/01/2025 7:08:48.176 PM","Remote unit state changed from Initializing to Offline.","","Event","S1 MV","","S1 FRTU","","S1 FRTU","S1-RCS-1105","Remote unit","S1-HV,S1-MV,S1-Viewer","S1-RCS-1105","S1-RCS-1105","PBA01S-05 : Master PBB (Phetchaburi Office)","Trivial","NaN","Unknown","IT","Telemetry Alarm","None","SCADA","core\dnaApp_pcore","DC1-COR-DRT1","",""
"21","23/01/2025 7:08:49.271 PM","23/01/2025 7:08:48.176 PM","Remote unit state changed from Initializing to Offline.","","Event","S1 MV","","S1 FRTU","","S1 FRTU","S1-RCS-1074","Remote unit","S1-HV,S1-MV,S1-Viewer","S1-RCS-1074","S1-RCS-1074","PBB03S-09 : Master PBB (Phetchaburi Office)","Trivial","NaN","Unknown","IT","Telemetry Alarm","None","SCADA","core\dnaApp_pcore","DC1-COR-DRT1","",""
"22","23/01/2025 7:08:49.260 PM","23/01/2025 7:08:48.176 PM","Remote unit state changed from Initializing to Offline.","","Event","S1 MV","","S1 FRTU","","S1 FRTU","S1-RCS-1051","Remote unit","S1-HV,S1-MV,S1-Viewer","S1-RCS-1051","S1-RCS-1051","PTR09S-13 : Master PTR (Photharam 1 Substation)","Trivial","NaN","Unknown","IT","Telemetry Alarm","None","SCADA","core\dnaApp_pcore","DC1-COR-DRT1","",""
"23","23/01/2025 7:08:49.258 PM","23/01/2025 7:08:48.176 PM","Remote unit state changed from Initializing to Offline.","","Event","S1 MV","","S1 FRTU","","S1 FRTU","S1-RCS-1048","Remote unit","S1-HV,S1-MV,S1-Viewer","S1-RCS-1048","S1-RCS-1048","PTR04S-08 : Master PTR (Photharam 1 Substation)","Trivial","NaN","Unknown","IT","Telemetry Alarm","None","SCADA","core\dnaApp_pcore","DC1-COR-DRT1","",""
"24","23/01/2025 7:08:49.258 PM","23/01/2025 7:08:48.176 PM","Remote unit state changed from Initializing to Offline.","","Event","S1 MV","","S1 FRTU","","S1 FRTU","S1-RCS-1047","Remote unit","S1-HV,S1-MV,S1-Viewer","S1-RCS-1047","S1-RCS-1047","PTR03S-04 : Master PTR (Photharam 1 Substation)","Trivial","NaN","Unknown","IT","Telemetry Alarm","None","SCADA","core\dnaApp_pcore","DC1-COR-DRT1","",""
"25","23/01/2025 7:08:49.256 PM","23/01/2025 7:08:48.176 PM","Remote unit state changed from Initializing to Offline.","","Event","S1 MV","","S1 FRTU","","S1 FRTU","S1-RCS-1042","Remote unit","S1-HV,S1-MV,S1-Viewer","S1-RCS-1042","S1-RCS-1042","PTR09S-09 : Master PTR (Photharam 1 Substation)","Trivial","NaN","Unknown","IT","Telemetry Alarm","None","SCADA","core\dnaApp_pcore","DC1-COR-DRT1","",""
"26","23/01/2025 7:08:49.255 PM","23/01/2025 7:08:48.176 PM","Remote unit state changed from Initializing to Offline.","","Event","S1 MV","","S1 FRTU","","S1 FRTU","S1-RCS-1041","Remote unit","S1-HV,S1-MV,S1-Viewer","S1-RCS-1041","S1-RCS-1041","PTR02S-05 : Master PTR (Photharam 1 Substation)","Trivial","NaN","Unknown","IT","Telemetry Alarm","None","SCADA","core\dnaApp_pcore","DC1-COR-DRT1","",""
"27","23/01/2025 7:08:49.254 PM","23/01/2025 7:08:48.176 PM","Remote unit state changed from Initializing to Offline.","","Event","S1 MV","","S1 FRTU","","S1 FRTU","S1-RCS-1039","Remote unit","S1-HV,S1-MV,S1-Viewer","S1-RCS-1039","S1-RCS-1039","PBB03S-06 : Master PBB (Phetchaburi Office)","Trivial","NaN","Unknown","IT","Telemetry Alarm","None","SCADA","core\dnaApp_pcore","DC1-COR-DRT1","",""
"28","23/01/2025 7:08:49.253 PM","23/01/2025 7:08:48.176 PM","Remote unit state changed from Initializing to Offline.","","Event","S1 MV","","S1 FRTU","","S1 FRTU","S1-RCS-1035","Remote unit","S1-HV,S1-MV,S1-Viewer","S1-RCS-1035","S1-RCS-1035","PBA02S-11 : Master PBB (Phetchaburi Office)","Trivial","NaN","Unknown","IT","Telemetry Alarm","None","SCADA","core\dnaApp_pcore","DC1-COR-DRT1","",""
"29","23/01/2025 7:08:49.251 PM","23/01/2025 7:08:48.176 PM","Remote unit state changed from Initializing to Offline.","","Event","S1 MV","","S1 FRTU","","S1 FRTU","S1-RCS-1026","Remote unit","S1-HV,S1-MV,S1-Viewer","S1-RCS-1026","S1-RCS-1026","CAB08S-10 : Master CAB (Cha-Am 2 Substation)","Trivial","NaN","Unknown","IT","Telemetry Alarm","None","SCADA","core\dnaApp_pcore","DC1-COR-DRT1","",""
"30","23/01/2025 7:08:49.241 PM","23/01/2025 7:08:48.176 PM","Remote unit state changed from Initializing to Offline.","","Event","S1 MV","","S1 FRTU","","S1 FRTU","S1-RCS-0997","Remote unit","S1-HV,S1-MV,S1-Viewer","S1-RCS-0997","S1-RCS-0997","PBA02S-29 : Master PBA (PEA Office S1)","Trivial","NaN","Unknown","IT","Telemetry Alarm","None","SCADA","core\dnaApp_pcore","DC1-COR-DRT1","",""
"31","23/01/2025 7:08:49.240 PM","23/01/2025 7:08:48.176 PM","Remote unit state changed from Initializing to Offline.","","Event","S1 MV","","S1 FRTU","","S1 FRTU","S1-RCS-0993","Remote unit","S1-HV,S1-MV,S1-Viewer","S1-RCS-0993","S1-RCS-0993","PBA05S-08 : Master PTH (Pak Tho Substation)","Trivial","NaN","Unknown","IT","Telemetry Alarm","None","SCADA","core\dnaApp_pcore","DC1-COR-DRT1","",""
"32","23/01/2025 7:08:49.239 PM","23/01/2025 7:08:48.176 PM","Remote unit state changed from Initializing to Offline.","","Event","S1 MV","","S1 FRTU","","S1 FRTU","S1-RCS-0991","Remote unit","S1-HV,S1-MV,S1-Viewer","S1-RCS-0991","S1-RCS-0991","DNA02S-22 : Master PTR (Photharam 1 Substation)","Trivial","NaN","Unknown","IT","Telemetry Alarm","None","SCADA","core\dnaApp_pcore","DC1-COR-DRT1","",""
"33","23/01/2025 7:08:49.239 PM","23/01/2025 7:08:48.176 PM","Remote unit state changed from Initializing to Offline.","","Event","S1 MV","","S1 FRTU","","S1 FRTU","S1-RCS-0990","Remote unit","S1-HV,S1-MV,S1-Viewer","S1-RCS-0990","S1-RCS-0990","DNA02S-23 : Master PTR (Photharam 1 Substation)","Trivial","NaN","Unknown","IT","Telemetry Alarm","None","SCADA","core\dnaApp_pcore","DC1-COR-DRT1","",""
"34","23/01/2025 7:08:49.238 PM","23/01/2025 7:08:48.176 PM","Remote unit state changed from Initializing to Offline.","","Event","S1 MV","","S1 FRTU","","S1 FRTU","S1-RCS-0986","Remote unit","S1-HV,S1-MV,S1-Viewer","S1-RCS-0986","S1-RCS-0986","DNA04S-05 : Master DNA (Damnoen Saduak Substation)","Trivial","NaN","Unknown","IT","Telemetry Alarm","None","SCADA","core\dnaApp_pcore","DC1-COR-DRT1","",""
"35","23/01/2025 7:08:49.236 PM","23/01/2025 7:08:48.176 PM","Remote unit state changed from Initializing to Offline.","","Event","S1 MV","","S1 FRTU","","S1 FRTU","S1-RCS-0975","Remote unit","S1-HV,S1-MV,S1-Viewer","S1-RCS-0975","S1-RCS-0975","PTH04S-24 : Master PTH (Pak Tho Substation)","Trivial","NaN","Unknown","IT","Telemetry Alarm","None","SCADA","core\dnaApp_pcore","DC1-COR-DRT1","",""
"36","23/01/2025 7:08:49.234 PM","23/01/2025 7:08:48.176 PM","Remote unit state changed from Initializing to Offline.","","Event","S1 MV","","S1 FRTU","","S1 FRTU","S1-RCS-0970","Remote unit","S1-HV,S1-MV,S1-Viewer","S1-RCS-0970","S1-RCS-0970","SSA04S-03 : Master SSA (Samut Songkhram Substation)","Trivial","NaN","Unknown","IT","Telemetry Alarm","None","SCADA","core\dnaApp_pcore","DC1-COR-DRT1","",""
"37","23/01/2025 7:08:49.222 PM","23/01/2025 7:08:48.176 PM","Remote unit state changed from Initializing to Offline.","","Event","S1 MV","","S1 FRTU","","S1 FRTU","S1-RCS-0868","Remote unit","S1-HV,S1-MV,S1-Viewer","S1-RCS-0868","S1-RCS-0868","PBA05S-17 : Master PBA (PEA Office S1)","Trivial","NaN","Unknown","IT","Telemetry Alarm","None","SCADA","core\dnaApp_pcore","DC1-COR-DRT1","",""
"38","23/01/2025 7:08:49.222 PM","23/01/2025 7:08:48.176 PM","Remote unit state changed from Initializing to Offline.","","Event","S1 MV","","S1 FRTU","","S1 FRTU","S1-RCS-0863","Remote unit","S1-HV,S1-MV,S1-Viewer","S1-RCS-0863","S1-RCS-0863","PBA07S-17 : Master PBB (Phetchaburi Office)","Trivial","NaN","Unknown","IT","Telemetry Alarm","None","SCADA","core\dnaApp_pcore","DC1-COR-DRT1","",""
"39","23/01/2025 7:08:49.216 PM","23/01/2025 7:08:48.175 PM","Remote unit state changed from Initializing to Offline.","","Event","S1 MV","","S1 FRTU","","S1 FRTU","S1-RCS-0825","Remote unit","S1-HV,S1-MV,S1-Viewer","S1-RCS-0825","S1-RCS-0825","PTH09S-16 : Master PTH (Pak Tho Substation)","Trivial","NaN","Unknown","IT","Telemetry Alarm","None","SCADA","core\dnaApp_pcore","DC1-COR-DRT1","",""
"40","23/01/2025 7:08:49.216 PM","23/01/2025 7:08:48.175 PM","Remote unit state changed from Initializing to Offline.","","Event","S1 MV","","S1 FRTU","","S1 FRTU","S1-RCS-0821","Remote unit","S1-HV,S1-MV,S1-Viewer","S1-RCS-0821","S1-RCS-0821","RBB04S-11 : Master PTH (Pak Tho Substation)","Trivial","NaN","Unknown","IT","Telemetry Alarm","None","SCADA","core\dnaApp_pcore","DC1-COR-DRT1","",""
"41","23/01/2025 7:08:49.211 PM","23/01/2025 7:08:48.175 PM","Remote unit state changed from Initializing to Offline.","","Event","S1 MV","","S1 FRTU","","S1 FRTU","S1-RCS-0888","Remote unit","S1-HV,S1-MV,S1-Viewer","S1-RCS-0888","S1-RCS-0888","PBA03S-05 : Master PBB (Phetchaburi Office)","Trivial","NaN","Unknown","IT","Telemetry Alarm","None","SCADA","core\dnaApp_pcore","DC1-COR-DRT1","",""
"42","23/01/2025 7:08:49.205 PM","23/01/2025 7:08:48.175 PM","Remote unit state changed from Initializing to Offline.","","Event","S1 MV","","S1 FRTU","","S1 FRTU","S1-RCS-0831","Remote unit","S1-HV,S1-MV,S1-Viewer","S1-RCS-0831","S1-RCS-0831","RBB03S-22 : Master RBB (Ratchaburi 2 Substation)","Trivial","NaN","Unknown","IT","Telemetry Alarm","None","SCADA","core\dnaApp_pcore","DC1-COR-DRT1","",""
"43","23/01/2025 7:08:49.123 PM","23/01/2025 7:08:48.175 PM","Remote unit state changed from Initializing to Offline.","","Event","S1 MV","","S1 FRTU","","S1 FRTU","S1-RCS-0554","Remote unit","S1-HV,S1-MV,S1-Viewer","S1-RCS-0554","S1-RCS-0554","CPA10S-21 : Master SAV (Sawi Office)","Trivial","NaN","Unknown","IT","Telemetry Alarm","None","SCADA","core\dnaApp_pcore","DC1-COR-DRT1","",""
"44","23/01/2025 7:08:49.005 PM","23/01/2025 7:08:48.175 PM","Remote unit state changed from Initializing to Offline.","","Event","S1 MV","","S1 FRTU","","S1 FRTU","S1-RCS-0035","Remote unit","S1-HV,S1-MV,S1-Viewer","S1-RCS-0035","S1-RCS-0035","TSE08S-10 : Master TSE (Tha Sae Substation)","Trivial","NaN","Unknown","IT","Telemetry Alarm","None","SCADA","core\dnaApp_pcore","DC1-COR-DRT1","",""
"45","23/01/2025 7:08:49.003 PM","23/01/2025 7:08:48.175 PM","Remote unit state changed from Initializing to Offline.","","Event","S1 MV","","S1 FRTU","","S1 FRTU","S1-RCS-0038","Remote unit","S1-HV,S1-MV,S1-Viewer","S1-RCS-0038","S1-RCS-0038","CPB08S-07 : Master CPB (Chumphon 2 Substation)","Trivial","NaN","Unknown","IT","Telemetry Alarm","None","SCADA","core\dnaApp_pcore","DC1-COR-DRT1","",""
"46","23/01/2025 7:08:48.954 PM","23/01/2025 7:08:48.175 PM","Remote unit state changed from Initializing to Offline.","","Event","S1 MV","","S1 FRTU","","S1 FRTU","S1-RCS-0089","Remote unit","S1-HV,S1-MV,S1-Viewer","S1-RCS-0089","S1-RCS-0089","PDA06S-10 : Master PJP (Prachuap Khiri Khan Office)","Trivial","NaN","Unknown","IT","Telemetry Alarm","None","SCADA","core\dnaApp_pcore","DC1-COR-DRT1","",""
"47","23/01/2025 7:08:48.910 PM","23/01/2025 7:08:48.174 PM","Remote unit state changed from Initializing to Offline.","","Event","S1 MV","","S1 FRTU","","S1 FRTU","S1-RCS-0137","Remote unit","S1-HV,S1-MV,S1-Viewer","S1-RCS-0137","S1-RCS-0137","RBC04S-12 : Master RBB (Ratchaburi 2 Substation)","Trivial","NaN","Unknown","IT","Telemetry Alarm","None","SCADA","core\dnaApp_pcore","DC1-COR-DRT1","",""
"48","23/01/2025 7:08:48.903 PM","23/01/2025 7:08:48.174 PM","Remote unit state changed from Initializing to Offline.","","Event","S1 MV","","S1 FRTU","","S1 FRTU","S1-RCS-0145","Remote unit","S1-HV,S1-MV,S1-Viewer","S1-RCS-0145","S1-RCS-0145","RNB04S-04 : Master RNB (Ranong 2 Substation)","Trivial","NaN","Unknown","IT","Telemetry Alarm","None","SCADA","core\dnaApp_pcore","DC1-COR-DRT1","",""
"49","23/01/2025 6:32:36.155 PM","23/01/2025 6:32:31.455 PM","Remote unit state changed from Initializing to Offline.","","Event","S1 MV","","S1 FRTU","","S1 FRTU","S1-RCS-1051","Remote unit","S1-HV,S1-MV,S1-Viewer","S1-RCS-1051","S1-RCS-1051","PTR09S-13 : Master PTR (Photharam 1 Substation)","Trivial","NaN","Unknown","IT","Telemetry Alarm","None","SCADA","core\dnaApp_pcore","DC1-COR-DRT1","",""
"50","23/01/2025 6:32:36.149 PM","23/01/2025 6:32:31.455 PM","Remote unit state changed from Initializing to Offline.","","Event","S1 MV","","S1 FRTU","","S1 FRTU","S1-RCS-1042","Remote unit","S1-HV,S1-MV,S1-Viewer","S1-RCS-1042","S1-RCS-1042","PTR09S-09 : Master PTR (Photharam 1 Substation)","Trivial","NaN","Unknown","IT","Telemetry Alarm","None","SCADA","core\dnaApp_pcore","DC1-COR-DRT1","",""
"51","23/01/2025 6:32:36.128 PM","23/01/2025 6:32:31.455 PM","Remote unit state changed from Initializing to Offline.","","Event","S1 MV","","S1 FRTU","","S1 FRTU","S1-RCS-0997","Remote unit","S1-HV,S1-MV,S1-Viewer","S1-RCS-0997","S1-RCS-0997","PBA02S-29 : Master PBA (PEA Office S1)","Trivial","NaN","Unknown","IT","Telemetry Alarm","None","SCADA","core\dnaApp_pcore","DC1-COR-DRT1","",""
"52","23/01/2025 6:32:36.087 PM","23/01/2025 6:32:31.455 PM","Remote unit state changed from Initializing to Offline.","","Event","S1 MV","","S1 FRTU","","S1 FRTU","S1-RCS-0990","Remote unit","S1-HV,S1-MV,S1-Viewer","S1-RCS-0990","S1-RCS-0990","DNA02S-23 : Master PTR (Photharam 1 Substation)","Trivial","NaN","Unknown","IT","Telemetry Alarm","None","SCADA","core\dnaApp_pcore","DC1-COR-DRT1","",""
"53","23/01/2025 6:32:35.985 PM","23/01/2025 6:32:31.455 PM","Remote unit state changed from Initializing to Offline.","","Event","S1 MV","","S1 FRTU","","S1 FRTU","S1-RCS-0975","Remote unit","S1-HV,S1-MV,S1-Viewer","S1-RCS-0975","S1-RCS-0975","PTH04S-24 : Master PTH (Pak Tho Substation)","Trivial","NaN","Unknown","IT","Telemetry Alarm","None","SCADA","core\dnaApp_pcore","DC1-COR-DRT1","",""
"54","23/01/2025 6:32:35.407 PM","23/01/2025 6:32:31.455 PM","Remote unit state changed from Initializing to Offline.","","Event","S1 MV","","S1 FRTU","","S1 FRTU","S1-RCS-0825","Remote unit","S1-HV,S1-MV,S1-Viewer","S1-RCS-0825","S1-RCS-0825","PTH09S-16 : Master PTH (Pak Tho Substation)","Trivial","NaN","Unknown","IT","Telemetry Alarm","None","SCADA","core\dnaApp_pcore","DC1-COR-DRT1","",""
"55","23/01/2025 6:32:35.106 PM","23/01/2025 6:32:31.455 PM","Remote unit state changed from Initializing to Offline.","","Event","S1 MV","","S1 FRTU","","S1 FRTU","S1-RCS-0806","Remote unit","S1-HV,S1-MV,S1-Viewer","S1-RCS-0806","S1-RCS-0806","PTR04S-06 : Master PTR (Photharam 1 Substation)","Trivial","NaN","Unknown","IT","Telemetry Alarm","None","SCADA","core\dnaApp_pcore","DC1-COR-DRT1","",""
"56","23/01/2025 6:32:34.333 PM","23/01/2025 6:32:31.454 PM","Remote unit state changed from Initializing to Offline.","","Event","S1 MV","","S1 FRTU","","S1 FRTU","S1-RCS-0554","Remote unit","S1-HV,S1-MV,S1-Viewer","S1-RCS-0554","S1-RCS-0554","CPA10S-21 : Master SAV (Sawi Office)","Trivial","NaN","Unknown","IT","Telemetry Alarm","None","SCADA","core\dnaApp_pcore","DC1-COR-DRT1","",""
"57","23/01/2025 6:32:34.063 PM","23/01/2025 6:32:31.454 PM","Remote unit state changed from Initializing to Offline.","","Event","S1 MV","","S1 FRTU","","S1 FRTU","S1-RCS-0035","Remote unit","S1-HV,S1-MV,S1-Viewer","S1-RCS-0035","S1-RCS-0035","TSE08S-10 : Master TSE (Tha Sae Substation)","Trivial","NaN","Unknown","IT","Telemetry Alarm","None","SCADA","core\dnaApp_pcore","DC1-COR-DRT1","",""
"58","23/01/2025 6:32:34.059 PM","23/01/2025 6:32:31.454 PM","Remote unit state changed from Initializing to Offline.","","Event","S1 MV","","S1 FRTU","","S1 FRTU","S1-RCS-0038","Remote unit","S1-HV,S1-MV,S1-Viewer","S1-RCS-0038","S1-RCS-0038","CPB08S-07 : Master CPB (Chumphon 2 Substation)","Trivial","NaN","Unknown","IT","Telemetry Alarm","None","SCADA","core\dnaApp_pcore","DC1-COR-DRT1","",""
"59","23/01/2025 6:32:34.015 PM","23/01/2025 6:32:31.454 PM","Remote unit state changed from Initializing to Offline.","","Event","S1 MV","","S1 FRTU","","S1 FRTU","S1-RCS-0089","Remote unit","S1-HV,S1-MV,S1-Viewer","S1-RCS-0089","S1-RCS-0089","PDA06S-10 : Master PJP (Prachuap Khiri Khan Office)","Trivial","NaN","Unknown","IT","Telemetry Alarm","None","SCADA","core\dnaApp_pcore","DC1-COR-DRT1","",""
"60","23/01/2025 6:32:33.850 PM","23/01/2025 6:32:31.454 PM","Remote unit state changed from Initializing to Offline.","","Event","S1 MV","","S1 FRTU","","S1 FRTU","S1-RCS-0145","Remote unit","S1-HV,S1-MV,S1-Viewer","S1-RCS-0145","S1-RCS-0145","RNB04S-04 : Master RNB (Ranong 2 Substation)","Trivial","NaN","Unknown","IT","Telemetry Alarm","None","SCADA","core\dnaApp_pcore","DC1-COR-DRT1","",""
"61","23/01/2025 4:51:02.761 PM","23/01/2025 4:50:59.668 PM","Remote unit state changed from Initializing to Offline.","","Event","S1 MV","","S1 FRTU","","S1 FRTU","S1-RCS-1048","Remote unit","S1-HV,S1-MV,S1-Viewer","S1-RCS-1048","S1-RCS-1048","PTR04S-08 : Master PTR (Photharam 1 Substation)","Trivial","NaN","Unknown","IT","Telemetry Alarm","None","SCADA","core\dnaApp_pcore","DC1-COR-DRT1","",""
"62","23/01/2025 4:51:02.123 PM","23/01/2025 4:50:59.668 PM","Remote unit state changed from Initializing to Offline.","","Event","S1 MV","","S1 FRTU","","S1 FRTU","S1-RCS-0554","Remote unit","S1-HV,S1-MV,S1-Viewer","S1-RCS-0554","S1-RCS-0554","CPA10S-21 : Master SAV (Sawi Office)","Trivial","NaN","Unknown","IT","Telemetry Alarm","None","SCADA","core\dnaApp_pcore","DC1-COR-DRT1","",""
"63","23/01/2025 4:51:01.819 PM","23/01/2025 4:50:59.668 PM","Remote unit state changed from Initializing to Offline.","","Event","S1 MV","","S1 FRTU","","S1 FRTU","S1-RCS-0035","Remote unit","S1-HV,S1-MV,S1-Viewer","S1-RCS-0035","S1-RCS-0035","TSE08S-10 : Master TSE (Tha Sae Substation)","Trivial","NaN","Unknown","IT","Telemetry Alarm","None","SCADA","core\dnaApp_pcore","DC1-COR-DRT1","",""
"64","23/01/2025 4:51:01.814 PM","23/01/2025 4:50:59.668 PM","Remote unit state changed from Initializing to Offline.","","Event","S1 MV","","S1 FRTU","","S1 FRTU","S1-RCS-0038","Remote unit","S1-HV,S1-MV,S1-Viewer","S1-RCS-0038","S1-RCS-0038","CPB08S-07 : Master CPB (Chumphon 2 Substation)","Trivial","NaN","Unknown","IT","Telemetry Alarm","None","SCADA","core\dnaApp_pcore","DC1-COR-DRT1","",""
"65","23/01/2025 4:51:01.640 PM","23/01/2025 4:50:59.668 PM","Remote unit state changed from Initializing to Offline.","","Event","S1 MV","","S1 FRTU","","S1 FRTU","S1-RCS-0145","Remote unit","S1-HV,S1-MV,S1-Viewer","S1-RCS-0145","S1-RCS-0145","RNB04S-04 : Master RNB (Ranong 2 Substation)","Trivial","NaN","Unknown","IT","Telemetry Alarm","None","SCADA","core\dnaApp_pcore","DC1-COR-DRT1","",""
"66","23/01/2025 1:40:57.772 PM","23/01/2025 1:40:50.178 PM","Remote unit state changed from Initializing to Offline.","","Event","S1 MV","","S1 FRTU","","S1 FRTU","S1-RCS-1110","Remote unit","S1-HV,S1-MV,S1-Viewer","S1-RCS-1110","S1-RCS-1110","PBB01S-07 : Master PBB (Phetchaburi Office)","Trivial","NaN","Unknown","IT","Telemetry Alarm","None","SCADA","core\dnaApp_pcore","DC1-COR-DRT2","",""
"67","23/01/2025 1:40:57.748 PM","23/01/2025 1:40:50.178 PM","Remote unit state changed from Initializing to Offline.","","Event","S1 MV","","S1 FRTU","","S1 FRTU","S1-RCS-1105","Remote unit","S1-HV,S1-MV,S1-Viewer","S1-RCS-1105","S1-RCS-1105","PBA01S-05 : Master PBB (Phetchaburi Office)","Trivial","NaN","Unknown","IT","Telemetry Alarm","None","SCADA","core\dnaApp_pcore","DC1-COR-DRT2","",""
"68","23/01/2025 1:40:57.726 PM","23/01/2025 1:40:50.177 PM","Remote unit state changed from Initializing to Offline.","","Event","S1 MV","","S1 FRTU","","S1 FRTU","S1-RCS-1101","Remote unit","S1-HV,S1-MV,S1-Viewer","S1-RCS-1101","S1-RCS-1101","PBA04S-10 : Master PBB (Phetchaburi Office)","Trivial","NaN","Unknown","IT","Telemetry Alarm","None","SCADA","core\dnaApp_pcore","DC1-COR-DRT2","",""
"69","23/01/2025 1:40:57.613 PM","23/01/2025 1:40:50.177 PM","Remote unit state changed from Initializing to Offline.","","Event","S1 MV","","S1 FRTU","","S1 FRTU","S1-RCS-1074","Remote unit","S1-HV,S1-MV,S1-Viewer","S1-RCS-1074","S1-RCS-1074","PBB03S-09 : Master PBB (Phetchaburi Office)","Trivial","NaN","Unknown","IT","Telemetry Alarm","None","SCADA","core\dnaApp_pcore","DC1-COR-DRT2","",""
"70","23/01/2025 1:40:57.464 PM","23/01/2025 1:40:50.177 PM","Remote unit state changed from Initializing to Offline.","","Event","S1 MV","","S1 FRTU","","S1 FRTU","S1-RCS-1048","Remote unit","S1-HV,S1-MV,S1-Viewer","S1-RCS-1048","S1-RCS-1048","PTR04S-08 : Master PTR (Photharam 1 Substation)","Trivial","NaN","Unknown","IT","Telemetry Alarm","None","SCADA","core\dnaApp_pcore","DC1-COR-DRT2","",""
"71","23/01/2025 1:40:57.462 PM","23/01/2025 1:40:50.177 PM","Remote unit state changed from Initializing to Offline.","","Event","S1 MV","","S1 FRTU","","S1 FRTU","S1-RCS-1047","Remote unit","S1-HV,S1-MV,S1-Viewer","S1-RCS-1047","S1-RCS-1047","PTR03S-04 : Master PTR (Photharam 1 Substation)","Trivial","NaN","Unknown","IT","Telemetry Alarm","None","SCADA","core\dnaApp_pcore","DC1-COR-DRT2","",""
"72","23/01/2025 1:40:57.459 PM","23/01/2025 1:40:50.177 PM","Remote unit state changed from Initializing to Offline.","","Event","S1 MV","","S1 FRTU","","S1 FRTU","S1-RCS-1046","Remote unit","S1-HV,S1-MV,S1-Viewer","S1-RCS-1046","S1-RCS-1046","PTR03S-10 : Master PTR (Photharam 1 Substation)","Trivial","NaN","Unknown","IT","Telemetry Alarm","None","SCADA","core\dnaApp_pcore","DC1-COR-DRT2","",""
"73","23/01/2025 1:40:57.453 PM","23/01/2025 1:40:50.177 PM","Remote unit state changed from Initializing to Offline.","","Event","S1 MV","","S1 FRTU","","S1 FRTU","S1-RCS-1041","Remote unit","S1-HV,S1-MV,S1-Viewer","S1-RCS-1041","S1-RCS-1041","PTR02S-05 : Master PTR (Photharam 1 Substation)","Trivial","NaN","Unknown","IT","Telemetry Alarm","None","SCADA","core\dnaApp_pcore","DC1-COR-DRT2","",""
"74","23/01/2025 1:40:57.449 PM","23/01/2025 1:40:50.177 PM","Remote unit state changed from Initializing to Offline.","","Event","S1 MV","","S1 FRTU","","S1 FRTU","S1-RCS-1039","Remote unit","S1-HV,S1-MV,S1-Viewer","S1-RCS-1039","S1-RCS-1039","PBB03S-06 : Master PBB (Phetchaburi Office)","Trivial","NaN","Unknown","IT","Telemetry Alarm","None","SCADA","core\dnaApp_pcore","DC1-COR-DRT2","",""
"75","23/01/2025 1:40:56.949 PM","23/01/2025 1:40:50.177 PM","Remote unit state changed from Initializing to Offline.","","Event","S1 MV","","S1 FRTU","","S1 FRTU","S1-RCS-0990","Remote unit","S1-HV,S1-MV,S1-Viewer","S1-RCS-0990","S1-RCS-0990","DNA02S-23 : Master PTR (Photharam 1 Substation)","Trivial","NaN","Unknown","IT","Telemetry Alarm","None","SCADA","core\dnaApp_pcore","DC1-COR-DRT2","",""
"76","23/01/2025 1:40:56.775 PM","23/01/2025 1:40:50.177 PM","Remote unit state changed from Initializing to Offline.","","Event","S1 MV","","S1 FRTU","","S1 FRTU","S1-RCS-0975","Remote unit","S1-HV,S1-MV,S1-Viewer","S1-RCS-0975","S1-RCS-0975","PTH04S-24 : Master PTH (Pak Tho Substation)","Trivial","NaN","Unknown","IT","Telemetry Alarm","None","SCADA","core\dnaApp_pcore","DC1-COR-DRT2","",""
"77","23/01/2025 1:40:56.600 PM","23/01/2025 1:40:50.177 PM","Remote unit state changed from Initializing to Offline.","","Event","S1 MV","","S1 FRTU","","S1 FRTU","S1-RCS-0957","Remote unit","S1-HV,S1-MV,S1-Viewer","S1-RCS-0957","S1-RCS-0957","RNB08S-06 : Master RNB (Ranong 2 Substation)","Trivial","NaN","Unknown","IT","Telemetry Alarm","None","SCADA","core\dnaApp_pcore","DC1-COR-DRT2","",""
"78","23/01/2025 1:40:56.449 PM","23/01/2025 1:40:50.177 PM","Remote unit state changed from Initializing to Offline.","","Event","S1 MV","","S1 FRTU","","S1 FRTU","S1-RCS-0862","Remote unit","S1-HV,S1-MV,S1-Viewer","S1-RCS-0862","S1-RCS-0862","PBA04S-08 : Master PBB (Phetchaburi Office)","Trivial","NaN","Unknown","IT","Telemetry Alarm","None","SCADA","core\dnaApp_pcore","DC1-COR-DRT2","",""
"79","23/01/2025 1:40:56.444 PM","23/01/2025 1:40:50.177 PM","Remote unit state changed from Initializing to Offline.","","Event","S1 MV","","S1 FRTU","","S1 FRTU","S1-RCS-0860","Remote unit","S1-HV,S1-MV,S1-Viewer","S1-RCS-0860","S1-RCS-0860","PBB01S-10 : Master PBB (Phetchaburi Office)","Trivial","NaN","Unknown","IT","Telemetry Alarm","None","SCADA","core\dnaApp_pcore","DC1-COR-DRT2","",""
"80","23/01/2025 1:40:56.437 PM","23/01/2025 1:40:50.177 PM","Remote unit state changed from Initializing to Offline.","","Event","S1 MV","","S1 FRTU","","S1 FRTU","S1-RCS-0857","Remote unit","S1-HV,S1-MV,S1-Viewer","S1-RCS-0857","S1-RCS-0857","PBA03S-13 : Master PBB (Phetchaburi Office)","Trivial","NaN","Unknown","IT","Telemetry Alarm","None","SCADA","core\dnaApp_pcore","DC1-COR-DRT2","",""
"81","23/01/2025 1:40:56.377 PM","23/01/2025 1:40:50.177 PM","Remote unit state changed from Initializing to Offline.","","Event","S1 MV","","S1 FRTU","","S1 FRTU","S1-RCS-0830","Remote unit","S1-HV,S1-MV,S1-Viewer","S1-RCS-0830","S1-RCS-0830","RBB08S-18 : Master RBB (Ratchaburi 2 Substation)","Trivial","NaN","Unknown","IT","Telemetry Alarm","None","SCADA","core\dnaApp_pcore","DC1-COR-DRT2","",""
"82","23/01/2025 1:40:56.374 PM","23/01/2025 1:40:50.177 PM","Remote unit state changed from Initializing to Offline.","","Event","S1 MV","","S1 FRTU","","S1 FRTU","S1-RCS-0825","Remote unit","S1-HV,S1-MV,S1-Viewer","S1-RCS-0825","S1-RCS-0825","PTH09S-16 : Master PTH (Pak Tho Substation)","Trivial","NaN","Unknown","IT","Telemetry Alarm","None","SCADA","core\dnaApp_pcore","DC1-COR-DRT2","",""
"83","23/01/2025 1:40:56.365 PM","23/01/2025 1:40:50.177 PM","Remote unit state changed from Initializing to Offline.","","Event","S1 MV","","S1 FRTU","","S1 FRTU","S1-RCS-0911","Remote unit","S1-HV,S1-MV,S1-Viewer","S1-RCS-0911","S1-RCS-0911","PBA04S-24 : Master PBB (Phetchaburi Office)","Trivial","NaN","Unknown","IT","Telemetry Alarm","None","SCADA","core\dnaApp_pcore","DC1-COR-DRT2","",""
"84","23/01/2025 1:40:56.365 PM","23/01/2025 1:40:50.177 PM","Remote unit state changed from Initializing to Offline.","","Event","S1 MV","","S1 FRTU","","S1 FRTU","S1-RCS-0909","Remote unit","S1-HV,S1-MV,S1-Viewer","S1-RCS-0909","S1-RCS-0909","PDA09S-17 : Master PJP (Prachuap Khiri Khan Office)","Trivial","NaN","Unknown","IT","Telemetry Alarm","None","SCADA","core\dnaApp_pcore","DC1-COR-DRT2","",""
"85","23/01/2025 1:40:56.219 PM","23/01/2025 1:40:50.177 PM","Remote unit state changed from Initializing to Offline.","","Event","S1 MV","","S1 FRTU","","S1 FRTU","S1-RCS-0888","Remote unit","S1-HV,S1-MV,S1-Viewer","S1-RCS-0888","S1-RCS-0888","PBA03S-05 : Master PBB (Phetchaburi Office)","Trivial","NaN","Unknown","IT","Telemetry Alarm","None","SCADA","core\dnaApp_pcore","DC1-COR-DRT2","",""
"86","23/01/2025 1:40:55.667 PM","23/01/2025 1:40:50.177 PM","Remote unit state changed from Initializing to Offline.","","Event","S1 MV","","S1 FRTU","","S1 FRTU","S1-RCS-0806","Remote unit","S1-HV,S1-MV,S1-Viewer","S1-RCS-0806","S1-RCS-0806","PTR04S-06 : Master PTR (Photharam 1 Substation)","Trivial","NaN","Unknown","IT","Telemetry Alarm","None","SCADA","core\dnaApp_pcore","DC1-COR-DRT2","",""
"87","23/01/2025 1:40:55.644 PM","23/01/2025 1:40:50.177 PM","Remote unit state changed from Initializing to Offline.","","Event","S1 MV","","S1 FRTU","","S1 FRTU","S1-RCS-0803","Remote unit","S1-HV,S1-MV,S1-Viewer","S1-RCS-0803","S1-RCS-0803","PTR04S-07 : Master PTR (Photharam 1 Substation)","Trivial","NaN","Unknown","IT","Telemetry Alarm","None","SCADA","core\dnaApp_pcore","DC1-COR-DRT2","",""
"88","23/01/2025 1:40:55.278 PM","23/01/2025 1:40:50.176 PM","Remote unit state changed from Initializing to Offline.","","Event","S1 MV","","S1 FRTU","","S1 FRTU","S1-RCS-0554","Remote unit","S1-HV,S1-MV,S1-Viewer","S1-RCS-0554","S1-RCS-0554","CPA10S-21 : Master SAV (Sawi Office)","Trivial","NaN","Unknown","IT","Telemetry Alarm","None","SCADA","core\dnaApp_pcore","DC1-COR-DRT2","",""
"89","23/01/2025 1:40:54.309 PM","23/01/2025 1:40:50.176 PM","Remote unit state changed from Initializing to Offline.","","Event","S1 MV","","S1 FRTU","","S1 FRTU","S1-RCS-0035","Remote unit","S1-HV,S1-MV,S1-Viewer","S1-RCS-0035","S1-RCS-0035","TSE08S-10 : Master TSE (Tha Sae Substation)","Trivial","NaN","Unknown","IT","Telemetry Alarm","None","SCADA","core\dnaApp_pcore","DC1-COR-DRT2","",""
"90","23/01/2025 1:40:54.303 PM","23/01/2025 1:40:50.176 PM","Remote unit state changed from Initializing to Offline.","","Event","S1 MV","","S1 FRTU","","S1 FRTU","S1-RCS-0038","Remote unit","S1-HV,S1-MV,S1-Viewer","S1-RCS-0038","S1-RCS-0038","CPB08S-07 : Master CPB (Chumphon 2 Substation)","Trivial","NaN","Unknown","IT","Telemetry Alarm","None","SCADA","core\dnaApp_pcore","DC1-COR-DRT2","",""
"91","23/01/2025 1:40:54.229 PM","23/01/2025 1:40:50.176 PM","Remote unit state changed from Initializing to Offline.","","Event","S1 MV","","S1 FRTU","","S1 FRTU","S1-RCS-0089","Remote unit","S1-HV,S1-MV,S1-Viewer","S1-RCS-0089","S1-RCS-0089","PDA06S-10 : Master PJP (Prachuap Khiri Khan Office)","Trivial","NaN","Unknown","IT","Telemetry Alarm","None","SCADA","core\dnaApp_pcore","DC1-COR-DRT2","",""
"92","23/01/2025 1:40:53.921 PM","23/01/2025 1:40:50.176 PM","Remote unit state changed from Initializing to Offline.","","Event","S1 MV","","S1 FRTU","","S1 FRTU","S1-RCS-0145","Remote unit","S1-HV,S1-MV,S1-Viewer","S1-RCS-0145","S1-RCS-0145","RNB04S-04 : Master RNB (Ranong 2 Substation)","Trivial","NaN","Unknown","IT","Telemetry Alarm","None","SCADA","core\dnaApp_pcore","DC1-COR-DRT2","",""
"93","23/01/2025 12:46:49.770 PM","23/01/2025 12:46:48.798 PM","Remote unit state changed from Initializing to Offline.","","Event","S1 MV","","S1 FRTU","","S1 FRTU","S1-RCS-1051","Remote unit","S1-HV,S1-MV,S1-Viewer","S1-RCS-1051","S1-RCS-1051","PTR09S-13 : Master PTR (Photharam 1 Substation)","Trivial","NaN","Unknown","IT","Telemetry Alarm","None","SCADA","core\dnaApp_pcore","DC1-COR-DRT2","",""
"94","23/01/2025 12:46:49.769 PM","23/01/2025 12:46:48.798 PM","Remote unit state changed from Initializing to Offline.","","Event","S1 MV","","S1 FRTU","","S1 FRTU","S1-RCS-1048","Remote unit","S1-HV,S1-MV,S1-Viewer","S1-RCS-1048","S1-RCS-1048","PTR04S-08 : Master PTR (Photharam 1 Substation)","Trivial","NaN","Unknown","IT","Telemetry Alarm","None","SCADA","core\dnaApp_pcore","DC1-COR-DRT2","",""
"95","23/01/2025 12:46:49.769 PM","23/01/2025 12:46:48.798 PM","Remote unit state changed from Initializing to Offline.","","Event","S1 MV","","S1 FRTU","","S1 FRTU","S1-RCS-1047","Remote unit","S1-HV,S1-MV,S1-Viewer","S1-RCS-1047","S1-RCS-1047","PTR03S-04 : Master PTR (Photharam 1 Substation)","Trivial","NaN","Unknown","IT","Telemetry Alarm","None","SCADA","core\dnaApp_pcore","DC1-COR-DRT2","",""
"96","23/01/2025 12:46:49.768 PM","23/01/2025 12:46:48.798 PM","Remote unit state changed from Initializing to Offline.","","Event","S1 MV","","S1 FRTU","","S1 FRTU","S1-RCS-1043","Remote unit","S1-HV,S1-MV,S1-Viewer","S1-RCS-1043","S1-RCS-1043","PBA04S-11 : Master PBB (Phetchaburi Office)","Trivial","NaN","Unknown","IT","Telemetry Alarm","None","SCADA","core\dnaApp_pcore","DC1-COR-DRT2","",""
"97","23/01/2025 12:46:49.763 PM","23/01/2025 12:46:48.798 PM","Remote unit state changed from Initializing to Offline.","","Event","S1 MV","","S1 FRTU","","S1 FRTU","S1-RCS-1026","Remote unit","S1-HV,S1-MV,S1-Viewer","S1-RCS-1026","S1-RCS-1026","CAB08S-10 : Master CAB (Cha-Am 2 Substation)","Trivial","NaN","Unknown","IT","Telemetry Alarm","None","SCADA","core\dnaApp_pcore","DC1-COR-DRT2","",""
"98","23/01/2025 12:46:49.749 PM","23/01/2025 12:46:48.798 PM","Remote unit state changed from Initializing to Offline.","","Event","S1 MV","","S1 FRTU","","S1 FRTU","S1-RCS-0978","Remote unit","S1-HV,S1-MV,S1-Viewer","S1-RCS-0978","S1-RCS-0978","PBA05S-06 : Master PBB (Phetchaburi Office)","Trivial","NaN","Unknown","IT","Telemetry Alarm","None","SCADA","core\dnaApp_pcore","DC1-COR-DRT2","",""
"99","23/01/2025 12:46:49.749 PM","23/01/2025 12:46:48.798 PM","Remote unit state changed from Initializing to Offline.","","Event","S1 MV","","S1 FRTU","","S1 FRTU","S1-RCS-0975","Remote unit","S1-HV,S1-MV,S1-Viewer","S1-RCS-0975","S1-RCS-0975","PTH04S-24 : Master PTH (Pak Tho Substation)","Trivial","NaN","Unknown","IT","Telemetry Alarm","None","SCADA","core\dnaApp_pcore","DC1-COR-DRT2","",""
"100","23/01/2025 12:46:49.736 PM","23/01/2025 12:46:48.798 PM","Remote unit state changed from Initializing to Offline.","","Event","S1 MV","","S1 FRTU","","S1 FRTU","S1-RCS-0862","Remote unit","S1-HV,S1-MV,S1-Viewer","S1-RCS-0862","S1-RCS-0862","PBA04S-08 : Master PBB (Phetchaburi Office)","Trivial","NaN","Unknown","IT","Telemetry Alarm","None","SCADA","core\dnaApp_pcore","DC1-COR-DRT2","",""
"101","23/01/2025 12:46:49.734 PM","23/01/2025 12:46:48.798 PM","Remote unit state changed from Initializing to Offline.","","Event","S1 MV","","S1 FRTU","","S1 FRTU","S1-RCS-0830","Remote unit","S1-HV,S1-MV,S1-Viewer","S1-RCS-0830","S1-RCS-0830","RBB08S-18 : Master RBB (Ratchaburi 2 Substation)","Trivial","NaN","Unknown","IT","Telemetry Alarm","None","SCADA","core\dnaApp_pcore","DC1-COR-DRT2","",""
"102","23/01/2025 12:46:49.682 PM","23/01/2025 12:46:48.798 PM","Remote unit state changed from Initializing to Offline.","","Event","S1 MV","","S1 FRTU","","S1 FRTU","S1-RCS-0831","Remote unit","S1-HV,S1-MV,S1-Viewer","S1-RCS-0831","S1-RCS-0831","RBB03S-22 : Master RBB (Ratchaburi 2 Substation)","Trivial","NaN","Unknown","IT","Telemetry Alarm","None","SCADA","core\dnaApp_pcore","DC1-COR-DRT2","",""
"103","23/01/2025 12:46:49.424 PM","23/01/2025 12:46:48.797 PM","Remote unit state changed from Initializing to Offline.","","Event","S1 MV","","S1 FRTU","","S1 FRTU","S1-RCS-0554","Remote unit","S1-HV,S1-MV,S1-Viewer","S1-RCS-0554","S1-RCS-0554","CPA10S-21 : Master SAV (Sawi Office)","Trivial","NaN","Unknown","IT","Telemetry Alarm","None","SCADA","core\dnaApp_pcore","DC1-COR-DRT2","",""
"104","23/01/2025 12:46:49.310 PM","23/01/2025 12:46:48.797 PM","Remote unit state changed from Initializing to Offline.","","Event","S1 MV","","S1 FRTU","","S1 FRTU","S1-RCS-0035","Remote unit","S1-HV,S1-MV,S1-Viewer","S1-RCS-0035","S1-RCS-0035","TSE08S-10 : Master TSE (Tha Sae Substation)","Trivial","NaN","Unknown","IT","Telemetry Alarm","None","SCADA","core\dnaApp_pcore","DC1-COR-DRT2","",""
"105","23/01/2025 12:46:49.308 PM","23/01/2025 12:46:48.797 PM","Remote unit state changed from Initializing to Offline.","","Event","S1 MV","","S1 FRTU","","S1 FRTU","S1-RCS-0038","Remote unit","S1-HV,S1-MV,S1-Viewer","S1-RCS-0038","S1-RCS-0038","CPB08S-07 : Master CPB (Chumphon 2 Substation)","Trivial","NaN","Unknown","IT","Telemetry Alarm","None","SCADA","core\dnaApp_pcore","DC1-COR-DRT2","",""
"106","23/01/2025 12:46:49.271 PM","23/01/2025 12:46:48.796 PM","Remote unit state changed from Initializing to Offline.","","Event","S1 MV","","S1 FRTU","","S1 FRTU","S1-RCS-0089","Remote unit","S1-HV,S1-MV,S1-Viewer","S1-RCS-0089","S1-RCS-0089","PDA06S-10 : Master PJP (Prachuap Khiri Khan Office)","Trivial","NaN","Unknown","IT","Telemetry Alarm","None","SCADA","core\dnaApp_pcore","DC1-COR-DRT2","",""
"107","23/01/2025 12:46:49.228 PM","23/01/2025 12:46:48.796 PM","Remote unit state changed from Initializing to Offline.","","Event","S1 MV","","S1 FRTU","","S1 FRTU","S1-RCS-0145","Remote unit","S1-HV,S1-MV,S1-Viewer","S1-RCS-0145","S1-RCS-0145","RNB04S-04 : Master RNB (Ranong 2 Substation)","Trivial","NaN","Unknown","IT","Telemetry Alarm","None","SCADA","core\dnaApp_pcore","DC1-COR-DRT2","",""
"108","23/01/2025 11:51:13.931 AM","23/01/2025 11:51:06.474 AM","Remote unit state changed from Initializing to Offline.","","Event","S1 MV","","S1 FRTU","","S1 FRTU","S1-RCS-0322","Remote unit","S1-HV,S1-MV,S1-Viewer","S1-RCS-0322","S1-RCS-0322","CPA04S-21 : Cellular PP Ontime","Trivial","NaN","Unknown","IT","Telemetry Alarm","None","SCADA","core\dnaApp_pcore","DC1-COR-DRT1","",""
"109","23/01/2025 11:51:12.972 AM","23/01/2025 11:51:06.473 AM","Remote unit state changed from Initializing to Offline.","","Event","S1 MV","","S1 FRTU","","S1 FRTU","S1-RCS-0830","Remote unit","S1-HV,S1-MV,S1-Viewer","S1-RCS-0830","S1-RCS-0830","RBB08S-18 : Master RBB (Ratchaburi 2 Substation)","Trivial","NaN","Unknown","IT","Telemetry Alarm","None","SCADA","core\dnaApp_pcore","DC1-COR-DRT1","",""
"110","23/01/2025 11:51:11.597 AM","23/01/2025 11:51:06.472 AM","Remote unit state changed from Initializing to Offline.","","Event","S1 MV","","S1 FRTU","","S1 FRTU","S1-RCS-0554","Remote unit","S1-HV,S1-MV,S1-Viewer","S1-RCS-0554","S1-RCS-0554","CPA10S-21 : Master SAV (Sawi Office)","Trivial","NaN","Unknown","IT","Telemetry Alarm","None","SCADA","core\dnaApp_pcore","DC1-COR-DRT1","",""
"111","23/01/2025 11:51:10.784 AM","23/01/2025 11:51:06.471 AM","Remote unit state changed from Initializing to Offline.","","Event","S1 MV","","S1 FRTU","","S1 FRTU","S1-RCS-0035","Remote unit","S1-HV,S1-MV,S1-Viewer","S1-RCS-0035","S1-RCS-0035","TSE08S-10 : Master TSE (Tha Sae Substation)","Trivial","NaN","Unknown","IT","Telemetry Alarm","None","SCADA","core\dnaApp_pcore","DC1-COR-DRT1","",""
"112","23/01/2025 11:51:10.781 AM","23/01/2025 11:51:06.471 AM","Remote unit state changed from Initializing to Offline.","","Event","S1 MV","","S1 FRTU","","S1 FRTU","S1-RCS-0038","Remote unit","S1-HV,S1-MV,S1-Viewer","S1-RCS-0038","S1-RCS-0038","CPB08S-07 : Master CPB (Chumphon 2 Substation)","Trivial","NaN","Unknown","IT","Telemetry Alarm","None","SCADA","core\dnaApp_pcore","DC1-COR-DRT1","",""
"113","23/01/2025 11:51:10.086 AM","23/01/2025 11:51:06.471 AM","Remote unit state changed from Initializing to Offline.","","Event","S1 MV","","S1 FRTU","","S1 FRTU","S1-RCS-0145","Remote unit","S1-HV,S1-MV,S1-Viewer","S1-RCS-0145","S1-RCS-0145","RNB04S-04 : Master RNB (Ranong 2 Substation)","Trivial","NaN","Unknown","IT","Telemetry Alarm","None","SCADA","core\dnaApp_pcore","DC1-COR-DRT1","",""
"114","23/01/2025 11:51:09.964 AM","23/01/2025 11:51:06.471 AM","Remote unit state changed from Initializing to Offline.","","Event","S1 MV","","S1 FRTU","","S1 FRTU","S1-RCS-0174","Remote unit","S1-HV,S1-MV,S1-Viewer","S1-RCS-0174","S1-RCS-0174","RNA02S-05 : Cellular PP Ontime","Trivial","NaN","Unknown","IT","Telemetry Alarm","None","SCADA","core\dnaApp_pcore","DC1-COR-DRT1","",""
"115","23/01/2025 11:51:08.860 AM","23/01/2025 11:51:06.470 AM","Remote unit state changed from Initializing to Offline.","","Event","S1 MV","","S1 FRTU","","S1 FRTU","S1-RCS-0317","Remote unit","S1-HV,S1-MV,S1-Viewer","S1-RCS-0317","S1-RCS-0317","LSA01S-10 : Cellular PP Ontime","Trivial","NaN","Unknown","IT","Telemetry Alarm","None","SCADA","core\dnaApp_pcore","DC1-COR-DRT1","",""
"116","23/01/2025 11:51:08.743 AM","23/01/2025 11:51:06.470 AM","Remote unit state changed from Initializing to Offline.","","Event","S1 MV","","S1 FRTU","","S1 FRTU","S1-RCS-0350","Remote unit","S1-HV,S1-MV,S1-Viewer","S1-RCS-0350","S1-RCS-0350","PNA10S-09 : Cellular PP Ontime","Trivial","NaN","Unknown","IT","Telemetry Alarm","None","SCADA","core\dnaApp_pcore","DC1-COR-DRT1","",""
"117","23/01/2025 11:51:08.709 AM","23/01/2025 11:51:06.470 AM","Remote unit state changed from Initializing to Offline.","","Event","S1 MV","","S1 FRTU","","S1 FRTU","S1-RCS-0363","Remote unit","S1-HV,S1-MV,S1-Viewer","S1-RCS-0363","S1-RCS-0363","SSA04S-14 : Cellular PP Ontime","Trivial","NaN","Unknown","IT","Telemetry Alarm","None","SCADA","core\dnaApp_pcore","DC1-COR-DRT1","",""
"118","23/01/2025 11:51:08.703 AM","23/01/2025 11:51:06.470 AM","Remote unit state changed from Initializing to Offline.","","Event","S1 MV","","S1 FRTU","","S1 FRTU","S1-RCS-0366","Remote unit","S1-HV,S1-MV,S1-Viewer","S1-RCS-0366","S1-RCS-0366","XPA01S-12 : Cellular PP Ontime","Trivial","NaN","Unknown","IT","Telemetry Alarm","None","SCADA","core\dnaApp_pcore","DC1-COR-DRT1","",""
"119","23/01/2025 11:51:08.697 AM","23/01/2025 11:51:06.470 AM","Remote unit state changed from Initializing to Offline.","","Event","S1 MV","","S1 FRTU","","S1 FRTU","S1-RCS-0368","Remote unit","S1-HV,S1-MV,S1-Viewer","S1-RCS-0368","S1-RCS-0368","XPA02S-13 : Cellular PP Ontime","Trivial","NaN","Unknown","IT","Telemetry Alarm","None","SCADA","core\dnaApp_pcore","DC1-COR-DRT1","",""
"120","23/01/2025 11:51:08.677 AM","23/01/2025 11:51:06.470 AM","Remote unit state changed from Initializing to Offline.","","Event","S1 MV","","S1 FRTU","","S1 FRTU","S1-RCS-0376","Remote unit","S1-HV,S1-MV,S1-Viewer","S1-RCS-0376","S1-RCS-0376","HUU03S-12 : Cellular PP Ontime","Trivial","NaN","Unknown","IT","Telemetry Alarm","None","SCADA","core\dnaApp_pcore","DC1-COR-DRT1","",""
"121","23/01/2025 11:51:08.663 AM","23/01/2025 11:51:06.470 AM","Remote unit state changed from Initializing to Offline.","","Event","S1 MV","","S1 FRTU","","S1 FRTU","S1-RCS-0382","Remote unit","S1-HV,S1-MV,S1-Viewer","S1-RCS-0382","S1-RCS-0382","XPA04S-20 : Cellular PP Ontime","Trivial","NaN","Unknown","IT","Telemetry Alarm","None","SCADA","core\dnaApp_pcore","DC1-COR-DRT1","",""
"122","23/01/2025 11:51:08.660 AM","23/01/2025 11:51:06.470 AM","Remote unit state changed from Initializing to Offline.","","Event","S1 MV","","S1 FRTU","","S1 FRTU","S1-RCS-0383","Remote unit","S1-HV,S1-MV,S1-Viewer","S1-RCS-0383","S1-RCS-0383","XPA01S-13 : Cellular PP Ontime","Trivial","NaN","Unknown","IT","Telemetry Alarm","None","SCADA","core\dnaApp_pcore","DC1-COR-DRT1","",""
"123","23/01/2025 11:51:08.656 AM","23/01/2025 11:51:06.470 AM","Remote unit state changed from Initializing to Offline.","","Event","S1 MV","","S1 FRTU","","S1 FRTU","S1-RCS-0384","Remote unit","S1-HV,S1-MV,S1-Viewer","S1-RCS-0384","S1-RCS-0384","PTH04S-27 : Cellular PP Ontime","Trivial","NaN","Unknown","IT","Telemetry Alarm","None","SCADA","core\dnaApp_pcore","DC1-COR-DRT1","",""
"124","23/01/2025 11:51:08.598 AM","23/01/2025 11:51:06.470 AM","Remote unit state changed from Initializing to Offline.","","Event","S1 MV","","S1 FRTU","","S1 FRTU","S1-RCS-0414","Remote unit","S1-HV,S1-MV,S1-Viewer","S1-RCS-0414","S1-RCS-0414","BSR02S-13 : Cellular TRUE","Trivial","NaN","Unknown","IT","Telemetry Alarm","None","SCADA","core\dnaApp_pcore","DC1-COR-DRT1","",""
"125","23/01/2025 1:48:39.931 AM","23/01/2025 1:48:34.593 AM","Remote unit state changed from Initializing to Offline.","","Event","S1 MV","","S1 FRTU","","S1 FRTU","S1-RCS-1101","Remote unit","S1-HV,S1-MV,S1-Viewer","S1-RCS-1101","S1-RCS-1101","PBA04S-10 : Master PBB (Phetchaburi Office)","Trivial","NaN","Unknown","IT","Telemetry Alarm","None","SCADA","core\dnaApp_pcore","DC1-COR-DRT1","",""
"126","23/01/2025 1:48:39.926 AM","23/01/2025 1:48:34.593 AM","Remote unit state changed from Initializing to Offline.","","Event","S1 MV","","S1 FRTU","","S1 FRTU","S1-RCS-1089","Remote unit","S1-HV,S1-MV,S1-Viewer","S1-RCS-1089","S1-RCS-1089","RNA07S-06 : Master RNA (Ranong 1 Substation)","Trivial","NaN","Unknown","IT","Telemetry Alarm","None","SCADA","core\dnaApp_pcore","DC1-COR-DRT1","",""
"127","23/01/2025 1:48:39.797 AM","23/01/2025 1:48:34.593 AM","Remote unit state changed from Initializing to Offline.","","Event","S1 MV","","S1 FRTU","","S1 FRTU","S1-RCS-1050","Remote unit","S1-HV,S1-MV,S1-Viewer","S1-RCS-1050","S1-RCS-1050","PTR09S-12 : Master PTR (Photharam 1 Substation)","Trivial","NaN","Unknown","IT","Telemetry Alarm","None","SCADA","core\dnaApp_pcore","DC1-COR-DRT1","",""
"128","23/01/2025 1:48:39.793 AM","23/01/2025 1:48:34.593 AM","Remote unit state changed from Initializing to Offline.","","Event","S1 MV","","S1 FRTU","","S1 FRTU","S1-RCS-1047","Remote unit","S1-HV,S1-MV,S1-Viewer","S1-RCS-1047","S1-RCS-1047","PTR03S-04 : Master PTR (Photharam 1 Substation)","Trivial","NaN","Unknown","IT","Telemetry Alarm","None","SCADA","core\dnaApp_pcore","DC1-COR-DRT1","",""
"129","23/01/2025 1:48:39.319 AM","23/01/2025 1:48:34.593 AM","Remote unit state changed from Initializing to Offline.","","Event","S1 MV","","S1 FRTU","","S1 FRTU","S1-RCS-0985","Remote unit","S1-HV,S1-MV,S1-Viewer","S1-RCS-0985","S1-RCS-0985","DNA05S-31 : Master DNA (Damnoen Saduak Substation)","Trivial","NaN","Unknown","IT","Telemetry Alarm","None","SCADA","core\dnaApp_pcore","DC1-COR-DRT1","",""
"130","23/01/2025 1:48:38.883 AM","23/01/2025 1:48:34.593 AM","Remote unit state changed from Initializing to Offline.","","Event","S1 MV","","S1 FRTU","","S1 FRTU","S1-RCS-0860","Remote unit","S1-HV,S1-MV,S1-Viewer","S1-RCS-0860","S1-RCS-0860","PBB01S-10 : Master PBB (Phetchaburi Office)","Trivial","NaN","Unknown","IT","Telemetry Alarm","None","SCADA","core\dnaApp_pcore","DC1-COR-DRT1","",""
"131","23/01/2025 1:48:38.747 AM","23/01/2025 1:48:34.593 AM","Remote unit state changed from Initializing to Offline.","","Event","S1 MV","","S1 FRTU","","S1 FRTU","S1-RCS-0888","Remote unit","S1-HV,S1-MV,S1-Viewer","S1-RCS-0888","S1-RCS-0888","PBA03S-05 : Master PBB (Phetchaburi Office)","Trivial","NaN","Unknown","IT","Telemetry Alarm","None","SCADA","core\dnaApp_pcore","DC1-COR-DRT1","",""
"132","23/01/2025 1:48:38.586 AM","23/01/2025 1:48:34.593 AM","Remote unit state changed from Initializing to Offline.","","Event","S1 MV","","S1 FRTU","","S1 FRTU","S1-RCS-0803","Remote unit","S1-HV,S1-MV,S1-Viewer","S1-RCS-0803","S1-RCS-0803","PTR04S-07 : Master PTR (Photharam 1 Substation)","Trivial","NaN","Unknown","IT","Telemetry Alarm","None","SCADA","core\dnaApp_pcore","DC1-COR-DRT1","",""
"133","23/01/2025 1:48:37.711 AM","23/01/2025 1:48:34.592 AM","Remote unit state changed from Initializing to Offline.","","Event","S1 MV","","S1 FRTU","","S1 FRTU","S1-RCS-0554","Remote unit","S1-HV,S1-MV,S1-Viewer","S1-RCS-0554","S1-RCS-0554","CPA10S-21 : Master SAV (Sawi Office)","Trivial","NaN","Unknown","IT","Telemetry Alarm","None","SCADA","core\dnaApp_pcore","DC1-COR-DRT1","",""
"134","23/01/2025 1:48:37.124 AM","23/01/2025 1:48:34.592 AM","Remote unit state changed from Initializing to Offline.","","Event","S1 MV","","S1 FRTU","","S1 FRTU","S1-RCS-0031","Remote unit","S1-HV,S1-MV,S1-Viewer","S1-RCS-0031","S1-RCS-0031","RIU01S-04 : Master PTR (Photharam 1 Substation)","Trivial","NaN","Unknown","IT","Telemetry Alarm","None","SCADA","core\dnaApp_pcore","DC1-COR-DRT1","",""
"135","23/01/2025 1:48:37.100 AM","23/01/2025 1:48:34.592 AM","Remote unit state changed from Initializing to Offline.","","Event","S1 MV","","S1 FRTU","","S1 FRTU","S1-RCS-0035","Remote unit","S1-HV,S1-MV,S1-Viewer","S1-RCS-0035","S1-RCS-0035","TSE08S-10 : Master TSE (Tha Sae Substation)","Trivial","NaN","Unknown","IT","Telemetry Alarm","None","SCADA","core\dnaApp_pcore","DC1-COR-DRT1","",""
"136","23/01/2025 1:48:37.083 AM","23/01/2025 1:48:34.592 AM","Remote unit state changed from Initializing to Offline.","","Event","S1 MV","","S1 FRTU","","S1 FRTU","S1-RCS-0038","Remote unit","S1-HV,S1-MV,S1-Viewer","S1-RCS-0038","S1-RCS-0038","CPB08S-07 : Master CPB (Chumphon 2 Substation)","Trivial","NaN","Unknown","IT","Telemetry Alarm","None","SCADA","core\dnaApp_pcore","DC1-COR-DRT1","",""
"137","23/01/2025 1:48:37.057 AM","23/01/2025 1:48:34.592 AM","Remote unit state changed from Initializing to Offline.","","Event","S1 MV","","S1 FRTU","","S1 FRTU","S1-RCS-0043","Remote unit","S1-HV,S1-MV,S1-Viewer","S1-RCS-0043","S1-RCS-0043","DNA02S-17 : Master PTR (Photharam 1 Substation)","Trivial","NaN","Unknown","IT","Telemetry Alarm","None","SCADA","core\dnaApp_pcore","DC1-COR-DRT1","",""
"138","23/01/2025 1:48:36.932 AM","23/01/2025 1:48:34.592 AM","Remote unit state changed from Initializing to Offline.","","Event","S1 MV","","S1 FRTU","","S1 FRTU","S1-RCS-0070","Remote unit","S1-HV,S1-MV,S1-Viewer","S1-RCS-0070","S1-RCS-0070","PBB02S-14 : Master TAY (Tha Yang Office)","Trivial","NaN","Unknown","IT","Telemetry Alarm","None","SCADA","core\dnaApp_pcore","DC1-COR-DRT1","",""
"139","23/01/2025 1:48:36.912 AM","23/01/2025 1:48:34.592 AM","Remote unit state changed from Initializing to Offline.","","Event","S1 MV","","S1 FRTU","","S1 FRTU","S1-RCS-0076","Remote unit","S1-HV,S1-MV,S1-Viewer","S1-RCS-0076","S1-RCS-0076","PBA01S-17 : Master PBB (Phetchaburi Office)","Trivial","NaN","Unknown","IT","Telemetry Alarm","None","SCADA","core\dnaApp_pcore","DC1-COR-DRT1","",""
"140","23/01/2025 1:48:36.719 AM","23/01/2025 1:48:34.592 AM","Remote unit state changed from Initializing to Offline.","","Event","S1 MV","","S1 FRTU","","S1 FRTU","S1-RCS-0145","Remote unit","S1-HV,S1-MV,S1-Viewer","S1-RCS-0145","S1-RCS-0145","RNB04S-04 : Master RNB (Ranong 2 Substation)","Trivial","NaN","Unknown","IT","Telemetry Alarm","None","SCADA","core\dnaApp_pcore","DC1-COR-DRT1","",""
"141","23/01/2025 1:48:36.042 AM","23/01/2025 1:48:34.591 AM","Remote unit state changed from Initializing to Offline.","","Event","S1 MV","","S1 FRTU","","S1 FRTU","S1-RCS-0397","Remote unit","S1-HV,S1-MV,S1-Viewer","S1-RCS-0397","S1-RCS-0397","CBN03S-20 : Cellular TRUE","Trivial","NaN","Unknown","IT","Telemetry Alarm","None","SCADA","core\dnaApp_pcore","DC1-COR-DRT1","",""
"142","23/01/2025 1:48:35.991 AM","23/01/2025 1:48:34.590 AM","Remote unit state changed from Initializing to Offline.","","Event","S1 MV","","S1 FRTU","","S1 FRTU","S1-RCS-0407","Remote unit","S1-HV,S1-MV,S1-Viewer","S1-RCS-0407","S1-RCS-0407","CBN10S-11 : Cellular TRUE","Trivial","NaN","Unknown","IT","Telemetry Alarm","None","SCADA","core\dnaApp_pcore","DC1-COR-DRT1","",""
"143","23/01/2025 1:48:35.943 AM","23/01/2025 1:48:34.590 AM","Remote unit state changed from Initializing to Offline.","","Event","S1 MV","","S1 FRTU","","S1 FRTU","S1-RCS-0418","Remote unit","S1-HV,S1-MV,S1-Viewer","S1-RCS-0418","S1-RCS-0418","RNB04S-12 : Cellular TRUE","Trivial","NaN","Unknown","IT","Telemetry Alarm","None","SCADA","core\dnaApp_pcore","DC1-COR-DRT1","",""
"144","23/01/2025 1:48:35.810 AM","23/01/2025 1:48:34.590 AM","Remote unit state changed from Initializing to Offline.","","Event","S1 MV","","S1 FRTU","","S1 FRTU","S1-RCS-0526","Remote unit","S1-HV,S1-MV,S1-Viewer","S1-RCS-0526","S1-RCS-0526","PBA04S-19 : Master PBB (Phetchaburi Office)","Trivial","NaN","Unknown","IT","Telemetry Alarm","None","SCADA","core\dnaApp_pcore","DC1-COR-DRT1","",""
"145","23/01/2025 1:48:35.762 AM","23/01/2025 1:48:34.590 AM","Remote unit state changed from Initializing to Offline.","","Event","S1 MV","","S1 FRTU","","S1 FRTU","S1-RCS-0537","Remote unit","S1-HV,S1-MV,S1-Viewer","S1-RCS-0537","S1-RCS-0537","PTR07S-04 : Master PTR (Photharam 1 Substation)","Trivial","NaN","Unknown","IT","Telemetry Alarm","None","SCADA","core\dnaApp_pcore","DC1-COR-DRT1","",""
"146","23/01/2025 1:48:35.554 AM","23/01/2025 1:48:34.590 AM","Remote unit state changed from Initializing to Offline.","","Event","S1 MV","","S1 FRTU","","S1 FRTU","S1-RCS-0702","Remote unit","S1-HV,S1-MV,S1-Viewer","S1-RCS-0702","S1-RCS-0702","DNA01S-18 : Master PTR (Photharam 1 Substation)","Trivial","NaN","Unknown","IT","Telemetry Alarm","None","SCADA","core\dnaApp_pcore","DC1-COR-DRT1","",""
"147","23/01/2025 1:48:35.553 AM","23/01/2025 1:48:34.590 AM","Remote unit state changed from Initializing to Offline.","","Event","S1 MV","","S1 FRTU","","S1 FRTU","S1-RCS-0703","Remote unit","S1-HV,S1-MV,S1-Viewer","S1-RCS-0703","S1-RCS-0703","DNA02S-15 : Master PTR (Photharam 1 Substation)","Trivial","NaN","Unknown","IT","Telemetry Alarm","None","SCADA","core\dnaApp_pcore","DC1-COR-DRT1","",""
"148","23/01/2025 1:48:35.550 AM","23/01/2025 1:48:34.590 AM","Remote unit state changed from Initializing to Offline.","","Event","S1 MV","","S1 FRTU","","S1 FRTU","S1-RCS-0714","Remote unit","S1-HV,S1-MV,S1-Viewer","S1-RCS-0714","S1-RCS-0714","PNA03S-15 : Master PNA (Pranburi Substation)","Trivial","NaN","Unknown","IT","Telemetry Alarm","None","SCADA","core\dnaApp_pcore","DC1-COR-DRT1","",""
"149","22/01/2025 1:48:47.598 PM","22/01/2025 1:48:42.461 PM","Remote unit state changed from Initializing to Offline.","","Event","S1 MV","","S1 FRTU","","S1 FRTU","S1-RCS-0554","Remote unit","S1-HV,S1-MV,S1-Viewer","S1-RCS-0554","S1-RCS-0554","CPA10S-21 : Master SAV (Sawi Office)","Trivial","NaN","Unknown","IT","Telemetry Alarm","None","SCADA","core\dnaApp_bcore","DC2-COR-DRT1","",""
"150","22/01/2025 1:48:46.907 PM","22/01/2025 1:48:42.461 PM","Remote unit state changed from Initializing to Offline.","","Event","S1 MV","","S1 FRTU","","S1 FRTU","S1-RCS-0035","Remote unit","S1-HV,S1-MV,S1-Viewer","S1-RCS-0035","S1-RCS-0035","TSE08S-10 : Master TSE (Tha Sae Substation)","Trivial","NaN","Unknown","IT","Telemetry Alarm","None","SCADA","core\dnaApp_bcore","DC2-COR-DRT1","",""
"151","22/01/2025 1:48:46.883 PM","22/01/2025 1:48:42.461 PM","Remote unit state changed from Initializing to Offline.","","Event","S1 MV","","S1 FRTU","","S1 FRTU","S1-RCS-0038","Remote unit","S1-HV,S1-MV,S1-Viewer","S1-RCS-0038","S1-RCS-0038","CPB08S-07 : Master CPB (Chumphon 2 Substation)","Trivial","NaN","Unknown","IT","Telemetry Alarm","None","SCADA","core\dnaApp_bcore","DC2-COR-DRT1","",""
"152","22/01/2025 1:48:46.518 PM","22/01/2025 1:48:42.461 PM","Remote unit state changed from Initializing to Offline.","","Event","S1 MV","","S1 FRTU","","S1 FRTU","S1-RCS-0145","Remote unit","S1-HV,S1-MV,S1-Viewer","S1-RCS-0145","S1-RCS-0145","RNB04S-04 : Master RNB (Ranong 2 Substation)","Trivial","NaN","Unknown","IT","Telemetry Alarm","None","SCADA","core\dnaApp_bcore","DC2-COR-DRT1","",""
"153","22/01/2025 1:48:44.554 PM","22/01/2025 1:48:42.461 PM","Remote unit state changed from Initializing to Offline.","","Event","S1 MV","","S1 FRTU","","S1 FRTU","S1-RCS-0397","Remote unit","S1-HV,S1-MV,S1-Viewer","S1-RCS-0397","S1-RCS-0397","CBN03S-20 : Cellular TRUE","Trivial","NaN","Unknown","IT","Telemetry Alarm","None","SCADA","core\dnaApp_bcore","DC2-COR-DRT1","",""
"154","15/01/2025 11:58:39.895 AM","15/01/2025 11:58:39.878 AM","Remote unit state changed from Initializing to Offline.","","Event","S1 MV","","S1 FRTU","","S1 FRTU","S1-RCS-0035","Remote unit","S1-HV,S1-MV,S1-Viewer","S1-RCS-0035","S1-RCS-0035","TSE08S-10 : Master TSE (Tha Sae Substation)","Trivial","NaN","Unknown","IT","Telemetry Alarm","None","SCADA","core\dnaApp_pcore","DC1-COR-DRT2","",""
"155","15/01/2025 11:56:58.000 AM","15/01/2025 11:56:57.994 AM","Remote unit state changed from Initializing to Offline.","","Event","S1 MV","","S1 FRTU","","S1 FRTU","S1-RCS-0035","Remote unit","S1-HV,S1-MV,S1-Viewer","S1-RCS-0035","S1-RCS-0035","TSE08S-10 : Master TSE (Tha Sae Substation)","Trivial","NaN","Unknown","IT","Telemetry Alarm","None","SCADA","core\dnaApp_pcore","DC1-COR-DRT2","",""
"156","02/01/2025 1:31:42.281 PM","02/01/2025 1:31:42.280 PM","Remote unit state changed from Initializing to Offline.","","Event","S1 MV","","S1 FRTU","","S1 FRTU","S1-RCS-1108","Remote unit","S1-HV,S1-MV,S1-Viewer","S1-RCS-1108","S1-RCS-1108","TSE01S-10 : Master PTW (Pathio Office)","Trivial","NaN","Unknown","IT","Telemetry Alarm","None","SCADA","core\dnaApp_pcore","DC1-COR-DRT2","",""



