Event Summary - Wednesday, March 26, 2025 3:41:45 PM
 Start Date: 01/01/2025 12:00:00 AM End Date: 01/02/2025 12:00:00 AM
Region contains S1
AND Substation contains S1 FRTU
AND Message contains Remote unit state changed from Telemetry Failure to Initializing.

"#","Process time","Field change time","Message","Note","Type","Region","Subregion","Substation","Feeder","Location","Device","Device type","AOR","Element","RTU","Alias","Severity","Voltage level [kV]","Category","Class","Activity","Inhibit","Source","User name","Console name","Reason source","Reason ID"
"1","31/01/2025 2:23:03.634 PM","31/01/2025 2:23:03.632 PM","Remote unit state changed from Telemetry Failure to Initializing.","","Event","S1 MV","","S1 FRTU","","S1 FRTU","S1-REC-3301","Remote unit","S1-HV,S1-MV,S1-Viewer","S1-REC-3301","S1-REC-3301","BPC02R-01 : Master BPB (Ban Pong 2 Substation)","Trivial","NaN","Unknown","IT","Telemetry Alarm","None","SCADA","core\dnaApp_pcore","DC1-COR-DRT2","",""
"2","31/01/2025 2:14:39.804 PM","31/01/2025 2:14:39.799 PM","Remote unit state changed from Telemetry Failure to Initializing.","","Event","S1 MV","","S1 FRTU","","S1 FRTU","S1-REC-3301","Remote unit","S1-HV,S1-MV,S1-Viewer","S1-REC-3301","S1-REC-3301","BPC02R-01 : Master BPB (Ban Pong 2 Substation)","Trivial","NaN","Unknown","IT","Telemetry Alarm","None","SCADA","core\dnaApp_pcore","DC1-COR-DRT2","",""
"3","30/01/2025 12:43:33.401 AM","30/01/2025 12:43:33.400 AM","Remote unit state changed from Telemetry Failure to Initializing.","","Event","S1 MV","","S1 FRTU","","S1 FRTU","S1-REC-3301","Remote unit","S1-HV,S1-MV,S1-Viewer","S1-REC-3301","S1-REC-3301","BPC02R-01 : Master BPB (Ban Pong 2 Substation)","Trivial","NaN","Unknown","IT","Telemetry Alarm","None","SCADA","core\dnaApp_pcore","DC1-COR-DRT2","",""
"4","30/01/2025 12:25:41.377 AM","30/01/2025 12:25:41.375 AM","Remote unit state changed from Telemetry Failure to Initializing.","","Event","S1 MV","","S1 FRTU","","S1 FRTU","S1-REC-3301","Remote unit","S1-HV,S1-MV,S1-Viewer","S1-REC-3301","S1-REC-3301","BPC02R-01 : Master BPB (Ban Pong 2 Substation)","Trivial","NaN","Unknown","IT","Telemetry Alarm","None","SCADA","core\dnaApp_pcore","DC1-COR-DRT2","",""
"5","30/01/2025 12:14:23.583 AM","30/01/2025 12:14:23.582 AM","Remote unit state changed from Telemetry Failure to Initializing.","","Event","S1 MV","","S1 FRTU","","S1 FRTU","S1-REC-3301","Remote unit","S1-HV,S1-MV,S1-Viewer","S1-REC-3301","S1-REC-3301","BPC02R-01 : Master BPB (Ban Pong 2 Substation)","Trivial","NaN","Unknown","IT","Telemetry Alarm","None","SCADA","core\dnaApp_pcore","DC1-COR-DRT2","",""
"6","30/01/2025 12:12:23.464 AM","30/01/2025 12:12:23.463 AM","Remote unit state changed from Telemetry Failure to Initializing.","","Event","S1 MV","","S1 FRTU","","S1 FRTU","S1-REC-3301","Remote unit","S1-HV,S1-MV,S1-Viewer","S1-REC-3301","S1-REC-3301","BPC02R-01 : Master BPB (Ban Pong 2 Substation)","Trivial","NaN","Unknown","IT","Telemetry Alarm","None","SCADA","core\dnaApp_pcore","DC1-COR-DRT2","",""
"7","30/01/2025 12:06:37.124 AM","30/01/2025 12:06:37.122 AM","Remote unit state changed from Telemetry Failure to Initializing.","","Event","S1 MV","","S1 FRTU","","S1 FRTU","S1-REC-3301","Remote unit","S1-HV,S1-MV,S1-Viewer","S1-REC-3301","S1-REC-3301","BPC02R-01 : Master BPB (Ban Pong 2 Substation)","Trivial","NaN","Unknown","IT","Telemetry Alarm","None","SCADA","core\dnaApp_pcore","DC1-COR-DRT2","",""
"8","29/01/2025 5:16:27.438 PM","29/01/2025 5:16:27.437 PM","Remote unit state changed from Telemetry Failure to Initializing.","","Event","S1 MV","","S1 FRTU","","S1 FRTU","S1-VSP-0020","Remote unit","S1-HV,S1-MV,S1-Viewer","S1-VSP-0020","S1-VSP-0020","PBB02S-15 : Cellular PP Ontime : VSPP 2EPD03 บจก. พัฒนาพลังงานไฟฟ้า 2 (Before GC51)","Trivial","NaN","Unknown","IT","Telemetry Alarm","None","SCADA","core\dnaApp_pcore","DC1-COR-DRT2","",""
"9","29/01/2025 3:16:42.423 PM","29/01/2025 3:16:42.422 PM","Remote unit state changed from Telemetry Failure to Initializing.","","Event","S1 MV","","S1 FRTU","","S1 FRTU","S1-REC-0195","Remote unit","S1-HV,S1-MV,S1-Viewer","S1-REC-0195","S1-REC-0195","RNB05R-03 : Cellular TRUE","Trivial","NaN","Unknown","IT","Telemetry Alarm","None","SCADA","core\dnaApp_pcore","DC1-COR-DRT2","",""
"10","29/01/2025 2:38:07.825 PM","29/01/2025 2:38:07.823 PM","Remote unit state changed from Telemetry Failure to Initializing.","","Event","S1 MV","","S1 FRTU","","S1 FRTU","S1-RCS-0145","Remote unit","S1-HV,S1-MV,S1-Viewer","S1-RCS-0145","S1-RCS-0145","RNB04S-04 : Master RNB (Ranong 2 Substation)","Trivial","NaN","Unknown","IT","Telemetry Alarm","None","SCADA","core\dnaApp_pcore","DC1-COR-DRT2","",""
"11","29/01/2025 10:18:30.109 AM","29/01/2025 10:18:30.108 AM","Remote unit state changed from Telemetry Failure to Initializing.","","Event","S1 MV","","S1 FRTU","","S1 FRTU","S1-REC-0144","Remote unit","S1-HV,S1-MV,S1-Viewer","S1-REC-0144","S1-REC-0144","CPA02R-08 : Master CPP (Chumphon Office)","Trivial","NaN","Unknown","IT","Telemetry Alarm","None","SCADA","core\dnaApp_pcore","DC1-COR-DRT2","",""
"12","29/01/2025 5:26:13.792 AM","29/01/2025 5:26:13.792 AM","Remote unit state changed from Telemetry Failure to Initializing.","","Event","S1 MV","","S1 FRTU","","S1 FRTU","S1-RCS-0089","Remote unit","S1-HV,S1-MV,S1-Viewer","S1-RCS-0089","S1-RCS-0089","PDA06S-10 : Master PJP (Prachuap Khiri Khan Office)","Trivial","NaN","Unknown","IT","Telemetry Alarm","None","SCADA","core\dnaApp_pcore","DC1-COR-DRT2","",""
"13","29/01/2025 3:34:47.656 AM","29/01/2025 3:34:47.656 AM","Remote unit state changed from Telemetry Failure to Initializing.","","Event","S1 MV","","S1 FRTU","","S1 FRTU","S1-RCS-0170","Remote unit","S1-HV,S1-MV,S1-Viewer","S1-RCS-0170","S1-RCS-0170","RNB07S-15 : Master RNB (Ranong 2 Substation)","Trivial","NaN","Unknown","IT","Telemetry Alarm","None","SCADA","core\dnaApp_pcore","DC1-COR-DRT2","",""
"14","28/01/2025 2:02:31.111 PM","28/01/2025 2:02:31.109 PM","Remote unit state changed from Telemetry Failure to Initializing.","","Event","S1 MV","","S1 FRTU","","S1 FRTU","S1-RCS-0089","Remote unit","S1-HV,S1-MV,S1-Viewer","S1-RCS-0089","S1-RCS-0089","PDA06S-10 : Master PJP (Prachuap Khiri Khan Office)","Trivial","NaN","Unknown","IT","Telemetry Alarm","None","SCADA","core\dnaApp_pcore","DC1-COR-DRT1","",""
"15","28/01/2025 1:38:42.187 PM","28/01/2025 1:38:42.186 PM","Remote unit state changed from Telemetry Failure to Initializing.","","Event","S1 MV","","S1 FRTU","","S1 FRTU","S1-RCS-0089","Remote unit","S1-HV,S1-MV,S1-Viewer","S1-RCS-0089","S1-RCS-0089","PDA06S-10 : Master PJP (Prachuap Khiri Khan Office)","Trivial","NaN","Unknown","IT","Telemetry Alarm","None","SCADA","core\dnaApp_pcore","DC1-COR-DRT1","",""
"16","28/01/2025 1:18:32.104 PM","28/01/2025 1:18:32.097 PM","Remote unit state changed from Telemetry Failure to Initializing.","","Event","S1 MV","","S1 FRTU","","S1 FRTU","S1-RCS-0089","Remote unit","S1-HV,S1-MV,S1-Viewer","S1-RCS-0089","S1-RCS-0089","PDA06S-10 : Master PJP (Prachuap Khiri Khan Office)","Trivial","NaN","Unknown","IT","Telemetry Alarm","None","SCADA","core\dnaApp_pcore","DC1-COR-DRT1","",""
"17","28/01/2025 11:32:12.370 AM","28/01/2025 11:32:12.369 AM","Remote unit state changed from Telemetry Failure to Initializing.","","Event","S1 MV","","S1 FRTU","","S1 FRTU","S1-RCS-0089","Remote unit","S1-HV,S1-MV,S1-Viewer","S1-RCS-0089","S1-RCS-0089","PDA06S-10 : Master PJP (Prachuap Khiri Khan Office)","Trivial","NaN","Unknown","IT","Telemetry Alarm","None","SCADA","core\dnaApp_pcore","DC1-COR-DRT1","",""
"18","28/01/2025 10:49:00.093 AM","28/01/2025 10:49:00.092 AM","Remote unit state changed from Telemetry Failure to Initializing.","","Event","S1 MV","","S1 FRTU","","S1 FRTU","S1-RCS-0089","Remote unit","S1-HV,S1-MV,S1-Viewer","S1-RCS-0089","S1-RCS-0089","PDA06S-10 : Master PJP (Prachuap Khiri Khan Office)","Trivial","NaN","Unknown","IT","Telemetry Alarm","None","SCADA","core\dnaApp_pcore","DC1-COR-DRT1","",""
"19","28/01/2025 9:13:09.614 AM","28/01/2025 9:13:09.609 AM","Remote unit state changed from Telemetry Failure to Initializing.","","Event","S1 MV","","S1 FRTU","","S1 FRTU","S1-RCS-0089","Remote unit","S1-HV,S1-MV,S1-Viewer","S1-RCS-0089","S1-RCS-0089","PDA06S-10 : Master PJP (Prachuap Khiri Khan Office)","Trivial","NaN","Unknown","IT","Telemetry Alarm","None","SCADA","core\dnaApp_pcore","DC1-COR-DRT1","",""
"20","28/01/2025 2:20:53.350 AM","28/01/2025 2:20:53.349 AM","Remote unit state changed from Telemetry Failure to Initializing.","","Event","S1 MV","","S1 FRTU","","S1 FRTU","S1-RCS-0089","Remote unit","S1-HV,S1-MV,S1-Viewer","S1-RCS-0089","S1-RCS-0089","PDA06S-10 : Master PJP (Prachuap Khiri Khan Office)","Trivial","NaN","Unknown","IT","Telemetry Alarm","None","SCADA","core\dnaApp_pcore","DC1-COR-DRT1","",""
"21","28/01/2025 2:09:38.299 AM","28/01/2025 2:09:38.298 AM","Remote unit state changed from Telemetry Failure to Initializing.","","Event","S1 MV","","S1 FRTU","","S1 FRTU","S1-RCS-0089","Remote unit","S1-HV,S1-MV,S1-Viewer","S1-RCS-0089","S1-RCS-0089","PDA06S-10 : Master PJP (Prachuap Khiri Khan Office)","Trivial","NaN","Unknown","IT","Telemetry Alarm","None","SCADA","core\dnaApp_pcore","DC1-COR-DRT1","",""
"22","27/01/2025 10:05:39.056 PM","27/01/2025 10:05:39.055 PM","Remote unit state changed from Telemetry Failure to Initializing.","","Event","S1 MV","","S1 FRTU","","S1 FRTU","S1-RCS-0089","Remote unit","S1-HV,S1-MV,S1-Viewer","S1-RCS-0089","S1-RCS-0089","PDA06S-10 : Master PJP (Prachuap Khiri Khan Office)","Trivial","NaN","Unknown","IT","Telemetry Alarm","None","SCADA","core\dnaApp_pcore","DC1-COR-DRT1","",""
"23","27/01/2025 9:19:19.247 PM","27/01/2025 9:19:19.238 PM","Remote unit state changed from Telemetry Failure to Initializing.","","Event","S1 MV","","S1 FRTU","","S1 FRTU","S1-RCS-0089","Remote unit","S1-HV,S1-MV,S1-Viewer","S1-RCS-0089","S1-RCS-0089","PDA06S-10 : Master PJP (Prachuap Khiri Khan Office)","Trivial","NaN","Unknown","IT","Telemetry Alarm","None","SCADA","core\dnaApp_pcore","DC1-COR-DRT1","",""
"24","27/01/2025 1:09:21.491 PM","27/01/2025 1:09:21.490 PM","Remote unit state changed from Telemetry Failure to Initializing.","","Event","S1 MV","","S1 FRTU","","S1 FRTU","S1-VSP-0020","Remote unit","S1-HV,S1-MV,S1-Viewer","S1-VSP-0020","S1-VSP-0020","PBB02S-15 : Cellular PP Ontime : VSPP 2EPD03 บจก. พัฒนาพลังงานไฟฟ้า 2 (Before GC51)","Trivial","NaN","Unknown","IT","Telemetry Alarm","None","SCADA","core\dnaApp_pcore","DC1-COR-DRT1","",""
"25","27/01/2025 7:29:52.691 AM","27/01/2025 7:29:52.690 AM","Remote unit state changed from Telemetry Failure to Initializing.","","Event","S1 MV","","S1 FRTU","","S1 FRTU","S1-RCS-0001","Remote unit","S1-HV,S1-MV,S1-Viewer","S1-RCS-0001","S1-RCS-0001","BSP10S-19 : Master BGN (Bang Saphan Office)","Trivial","NaN","Unknown","IT","Telemetry Alarm","None","SCADA","core\dnaApp_pcore","DC1-COR-DRT1","",""
"26","27/01/2025 1:34:05.395 AM","27/01/2025 1:34:05.394 AM","Remote unit state changed from Telemetry Failure to Initializing.","","Event","S1 MV","","S1 FRTU","","S1 FRTU","S1-REC-3301","Remote unit","S1-HV,S1-MV,S1-Viewer","S1-REC-3301","S1-REC-3301","BPC02R-01 : Master BPB (Ban Pong 2 Substation)","Trivial","NaN","Unknown","IT","Telemetry Alarm","None","SCADA","core\dnaApp_pcore","DC1-COR-DRT1","",""
"27","26/01/2025 8:29:01.158 AM","26/01/2025 8:29:01.148 AM","Remote unit state changed from Telemetry Failure to Initializing.","","Event","S1 MV","","S1 FRTU","","S1 FRTU","S1-VSP-0044","Remote unit","S1-HV,S1-MV,S1-Viewer","S1-VSP-0044","S1-VSP-0044","CPA09S-17 : Cellular PP Ontime : VSPP 2NEH01 บจก. เก็บเกี่ยวพลังงานธรรมชาติ (Before GC51)","Trivial","NaN","Unknown","IT","Telemetry Alarm","None","SCADA","core\dnaApp_pcore","DC1-COR-DRT1","",""
"28","26/01/2025 7:09:17.762 AM","26/01/2025 7:09:17.761 AM","Remote unit state changed from Telemetry Failure to Initializing.","","Event","S1 MV","","S1 FRTU","","S1 FRTU","S1-RCS-0160","Remote unit","S1-HV,S1-MV,S1-Viewer","S1-RCS-0160","S1-RCS-0160","KUA09S-09 : Master KUA (Kui Buri Substation)","Trivial","NaN","Unknown","IT","Telemetry Alarm","None","SCADA","core\dnaApp_pcore","DC1-COR-DRT1","",""
"29","25/01/2025 3:49:23.366 PM","25/01/2025 3:49:23.365 PM","Remote unit state changed from Telemetry Failure to Initializing.","","Event","S1 MV","","S1 FRTU","","S1 FRTU","S1-RCS-0226","Remote unit","S1-HV,S1-MV,S1-Viewer","S1-RCS-0226","S1-RCS-0226","RBA03S-11 : Master RBB (Ratchaburi 2 Substation)","Trivial","NaN","Unknown","IT","Telemetry Alarm","None","SCADA","core\dnaApp_pcore","DC1-COR-DRT1","",""
"30","25/01/2025 11:28:47.069 AM","25/01/2025 11:28:47.068 AM","Remote unit state changed from Telemetry Failure to Initializing.","","Event","S1 MV","","S1 FRTU","","S1 FRTU","S1-RCS-0089","Remote unit","S1-HV,S1-MV,S1-Viewer","S1-RCS-0089","S1-RCS-0089","PDA06S-10 : Master PJP (Prachuap Khiri Khan Office)","Trivial","NaN","Unknown","IT","Telemetry Alarm","None","SCADA","core\dnaApp_pcore","DC1-COR-DRT1","",""
"31","25/01/2025 9:24:05.270 AM","25/01/2025 9:24:05.269 AM","Remote unit state changed from Telemetry Failure to Initializing.","","Event","S1 MV","","S1 FRTU","","S1 FRTU","S1-RCS-0089","Remote unit","S1-HV,S1-MV,S1-Viewer","S1-RCS-0089","S1-RCS-0089","PDA06S-10 : Master PJP (Prachuap Khiri Khan Office)","Trivial","NaN","Unknown","IT","Telemetry Alarm","None","SCADA","core\dnaApp_pcore","DC1-COR-DRT1","",""
"32","25/01/2025 8:53:42.631 AM","25/01/2025 8:53:42.629 AM","Remote unit state changed from Telemetry Failure to Initializing.","","Event","S1 MV","","S1 FRTU","","S1 FRTU","S1-RCS-0089","Remote unit","S1-HV,S1-MV,S1-Viewer","S1-RCS-0089","S1-RCS-0089","PDA06S-10 : Master PJP (Prachuap Khiri Khan Office)","Trivial","NaN","Unknown","IT","Telemetry Alarm","None","SCADA","core\dnaApp_pcore","DC1-COR-DRT1","",""
"33","25/01/2025 6:06:34.342 AM","25/01/2025 6:06:34.341 AM","Remote unit state changed from Telemetry Failure to Initializing.","","Event","S1 MV","","S1 FRTU","","S1 FRTU","S1-RCS-0089","Remote unit","S1-HV,S1-MV,S1-Viewer","S1-RCS-0089","S1-RCS-0089","PDA06S-10 : Master PJP (Prachuap Khiri Khan Office)","Trivial","NaN","Unknown","IT","Telemetry Alarm","None","SCADA","core\dnaApp_pcore","DC1-COR-DRT1","",""
"34","25/01/2025 5:30:18.068 AM","25/01/2025 5:30:18.067 AM","Remote unit state changed from Telemetry Failure to Initializing.","","Event","S1 MV","","S1 FRTU","","S1 FRTU","S1-RCS-0089","Remote unit","S1-HV,S1-MV,S1-Viewer","S1-RCS-0089","S1-RCS-0089","PDA06S-10 : Master PJP (Prachuap Khiri Khan Office)","Trivial","NaN","Unknown","IT","Telemetry Alarm","None","SCADA","core\dnaApp_pcore","DC1-COR-DRT1","",""
"35","24/01/2025 10:55:54.720 PM","24/01/2025 10:55:54.718 PM","Remote unit state changed from Telemetry Failure to Initializing.","","Event","S1 MV","","S1 FRTU","","S1 FRTU","S1-RCS-0089","Remote unit","S1-HV,S1-MV,S1-Viewer","S1-RCS-0089","S1-RCS-0089","PDA06S-10 : Master PJP (Prachuap Khiri Khan Office)","Trivial","NaN","Unknown","IT","Telemetry Alarm","None","SCADA","core\dnaApp_pcore","DC1-COR-DRT1","",""
"36","24/01/2025 9:59:11.978 PM","24/01/2025 9:59:11.972 PM","Remote unit state changed from Telemetry Failure to Initializing.","","Event","S1 MV","","S1 FRTU","","S1 FRTU","S1-RCS-0089","Remote unit","S1-HV,S1-MV,S1-Viewer","S1-RCS-0089","S1-RCS-0089","PDA06S-10 : Master PJP (Prachuap Khiri Khan Office)","Trivial","NaN","Unknown","IT","Telemetry Alarm","None","SCADA","core\dnaApp_pcore","DC1-COR-DRT1","",""
"37","24/01/2025 2:31:42.211 PM","24/01/2025 2:31:42.210 PM","Remote unit state changed from Telemetry Failure to Initializing.","","Event","S1 MV","","S1 FRTU","","S1 FRTU","S1-RCS-0089","Remote unit","S1-HV,S1-MV,S1-Viewer","S1-RCS-0089","S1-RCS-0089","PDA06S-10 : Master PJP (Prachuap Khiri Khan Office)","Trivial","NaN","Unknown","IT","Telemetry Alarm","None","SCADA","core\dnaApp_pcore","DC1-COR-DRT1","",""
"38","24/01/2025 2:26:51.004 PM","24/01/2025 2:26:51.003 PM","Remote unit state changed from Telemetry Failure to Initializing.","","Event","S1 MV","","S1 FRTU","","S1 FRTU","S1-RCS-0089","Remote unit","S1-HV,S1-MV,S1-Viewer","S1-RCS-0089","S1-RCS-0089","PDA06S-10 : Master PJP (Prachuap Khiri Khan Office)","Trivial","NaN","Unknown","IT","Telemetry Alarm","None","SCADA","core\dnaApp_pcore","DC1-COR-DRT1","",""
"39","24/01/2025 2:18:26.468 PM","24/01/2025 2:18:26.467 PM","Remote unit state changed from Telemetry Failure to Initializing.","","Event","S1 MV","","S1 FRTU","","S1 FRTU","S1-RCS-0089","Remote unit","S1-HV,S1-MV,S1-Viewer","S1-RCS-0089","S1-RCS-0089","PDA06S-10 : Master PJP (Prachuap Khiri Khan Office)","Trivial","NaN","Unknown","IT","Telemetry Alarm","None","SCADA","core\dnaApp_pcore","DC1-COR-DRT1","",""
"40","24/01/2025 12:30:42.536 PM","24/01/2025 12:30:42.536 PM","Remote unit state changed from Telemetry Failure to Initializing.","","Event","S1 MV","","S1 FRTU","","S1 FRTU","S1-RCS-3320","Remote unit","S1-HV,S1-MV,S1-Viewer","S1-RCS-3320","S1-RCS-3320","BPC02S-04 : Master --- (Nakhon Pathom 2 Substation)","Trivial","NaN","Unknown","IT","Telemetry Alarm","None","SCADA","core\dnaApp_pcore","DC1-COR-DRT1","",""
"41","24/01/2025 12:50:10.574 AM","24/01/2025 12:50:10.564 AM","Remote unit state changed from Telemetry Failure to Initializing.","","Event","S1 MV","","S1 FRTU","","S1 FRTU","S1-RCS-0509","Remote unit","S1-HV,S1-MV,S1-Viewer","S1-RCS-0509","S1-RCS-0509","CBN04S-07 : Master CBN (Chom Bueng Substation)","Trivial","NaN","Unknown","IT","Telemetry Alarm","None","SCADA","core\dnaApp_pcore","DC1-COR-DRT1","",""
"42","23/01/2025 3:24:53.510 AM","23/01/2025 3:24:53.509 AM","Remote unit state changed from Telemetry Failure to Initializing.","","Event","S1 MV","","S1 FRTU","","S1 FRTU","S1-REC-3301","Remote unit","S1-HV,S1-MV,S1-Viewer","S1-REC-3301","S1-REC-3301","BPC02R-01 : Master BPB (Ban Pong 2 Substation)","Trivial","NaN","Unknown","IT","Telemetry Alarm","None","SCADA","core\dnaApp_pcore","DC1-COR-DRT1","",""
"43","23/01/2025 12:16:17.814 AM","23/01/2025 12:16:17.814 AM","Remote unit state changed from Telemetry Failure to Initializing.","","Event","S1 MV","","S1 FRTU","","S1 FRTU","S1-REC-0182","Remote unit","S1-HV,S1-MV,S1-Viewer","S1-REC-0182","S1-REC-0182","RNA05R-03 : Cellular TRUE","Trivial","NaN","Unknown","IT","Telemetry Alarm","None","SCADA","core\dnaApp_bcore","DC2-COR-DRT1","",""
"44","23/01/2025 12:11:30.808 AM","23/01/2025 12:11:30.808 AM","Remote unit state changed from Telemetry Failure to Initializing.","","Event","S1 MV","","S1 FRTU","","S1 FRTU","S1-REC-0056","Remote unit","S1-HV,S1-MV,S1-Viewer","S1-REC-0056","S1-REC-0056","CPA08R-05 : Master KBR (Kra buri Office)","Trivial","NaN","Unknown","IT","Telemetry Alarm","None","SCADA","core\dnaApp_bcore","DC2-COR-DRT1","",""
"45","23/01/2025 12:03:34.790 AM","23/01/2025 12:03:34.787 AM","Remote unit state changed from Telemetry Failure to Initializing.","","Event","S1 MV","","S1 FRTU","","S1 FRTU","S1-LBS-0014","Remote unit","S1-HV,S1-MV,S1-Viewer","S1-LBS-0014","S1-LBS-0014","RBB03YS-06 : Cellular PP Ontime (AIS) : สฟฟ.ราชบุรี 2 (ลานไก) - สฟฟ.ปากท่อ (บริเวณหน้า ร.ร. ไทยรัฐวิทยา) จ.ราชบุรี","Trivial","NaN","Unknown","IT","Telemetry Alarm","None","SCADA","core\dnaApp_bcore","DC2-COR-DRT1","",""
"46","23/01/2025 12:02:31.741 AM","23/01/2025 12:02:31.740 AM","Remote unit state changed from Telemetry Failure to Initializing.","","Event","S1 MV","","S1 FRTU","","S1 FRTU","S1-RCS-0985","Remote unit","S1-HV,S1-MV,S1-Viewer","S1-RCS-0985","S1-RCS-0985","DNA05S-31 : Master DNA (Damnoen Saduak Substation)","Trivial","NaN","Unknown","IT","Telemetry Alarm","None","SCADA","core\dnaApp_bcore","DC2-COR-DRT1","",""
"47","22/01/2025 11:24:16.523 PM","22/01/2025 11:24:16.513 PM","Remote unit state changed from Telemetry Failure to Initializing.","","Event","S1 MV","","S1 FRTU","","S1 FRTU","S1-VSP-0038","Remote unit","S1-HV,S1-MV,S1-Viewer","S1-VSP-0038","S1-VSP-0038","TSE09S-20 : Cellular PP Ontime : VSPP 2GSE01 บจก. กรีน เซฟวิ่ง เอ็นเนอร์ยี่ ไทยแลนด์ (Before GC51)","Trivial","NaN","Unknown","IT","Telemetry Alarm","None","SCADA","core\dnaApp_bcore","DC2-COR-DRT1","",""
"48","22/01/2025 11:23:34.454 PM","22/01/2025 11:23:34.445 PM","Remote unit state changed from Telemetry Failure to Initializing.","","Event","S1 MV","","S1 FRTU","","S1 FRTU","S1-REC-0056","Remote unit","S1-HV,S1-MV,S1-Viewer","S1-REC-0056","S1-REC-0056","CPA08R-05 : Master KBR (Kra buri Office)","Trivial","NaN","Unknown","IT","Telemetry Alarm","None","SCADA","core\dnaApp_bcore","DC2-COR-DRT1","",""
"49","22/01/2025 10:51:37.488 AM","22/01/2025 10:51:37.487 AM","Remote unit state changed from Telemetry Failure to Initializing.","","Event","S1 MV","","S1 FRTU","","S1 FRTU","S1-REC-0066","Remote unit","S1-HV,S1-MV,S1-Viewer","S1-REC-0066","S1-REC-0066","RBB09R-04 : Master RBB (Ratchaburi 2 Substation)","Trivial","NaN","Unknown","IT","Telemetry Alarm","None","SCADA","core\dnaApp_pcore","DC1-COR-DRT2","",""
"50","20/01/2025 1:32:45.084 PM","20/01/2025 1:32:45.083 PM","Remote unit state changed from Telemetry Failure to Initializing.","","Event","S1 MV","","S1 FRTU","","S1 FRTU","S1-VSP-0044","Remote unit","S1-HV,S1-MV,S1-Viewer","S1-VSP-0044","S1-VSP-0044","CPA09S-17 : Cellular PP Ontime : VSPP 2NEH01 บจก. เก็บเกี่ยวพลังงานธรรมชาติ (Before GC51)","Trivial","NaN","Unknown","IT","Telemetry Alarm","None","SCADA","core\dnaApp_pcore","DC1-COR-DRT2","",""
"51","20/01/2025 12:00:08.080 AM","20/01/2025 12:00:08.079 AM","Remote unit state changed from Telemetry Failure to Initializing.","","Event","S1 MV","","S1 FRTU","","S1 FRTU","S1-REC-3301","Remote unit","S1-HV,S1-MV,S1-Viewer","S1-REC-3301","S1-REC-3301","Ban Pong 2 Substation","Trivial","NaN","Unknown","IT","Telemetry Alarm","None","SCADA","core\dnaApp_pcore","DC1-COR-DRT2","",""
"52","19/01/2025 11:33:27.726 PM","19/01/2025 11:33:27.725 PM","Remote unit state changed from Telemetry Failure to Initializing.","","Event","S1 MV","","S1 FRTU","","S1 FRTU","S1-REC-3301","Remote unit","S1-HV,S1-MV,S1-Viewer","S1-REC-3301","S1-REC-3301","Ban Pong 2 Substation","Trivial","NaN","Unknown","IT","Telemetry Alarm","None","SCADA","core\dnaApp_pcore","DC1-COR-DRT2","",""
"53","19/01/2025 11:27:10.428 PM","19/01/2025 11:27:10.427 PM","Remote unit state changed from Telemetry Failure to Initializing.","","Event","S1 MV","","S1 FRTU","","S1 FRTU","S1-REC-3301","Remote unit","S1-HV,S1-MV,S1-Viewer","S1-REC-3301","S1-REC-3301","Ban Pong 2 Substation","Trivial","NaN","Unknown","IT","Telemetry Alarm","None","SCADA","core\dnaApp_pcore","DC1-COR-DRT2","",""
"54","19/01/2025 9:49:57.350 PM","19/01/2025 9:49:57.339 PM","Remote unit state changed from Telemetry Failure to Initializing.","","Event","S1 MV","","S1 FRTU","","S1 FRTU","S1-REC-3301","Remote unit","S1-HV,S1-MV,S1-Viewer","S1-REC-3301","S1-REC-3301","Ban Pong 2 Substation","Trivial","NaN","Unknown","IT","Telemetry Alarm","None","SCADA","core\dnaApp_pcore","DC1-COR-DRT2","",""
"55","19/01/2025 9:46:14.810 PM","19/01/2025 9:46:14.809 PM","Remote unit state changed from Telemetry Failure to Initializing.","","Event","S1 MV","","S1 FRTU","","S1 FRTU","S1-REC-3301","Remote unit","S1-HV,S1-MV,S1-Viewer","S1-REC-3301","S1-REC-3301","Ban Pong 2 Substation","Trivial","NaN","Unknown","IT","Telemetry Alarm","None","SCADA","core\dnaApp_pcore","DC1-COR-DRT2","",""
"56","19/01/2025 9:44:30.189 PM","19/01/2025 9:44:30.175 PM","Remote unit state changed from Telemetry Failure to Initializing.","","Event","S1 MV","","S1 FRTU","","S1 FRTU","S1-REC-3301","Remote unit","S1-HV,S1-MV,S1-Viewer","S1-REC-3301","S1-REC-3301","Ban Pong 2 Substation","Trivial","NaN","Unknown","IT","Telemetry Alarm","None","SCADA","core\dnaApp_pcore","DC1-COR-DRT2","",""
"57","19/01/2025 6:51:56.752 PM","19/01/2025 6:51:56.752 PM","Remote unit state changed from Telemetry Failure to Initializing.","","Event","S1 MV","","S1 FRTU","","S1 FRTU","S1-REC-3301","Remote unit","S1-HV,S1-MV,S1-Viewer","S1-REC-3301","S1-REC-3301","Ban Pong 2 Substation","Trivial","NaN","Unknown","IT","Telemetry Alarm","None","SCADA","core\dnaApp_pcore","DC1-COR-DRT2","",""
"58","19/01/2025 6:48:03.021 PM","19/01/2025 6:48:03.013 PM","Remote unit state changed from Telemetry Failure to Initializing.","","Event","S1 MV","","S1 FRTU","","S1 FRTU","S1-REC-3301","Remote unit","S1-HV,S1-MV,S1-Viewer","S1-REC-3301","S1-REC-3301","Ban Pong 2 Substation","Trivial","NaN","Unknown","IT","Telemetry Alarm","None","SCADA","core\dnaApp_pcore","DC1-COR-DRT2","",""
"59","19/01/2025 6:24:35.420 PM","19/01/2025 6:24:35.419 PM","Remote unit state changed from Telemetry Failure to Initializing.","","Event","S1 MV","","S1 FRTU","","S1 FRTU","S1-REC-3301","Remote unit","S1-HV,S1-MV,S1-Viewer","S1-REC-3301","S1-REC-3301","Ban Pong 2 Substation","Trivial","NaN","Unknown","IT","Telemetry Alarm","None","SCADA","core\dnaApp_pcore","DC1-COR-DRT2","",""
"60","19/01/2025 6:18:04.590 PM","19/01/2025 6:18:04.589 PM","Remote unit state changed from Telemetry Failure to Initializing.","","Event","S1 MV","","S1 FRTU","","S1 FRTU","S1-REC-3301","Remote unit","S1-HV,S1-MV,S1-Viewer","S1-REC-3301","S1-REC-3301","Ban Pong 2 Substation","Trivial","NaN","Unknown","IT","Telemetry Alarm","None","SCADA","core\dnaApp_pcore","DC1-COR-DRT2","",""
"61","19/01/2025 6:16:25.465 PM","19/01/2025 6:16:25.464 PM","Remote unit state changed from Telemetry Failure to Initializing.","","Event","S1 MV","","S1 FRTU","","S1 FRTU","S1-REC-3301","Remote unit","S1-HV,S1-MV,S1-Viewer","S1-REC-3301","S1-REC-3301","Ban Pong 2 Substation","Trivial","NaN","Unknown","IT","Telemetry Alarm","None","SCADA","core\dnaApp_pcore","DC1-COR-DRT2","",""
"62","19/01/2025 6:09:47.703 PM","19/01/2025 6:09:47.702 PM","Remote unit state changed from Telemetry Failure to Initializing.","","Event","S1 MV","","S1 FRTU","","S1 FRTU","S1-REC-3301","Remote unit","S1-HV,S1-MV,S1-Viewer","S1-REC-3301","S1-REC-3301","Ban Pong 2 Substation","Trivial","NaN","Unknown","IT","Telemetry Alarm","None","SCADA","core\dnaApp_pcore","DC1-COR-DRT2","",""
"63","19/01/2025 5:46:52.326 PM","19/01/2025 5:46:52.323 PM","Remote unit state changed from Telemetry Failure to Initializing.","","Event","S1 MV","","S1 FRTU","","S1 FRTU","S1-REC-3301","Remote unit","S1-HV,S1-MV,S1-Viewer","S1-REC-3301","S1-REC-3301","Ban Pong 2 Substation","Trivial","NaN","Unknown","IT","Telemetry Alarm","None","SCADA","core\dnaApp_pcore","DC1-COR-DRT2","",""
"64","19/01/2025 5:38:57.624 PM","19/01/2025 5:38:57.623 PM","Remote unit state changed from Telemetry Failure to Initializing.","","Event","S1 MV","","S1 FRTU","","S1 FRTU","S1-REC-3301","Remote unit","S1-HV,S1-MV,S1-Viewer","S1-REC-3301","S1-REC-3301","Ban Pong 2 Substation","Trivial","NaN","Unknown","IT","Telemetry Alarm","None","SCADA","core\dnaApp_pcore","DC1-COR-DRT2","",""
"65","19/01/2025 5:04:59.638 PM","19/01/2025 5:04:59.637 PM","Remote unit state changed from Telemetry Failure to Initializing.","","Event","S1 MV","","S1 FRTU","","S1 FRTU","S1-REC-3301","Remote unit","S1-HV,S1-MV,S1-Viewer","S1-REC-3301","S1-REC-3301","Ban Pong 2 Substation","Trivial","NaN","Unknown","IT","Telemetry Alarm","None","SCADA","core\dnaApp_pcore","DC1-COR-DRT2","",""
"66","19/01/2025 3:49:01.753 PM","19/01/2025 3:49:01.752 PM","Remote unit state changed from Telemetry Failure to Initializing.","","Event","S1 MV","","S1 FRTU","","S1 FRTU","S1-REC-3301","Remote unit","S1-HV,S1-MV,S1-Viewer","S1-REC-3301","S1-REC-3301","Ban Pong 2 Substation","Trivial","NaN","Unknown","IT","Telemetry Alarm","None","SCADA","core\dnaApp_pcore","DC1-COR-DRT2","",""
"67","19/01/2025 3:44:42.490 PM","19/01/2025 3:44:42.480 PM","Remote unit state changed from Telemetry Failure to Initializing.","","Event","S1 MV","","S1 FRTU","","S1 FRTU","S1-REC-3301","Remote unit","S1-HV,S1-MV,S1-Viewer","S1-REC-3301","S1-REC-3301","Ban Pong 2 Substation","Trivial","NaN","Unknown","IT","Telemetry Alarm","None","SCADA","core\dnaApp_pcore","DC1-COR-DRT2","",""
"68","19/01/2025 2:45:49.702 PM","19/01/2025 2:45:49.701 PM","Remote unit state changed from Telemetry Failure to Initializing.","","Event","S1 MV","","S1 FRTU","","S1 FRTU","S1-REC-3301","Remote unit","S1-HV,S1-MV,S1-Viewer","S1-REC-3301","S1-REC-3301","Ban Pong 2 Substation","Trivial","NaN","Unknown","IT","Telemetry Alarm","None","SCADA","core\dnaApp_pcore","DC1-COR-DRT2","",""
"69","19/01/2025 2:24:38.792 PM","19/01/2025 2:24:38.791 PM","Remote unit state changed from Telemetry Failure to Initializing.","","Event","S1 MV","","S1 FRTU","","S1 FRTU","S1-REC-3301","Remote unit","S1-HV,S1-MV,S1-Viewer","S1-REC-3301","S1-REC-3301","Ban Pong 2 Substation","Trivial","NaN","Unknown","IT","Telemetry Alarm","None","SCADA","core\dnaApp_pcore","DC1-COR-DRT2","",""
"70","19/01/2025 1:39:22.005 PM","19/01/2025 1:39:22.004 PM","Remote unit state changed from Telemetry Failure to Initializing.","","Event","S1 MV","","S1 FRTU","","S1 FRTU","S1-REC-3301","Remote unit","S1-HV,S1-MV,S1-Viewer","S1-REC-3301","S1-REC-3301","Ban Pong 2 Substation","Trivial","NaN","Unknown","IT","Telemetry Alarm","None","SCADA","core\dnaApp_pcore","DC1-COR-DRT2","",""
"71","19/01/2025 1:09:13.674 PM","19/01/2025 1:09:13.673 PM","Remote unit state changed from Telemetry Failure to Initializing.","","Event","S1 MV","","S1 FRTU","","S1 FRTU","S1-REC-3301","Remote unit","S1-HV,S1-MV,S1-Viewer","S1-REC-3301","S1-REC-3301","Ban Pong 2 Substation","Trivial","NaN","Unknown","IT","Telemetry Alarm","None","SCADA","core\dnaApp_pcore","DC1-COR-DRT2","",""
"72","19/01/2025 1:00:21.425 PM","19/01/2025 1:00:21.424 PM","Remote unit state changed from Telemetry Failure to Initializing.","","Event","S1 MV","","S1 FRTU","","S1 FRTU","S1-REC-3301","Remote unit","S1-HV,S1-MV,S1-Viewer","S1-REC-3301","S1-REC-3301","Ban Pong 2 Substation","Trivial","NaN","Unknown","IT","Telemetry Alarm","None","SCADA","core\dnaApp_pcore","DC1-COR-DRT2","",""
"73","19/01/2025 12:49:56.686 PM","19/01/2025 12:49:56.684 PM","Remote unit state changed from Telemetry Failure to Initializing.","","Event","S1 MV","","S1 FRTU","","S1 FRTU","S1-REC-3301","Remote unit","S1-HV,S1-MV,S1-Viewer","S1-REC-3301","S1-REC-3301","Ban Pong 2 Substation","Trivial","NaN","Unknown","IT","Telemetry Alarm","None","SCADA","core\dnaApp_pcore","DC1-COR-DRT2","",""
"74","19/01/2025 11:21:26.684 AM","19/01/2025 11:21:26.683 AM","Remote unit state changed from Telemetry Failure to Initializing.","","Event","S1 MV","","S1 FRTU","","S1 FRTU","S1-REC-3301","Remote unit","S1-HV,S1-MV,S1-Viewer","S1-REC-3301","S1-REC-3301","Ban Pong 2 Substation","Trivial","NaN","Unknown","IT","Telemetry Alarm","None","SCADA","core\dnaApp_pcore","DC1-COR-DRT2","",""
"75","19/01/2025 10:56:52.088 AM","19/01/2025 10:56:52.087 AM","Remote unit state changed from Telemetry Failure to Initializing.","","Event","S1 MV","","S1 FRTU","","S1 FRTU","S1-REC-3301","Remote unit","S1-HV,S1-MV,S1-Viewer","S1-REC-3301","S1-REC-3301","Ban Pong 2 Substation","Trivial","NaN","Unknown","IT","Telemetry Alarm","None","SCADA","core\dnaApp_pcore","DC1-COR-DRT2","",""
"76","19/01/2025 10:39:37.595 AM","19/01/2025 10:39:37.594 AM","Remote unit state changed from Telemetry Failure to Initializing.","","Event","S1 MV","","S1 FRTU","","S1 FRTU","S1-REC-3301","Remote unit","S1-HV,S1-MV,S1-Viewer","S1-REC-3301","S1-REC-3301","Ban Pong 2 Substation","Trivial","NaN","Unknown","IT","Telemetry Alarm","None","SCADA","core\dnaApp_pcore","DC1-COR-DRT2","",""
"77","19/01/2025 10:37:47.719 AM","19/01/2025 10:37:47.718 AM","Remote unit state changed from Telemetry Failure to Initializing.","","Event","S1 MV","","S1 FRTU","","S1 FRTU","S1-REC-3301","Remote unit","S1-HV,S1-MV,S1-Viewer","S1-REC-3301","S1-REC-3301","Ban Pong 2 Substation","Trivial","NaN","Unknown","IT","Telemetry Alarm","None","SCADA","core\dnaApp_pcore","DC1-COR-DRT2","",""
"78","19/01/2025 10:20:35.761 AM","19/01/2025 10:20:35.760 AM","Remote unit state changed from Telemetry Failure to Initializing.","","Event","S1 MV","","S1 FRTU","","S1 FRTU","S1-REC-3301","Remote unit","S1-HV,S1-MV,S1-Viewer","S1-REC-3301","S1-REC-3301","Ban Pong 2 Substation","Trivial","NaN","Unknown","IT","Telemetry Alarm","None","SCADA","core\dnaApp_pcore","DC1-COR-DRT2","",""
"79","19/01/2025 6:52:47.332 AM","19/01/2025 6:52:47.331 AM","Remote unit state changed from Telemetry Failure to Initializing.","","Event","S1 MV","","S1 FRTU","","S1 FRTU","S1-REC-3301","Remote unit","S1-HV,S1-MV,S1-Viewer","S1-REC-3301","S1-REC-3301","Ban Pong 2 Substation","Trivial","NaN","Unknown","IT","Telemetry Alarm","None","SCADA","core\dnaApp_pcore","DC1-COR-DRT2","",""
"80","19/01/2025 6:37:14.674 AM","19/01/2025 6:37:14.672 AM","Remote unit state changed from Telemetry Failure to Initializing.","","Event","S1 MV","","S1 FRTU","","S1 FRTU","S1-REC-3301","Remote unit","S1-HV,S1-MV,S1-Viewer","S1-REC-3301","S1-REC-3301","Ban Pong 2 Substation","Trivial","NaN","Unknown","IT","Telemetry Alarm","None","SCADA","core\dnaApp_pcore","DC1-COR-DRT2","",""
"81","19/01/2025 5:23:37.703 AM","19/01/2025 5:23:37.702 AM","Remote unit state changed from Telemetry Failure to Initializing.","","Event","S1 MV","","S1 FRTU","","S1 FRTU","S1-REC-3301","Remote unit","S1-HV,S1-MV,S1-Viewer","S1-REC-3301","S1-REC-3301","Ban Pong 2 Substation","Trivial","NaN","Unknown","IT","Telemetry Alarm","None","SCADA","core\dnaApp_pcore","DC1-COR-DRT2","",""
"82","19/01/2025 4:29:57.825 AM","19/01/2025 4:29:57.824 AM","Remote unit state changed from Telemetry Failure to Initializing.","","Event","S1 MV","","S1 FRTU","","S1 FRTU","S1-REC-3301","Remote unit","S1-HV,S1-MV,S1-Viewer","S1-REC-3301","S1-REC-3301","Ban Pong 2 Substation","Trivial","NaN","Unknown","IT","Telemetry Alarm","None","SCADA","core\dnaApp_pcore","DC1-COR-DRT2","",""
"83","19/01/2025 4:16:42.299 AM","19/01/2025 4:16:42.298 AM","Remote unit state changed from Telemetry Failure to Initializing.","","Event","S1 MV","","S1 FRTU","","S1 FRTU","S1-REC-3301","Remote unit","S1-HV,S1-MV,S1-Viewer","S1-REC-3301","S1-REC-3301","Ban Pong 2 Substation","Trivial","NaN","Unknown","IT","Telemetry Alarm","None","SCADA","core\dnaApp_pcore","DC1-COR-DRT2","",""
"84","19/01/2025 3:20:20.039 AM","19/01/2025 3:20:20.038 AM","Remote unit state changed from Telemetry Failure to Initializing.","","Event","S1 MV","","S1 FRTU","","S1 FRTU","S1-REC-3301","Remote unit","S1-HV,S1-MV,S1-Viewer","S1-REC-3301","S1-REC-3301","Ban Pong 2 Substation","Trivial","NaN","Unknown","IT","Telemetry Alarm","None","SCADA","core\dnaApp_pcore","DC1-COR-DRT2","",""
"85","19/01/2025 3:01:24.172 AM","19/01/2025 3:01:24.171 AM","Remote unit state changed from Telemetry Failure to Initializing.","","Event","S1 MV","","S1 FRTU","","S1 FRTU","S1-REC-3301","Remote unit","S1-HV,S1-MV,S1-Viewer","S1-REC-3301","S1-REC-3301","Ban Pong 2 Substation","Trivial","NaN","Unknown","IT","Telemetry Alarm","None","SCADA","core\dnaApp_pcore","DC1-COR-DRT2","",""
"86","19/01/2025 2:47:13.719 AM","19/01/2025 2:47:13.718 AM","Remote unit state changed from Telemetry Failure to Initializing.","","Event","S1 MV","","S1 FRTU","","S1 FRTU","S1-REC-3301","Remote unit","S1-HV,S1-MV,S1-Viewer","S1-REC-3301","S1-REC-3301","Ban Pong 2 Substation","Trivial","NaN","Unknown","IT","Telemetry Alarm","None","SCADA","core\dnaApp_pcore","DC1-COR-DRT2","",""
"87","19/01/2025 2:18:31.693 AM","19/01/2025 2:18:31.691 AM","Remote unit state changed from Telemetry Failure to Initializing.","","Event","S1 MV","","S1 FRTU","","S1 FRTU","S1-REC-3301","Remote unit","S1-HV,S1-MV,S1-Viewer","S1-REC-3301","S1-REC-3301","Ban Pong 2 Substation","Trivial","NaN","Unknown","IT","Telemetry Alarm","None","SCADA","core\dnaApp_pcore","DC1-COR-DRT2","",""
"88","19/01/2025 1:27:13.333 AM","19/01/2025 1:27:13.332 AM","Remote unit state changed from Telemetry Failure to Initializing.","","Event","S1 MV","","S1 FRTU","","S1 FRTU","S1-REC-3301","Remote unit","S1-HV,S1-MV,S1-Viewer","S1-REC-3301","S1-REC-3301","Ban Pong 2 Substation","Trivial","NaN","Unknown","IT","Telemetry Alarm","None","SCADA","core\dnaApp_pcore","DC1-COR-DRT2","",""
"89","18/01/2025 9:00:41.988 PM","18/01/2025 9:00:41.987 PM","Remote unit state changed from Telemetry Failure to Initializing.","","Event","S1 MV","","S1 FRTU","","S1 FRTU","S1-VSP-0044","Remote unit","S1-HV,S1-MV,S1-Viewer","S1-VSP-0044","S1-VSP-0044","CPA09S-17 : Cellular PP Ontime : VSPP 2NEH01 บจก. เก็บเกี่ยวพลังงานธรรมชาติ (Before GC51)","Trivial","NaN","Unknown","IT","Telemetry Alarm","None","SCADA","core\dnaApp_pcore","DC1-COR-DRT2","",""
"90","18/01/2025 5:45:48.036 PM","18/01/2025 5:45:48.036 PM","Remote unit state changed from Telemetry Failure to Initializing.","","Event","S1 MV","","S1 FRTU","","S1 FRTU","S1-REC-3301","Remote unit","S1-HV,S1-MV,S1-Viewer","S1-REC-3301","S1-REC-3301","Ban Pong 2 Substation","Trivial","NaN","Unknown","IT","Telemetry Alarm","None","SCADA","core\dnaApp_pcore","DC1-COR-DRT2","",""
"91","18/01/2025 5:10:32.921 PM","18/01/2025 5:10:32.919 PM","Remote unit state changed from Telemetry Failure to Initializing.","","Event","S1 MV","","S1 FRTU","","S1 FRTU","S1-REC-3301","Remote unit","S1-HV,S1-MV,S1-Viewer","S1-REC-3301","S1-REC-3301","Ban Pong 2 Substation","Trivial","NaN","Unknown","IT","Telemetry Alarm","None","SCADA","core\dnaApp_pcore","DC1-COR-DRT2","",""
"92","18/01/2025 4:58:57.067 PM","18/01/2025 4:58:57.063 PM","Remote unit state changed from Telemetry Failure to Initializing.","","Event","S1 MV","","S1 FRTU","","S1 FRTU","S1-REC-3301","Remote unit","S1-HV,S1-MV,S1-Viewer","S1-REC-3301","S1-REC-3301","Ban Pong 2 Substation","Trivial","NaN","Unknown","IT","Telemetry Alarm","None","SCADA","core\dnaApp_pcore","DC1-COR-DRT2","",""
"93","18/01/2025 4:45:18.318 PM","18/01/2025 4:45:18.318 PM","Remote unit state changed from Telemetry Failure to Initializing.","","Event","S1 MV","","S1 FRTU","","S1 FRTU","S1-REC-3301","Remote unit","S1-HV,S1-MV,S1-Viewer","S1-REC-3301","S1-REC-3301","Ban Pong 2 Substation","Trivial","NaN","Unknown","IT","Telemetry Alarm","None","SCADA","core\dnaApp_pcore","DC1-COR-DRT2","",""
"94","18/01/2025 4:38:51.725 PM","18/01/2025 4:38:51.724 PM","Remote unit state changed from Telemetry Failure to Initializing.","","Event","S1 MV","","S1 FRTU","","S1 FRTU","S1-REC-3301","Remote unit","S1-HV,S1-MV,S1-Viewer","S1-REC-3301","S1-REC-3301","Ban Pong 2 Substation","Trivial","NaN","Unknown","IT","Telemetry Alarm","None","SCADA","core\dnaApp_pcore","DC1-COR-DRT2","",""
"95","18/01/2025 3:10:08.487 PM","18/01/2025 3:10:08.471 PM","Remote unit state changed from Telemetry Failure to Initializing.","","Event","S1 MV","","S1 FRTU","","S1 FRTU","S1-REC-3301","Remote unit","S1-HV,S1-MV,S1-Viewer","S1-REC-3301","S1-REC-3301","Ban Pong 2 Substation","Trivial","NaN","Unknown","IT","Telemetry Alarm","None","SCADA","core\dnaApp_pcore","DC1-COR-DRT2","",""
"96","18/01/2025 3:01:12.378 PM","18/01/2025 3:01:12.377 PM","Remote unit state changed from Telemetry Failure to Initializing.","","Event","S1 MV","","S1 FRTU","","S1 FRTU","S1-REC-3301","Remote unit","S1-HV,S1-MV,S1-Viewer","S1-REC-3301","S1-REC-3301","Ban Pong 2 Substation","Trivial","NaN","Unknown","IT","Telemetry Alarm","None","SCADA","core\dnaApp_pcore","DC1-COR-DRT2","",""
"97","18/01/2025 2:50:35.269 PM","18/01/2025 2:50:35.267 PM","Remote unit state changed from Telemetry Failure to Initializing.","","Event","S1 MV","","S1 FRTU","","S1 FRTU","S1-REC-3301","Remote unit","S1-HV,S1-MV,S1-Viewer","S1-REC-3301","S1-REC-3301","Ban Pong 2 Substation","Trivial","NaN","Unknown","IT","Telemetry Alarm","None","SCADA","core\dnaApp_pcore","DC1-COR-DRT2","",""
"98","18/01/2025 2:32:37.614 PM","18/01/2025 2:32:37.612 PM","Remote unit state changed from Telemetry Failure to Initializing.","","Event","S1 MV","","S1 FRTU","","S1 FRTU","S1-REC-3301","Remote unit","S1-HV,S1-MV,S1-Viewer","S1-REC-3301","S1-REC-3301","Ban Pong 2 Substation","Trivial","NaN","Unknown","IT","Telemetry Alarm","None","SCADA","core\dnaApp_pcore","DC1-COR-DRT2","",""
"99","18/01/2025 2:24:56.088 PM","18/01/2025 2:24:56.087 PM","Remote unit state changed from Telemetry Failure to Initializing.","","Event","S1 MV","","S1 FRTU","","S1 FRTU","S1-REC-3301","Remote unit","S1-HV,S1-MV,S1-Viewer","S1-REC-3301","S1-REC-3301","Ban Pong 2 Substation","Trivial","NaN","Unknown","IT","Telemetry Alarm","None","SCADA","core\dnaApp_pcore","DC1-COR-DRT2","",""
"100","18/01/2025 2:16:23.704 PM","18/01/2025 2:16:23.703 PM","Remote unit state changed from Telemetry Failure to Initializing.","","Event","S1 MV","","S1 FRTU","","S1 FRTU","S1-REC-3301","Remote unit","S1-HV,S1-MV,S1-Viewer","S1-REC-3301","S1-REC-3301","Ban Pong 2 Substation","Trivial","NaN","Unknown","IT","Telemetry Alarm","None","SCADA","core\dnaApp_pcore","DC1-COR-DRT2","",""
"101","18/01/2025 1:10:09.833 PM","18/01/2025 1:10:09.832 PM","Remote unit state changed from Telemetry Failure to Initializing.","","Event","S1 MV","","S1 FRTU","","S1 FRTU","S1-REC-3301","Remote unit","S1-HV,S1-MV,S1-Viewer","S1-REC-3301","S1-REC-3301","Ban Pong 2 Substation","Trivial","NaN","Unknown","IT","Telemetry Alarm","None","SCADA","core\dnaApp_pcore","DC1-COR-DRT2","",""
"102","18/01/2025 1:07:42.790 PM","18/01/2025 1:07:42.788 PM","Remote unit state changed from Telemetry Failure to Initializing.","","Event","S1 MV","","S1 FRTU","","S1 FRTU","S1-REC-3301","Remote unit","S1-HV,S1-MV,S1-Viewer","S1-REC-3301","S1-REC-3301","Ban Pong 2 Substation","Trivial","NaN","Unknown","IT","Telemetry Alarm","None","SCADA","core\dnaApp_pcore","DC1-COR-DRT2","",""
"103","18/01/2025 12:11:50.184 PM","18/01/2025 12:11:50.182 PM","Remote unit state changed from Telemetry Failure to Initializing.","","Event","S1 MV","","S1 FRTU","","S1 FRTU","S1-REC-3301","Remote unit","S1-HV,S1-MV,S1-Viewer","S1-REC-3301","S1-REC-3301","Ban Pong 2 Substation","Trivial","NaN","Unknown","IT","Telemetry Alarm","None","SCADA","core\dnaApp_pcore","DC1-COR-DRT2","",""
"104","18/01/2025 12:09:12.643 PM","18/01/2025 12:09:12.629 PM","Remote unit state changed from Telemetry Failure to Initializing.","","Event","S1 MV","","S1 FRTU","","S1 FRTU","S1-REC-3301","Remote unit","S1-HV,S1-MV,S1-Viewer","S1-REC-3301","S1-REC-3301","Ban Pong 2 Substation","Trivial","NaN","Unknown","IT","Telemetry Alarm","None","SCADA","core\dnaApp_pcore","DC1-COR-DRT2","",""
"105","18/01/2025 4:01:58.651 AM","18/01/2025 4:01:58.641 AM","Remote unit state changed from Telemetry Failure to Initializing.","","Event","S1 MV","","S1 FRTU","","S1 FRTU","S1-REC-0333","Remote unit","S1-HV,S1-MV,S1-Viewer","S1-REC-0333","S1-REC-0333","CPA10R-06 : Master SAV (Sawi Office)","Trivial","NaN","Unknown","IT","Telemetry Alarm","None","SCADA","core\dnaApp_pcore","DC1-COR-DRT2","",""
"106","17/01/2025 12:38:34.183 AM","17/01/2025 12:38:34.182 AM","Remote unit state changed from Telemetry Failure to Initializing.","","Event","S1 MV","","S1 FRTU","","S1 FRTU","S1-VSP-0044","Remote unit","S1-HV,S1-MV,S1-Viewer","S1-VSP-0044","S1-VSP-0044","CPA09S-17 : Cellular PP Ontime : VSPP 2NEH01 บจก. เก็บเกี่ยวพลังงานธรรมชาติ (Before GC51)","Trivial","NaN","Unknown","IT","Telemetry Alarm","None","SCADA","core\dnaApp_pcore","DC1-COR-DRT2","",""
"107","16/01/2025 10:48:17.024 PM","16/01/2025 10:48:17.015 PM","Remote unit state changed from Telemetry Failure to Initializing.","","Event","S1 MV","","S1 FRTU","","S1 FRTU","S1-REC-3301","Remote unit","S1-HV,S1-MV,S1-Viewer","S1-REC-3301","S1-REC-3301","Ban Pong 2 Substation","Trivial","NaN","Unknown","IT","Telemetry Alarm","None","SCADA","core\dnaApp_pcore","DC1-COR-DRT2","",""
"108","16/01/2025 10:27:58.527 PM","16/01/2025 10:27:58.515 PM","Remote unit state changed from Telemetry Failure to Initializing.","","Event","S1 MV","","S1 FRTU","","S1 FRTU","S1-REC-3301","Remote unit","S1-HV,S1-MV,S1-Viewer","S1-REC-3301","S1-REC-3301","Ban Pong 2 Substation","Trivial","NaN","Unknown","IT","Telemetry Alarm","None","SCADA","core\dnaApp_pcore","DC1-COR-DRT2","",""
"109","16/01/2025 10:24:45.614 PM","16/01/2025 10:24:45.613 PM","Remote unit state changed from Telemetry Failure to Initializing.","","Event","S1 MV","","S1 FRTU","","S1 FRTU","S1-REC-3301","Remote unit","S1-HV,S1-MV,S1-Viewer","S1-REC-3301","S1-REC-3301","Ban Pong 2 Substation","Trivial","NaN","Unknown","IT","Telemetry Alarm","None","SCADA","core\dnaApp_pcore","DC1-COR-DRT2","",""
"110","16/01/2025 10:20:08.770 PM","16/01/2025 10:20:08.769 PM","Remote unit state changed from Telemetry Failure to Initializing.","","Event","S1 MV","","S1 FRTU","","S1 FRTU","S1-REC-3301","Remote unit","S1-HV,S1-MV,S1-Viewer","S1-REC-3301","S1-REC-3301","Ban Pong 2 Substation","Trivial","NaN","Unknown","IT","Telemetry Alarm","None","SCADA","core\dnaApp_pcore","DC1-COR-DRT2","",""
"111","16/01/2025 10:17:16.806 PM","16/01/2025 10:17:16.805 PM","Remote unit state changed from Telemetry Failure to Initializing.","","Event","S1 MV","","S1 FRTU","","S1 FRTU","S1-REC-3301","Remote unit","S1-HV,S1-MV,S1-Viewer","S1-REC-3301","S1-REC-3301","Ban Pong 2 Substation","Trivial","NaN","Unknown","IT","Telemetry Alarm","None","SCADA","core\dnaApp_pcore","DC1-COR-DRT2","",""
"112","16/01/2025 10:15:38.692 PM","16/01/2025 10:15:38.691 PM","Remote unit state changed from Telemetry Failure to Initializing.","","Event","S1 MV","","S1 FRTU","","S1 FRTU","S1-REC-3301","Remote unit","S1-HV,S1-MV,S1-Viewer","S1-REC-3301","S1-REC-3301","Ban Pong 2 Substation","Trivial","NaN","Unknown","IT","Telemetry Alarm","None","SCADA","core\dnaApp_pcore","DC1-COR-DRT2","",""
"113","16/01/2025 4:47:25.847 PM","16/01/2025 4:47:25.845 PM","Remote unit state changed from Telemetry Failure to Initializing.","","Event","S1 MV","","S1 FRTU","","S1 FRTU","S1-RCS-0193","Remote unit","S1-HV,S1-MV,S1-Viewer","S1-RCS-0193","S1-RCS-0193","RBB03S-10 : Master RBB (Ratchaburi 2 Substation)","Trivial","NaN","Unknown","IT","Telemetry Alarm","None","SCADA","core\dnaApp_pcore","DC1-COR-DRT2","",""
"114","16/01/2025 4:29:47.092 PM","16/01/2025 4:29:47.091 PM","Remote unit state changed from Telemetry Failure to Initializing.","","Event","S1 MV","","S1 FRTU","","S1 FRTU","S1-REC-3301","Remote unit","S1-HV,S1-MV,S1-Viewer","S1-REC-3301","S1-REC-3301","Ban Pong 2 Substation","Trivial","NaN","Unknown","IT","Telemetry Alarm","None","SCADA","core\dnaApp_pcore","DC1-COR-DRT2","",""
"115","16/01/2025 4:04:05.837 PM","16/01/2025 4:04:05.822 PM","Remote unit state changed from Telemetry Failure to Initializing.","","Event","S1 MV","","S1 FRTU","","S1 FRTU","S1-REC-3301","Remote unit","S1-HV,S1-MV,S1-Viewer","S1-REC-3301","S1-REC-3301","Ban Pong 2 Substation","Trivial","NaN","Unknown","IT","Telemetry Alarm","None","SCADA","core\dnaApp_pcore","DC1-COR-DRT2","",""
"116","16/01/2025 3:59:35.407 PM","16/01/2025 3:59:35.406 PM","Remote unit state changed from Telemetry Failure to Initializing.","","Event","S1 MV","","S1 FRTU","","S1 FRTU","S1-REC-3301","Remote unit","S1-HV,S1-MV,S1-Viewer","S1-REC-3301","S1-REC-3301","Ban Pong 2 Substation","Trivial","NaN","Unknown","IT","Telemetry Alarm","None","SCADA","core\dnaApp_pcore","DC1-COR-DRT2","",""
"117","16/01/2025 3:12:41.751 PM","16/01/2025 3:12:41.750 PM","Remote unit state changed from Telemetry Failure to Initializing.","","Event","S1 MV","","S1 FRTU","","S1 FRTU","S1-REC-3301","Remote unit","S1-HV,S1-MV,S1-Viewer","S1-REC-3301","S1-REC-3301","Ban Pong 2 Substation","Trivial","NaN","Unknown","IT","Telemetry Alarm","None","SCADA","core\dnaApp_pcore","DC1-COR-DRT2","",""
"118","16/01/2025 3:05:12.519 PM","16/01/2025 3:05:12.517 PM","Remote unit state changed from Telemetry Failure to Initializing.","","Event","S1 MV","","S1 FRTU","","S1 FRTU","S1-REC-3301","Remote unit","S1-HV,S1-MV,S1-Viewer","S1-REC-3301","S1-REC-3301","Ban Pong 2 Substation","Trivial","NaN","Unknown","IT","Telemetry Alarm","None","SCADA","core\dnaApp_pcore","DC1-COR-DRT2","",""
"119","16/01/2025 3:01:54.104 PM","16/01/2025 3:01:54.102 PM","Remote unit state changed from Telemetry Failure to Initializing.","","Event","S1 MV","","S1 FRTU","","S1 FRTU","S1-REC-3301","Remote unit","S1-HV,S1-MV,S1-Viewer","S1-REC-3301","S1-REC-3301","Ban Pong 2 Substation","Trivial","NaN","Unknown","IT","Telemetry Alarm","None","SCADA","core\dnaApp_pcore","DC1-COR-DRT2","",""
"120","16/01/2025 2:58:19.763 PM","16/01/2025 2:58:19.762 PM","Remote unit state changed from Telemetry Failure to Initializing.","","Event","S1 MV","","S1 FRTU","","S1 FRTU","S1-REC-3301","Remote unit","S1-HV,S1-MV,S1-Viewer","S1-REC-3301","S1-REC-3301","Ban Pong 2 Substation","Trivial","NaN","Unknown","IT","Telemetry Alarm","None","SCADA","core\dnaApp_pcore","DC1-COR-DRT2","",""
"121","16/01/2025 2:53:06.793 PM","16/01/2025 2:53:06.792 PM","Remote unit state changed from Telemetry Failure to Initializing.","","Event","S1 MV","","S1 FRTU","","S1 FRTU","S1-REC-3301","Remote unit","S1-HV,S1-MV,S1-Viewer","S1-REC-3301","S1-REC-3301","Ban Pong 2 Substation","Trivial","NaN","Unknown","IT","Telemetry Alarm","None","SCADA","core\dnaApp_pcore","DC1-COR-DRT2","",""
"122","16/01/2025 2:33:50.292 PM","16/01/2025 2:33:50.291 PM","Remote unit state changed from Telemetry Failure to Initializing.","","Event","S1 MV","","S1 FRTU","","S1 FRTU","S1-REC-3301","Remote unit","S1-HV,S1-MV,S1-Viewer","S1-REC-3301","S1-REC-3301","Ban Pong 2 Substation","Trivial","NaN","Unknown","IT","Telemetry Alarm","None","SCADA","core\dnaApp_pcore","DC1-COR-DRT2","",""
"123","16/01/2025 2:20:59.655 PM","16/01/2025 2:20:59.653 PM","Remote unit state changed from Telemetry Failure to Initializing.","","Event","S1 MV","","S1 FRTU","","S1 FRTU","S1-REC-3301","Remote unit","S1-HV,S1-MV,S1-Viewer","S1-REC-3301","S1-REC-3301","Ban Pong 2 Substation","Trivial","NaN","Unknown","IT","Telemetry Alarm","None","SCADA","core\dnaApp_pcore","DC1-COR-DRT2","",""
"124","16/01/2025 2:12:34.009 PM","16/01/2025 2:12:33.966 PM","Remote unit state changed from Telemetry Failure to Initializing.","","Event","S1 MV","","S1 FRTU","","S1 FRTU","S1-REC-3301","Remote unit","S1-HV,S1-MV,S1-Viewer","S1-REC-3301","S1-REC-3301","Ban Pong 2 Substation","Trivial","NaN","Unknown","IT","Telemetry Alarm","None","SCADA","core\dnaApp_pcore","DC1-COR-DRT2","",""
"125","16/01/2025 2:09:19.381 PM","16/01/2025 2:09:19.380 PM","Remote unit state changed from Telemetry Failure to Initializing.","","Event","S1 MV","","S1 FRTU","","S1 FRTU","S1-REC-3301","Remote unit","S1-HV,S1-MV,S1-Viewer","S1-REC-3301","S1-REC-3301","Ban Pong 2 Substation","Trivial","NaN","Unknown","IT","Telemetry Alarm","None","SCADA","core\dnaApp_pcore","DC1-COR-DRT2","",""
"126","16/01/2025 1:50:59.913 PM","16/01/2025 1:50:59.912 PM","Remote unit state changed from Telemetry Failure to Initializing.","","Event","S1 MV","","S1 FRTU","","S1 FRTU","S1-REC-3301","Remote unit","S1-HV,S1-MV,S1-Viewer","S1-REC-3301","S1-REC-3301","Ban Pong 2 Substation","Trivial","NaN","Unknown","IT","Telemetry Alarm","None","SCADA","core\dnaApp_pcore","DC1-COR-DRT2","",""
"127","16/01/2025 1:45:15.495 PM","16/01/2025 1:45:15.494 PM","Remote unit state changed from Telemetry Failure to Initializing.","","Event","S1 MV","","S1 FRTU","","S1 FRTU","S1-REC-3301","Remote unit","S1-HV,S1-MV,S1-Viewer","S1-REC-3301","S1-REC-3301","Ban Pong 2 Substation","Trivial","NaN","Unknown","IT","Telemetry Alarm","None","SCADA","core\dnaApp_pcore","DC1-COR-DRT2","",""
"128","16/01/2025 1:08:17.982 PM","16/01/2025 1:08:17.973 PM","Remote unit state changed from Telemetry Failure to Initializing.","","Event","S1 MV","","S1 FRTU","","S1 FRTU","S1-REC-3301","Remote unit","S1-HV,S1-MV,S1-Viewer","S1-REC-3301","S1-REC-3301","Ban Pong 2 Substation","Trivial","NaN","Unknown","IT","Telemetry Alarm","None","SCADA","core\dnaApp_pcore","DC1-COR-DRT2","",""
"129","16/01/2025 1:07:07.954 PM","16/01/2025 1:07:07.951 PM","Remote unit state changed from Telemetry Failure to Initializing.","","Event","S1 MV","","S1 FRTU","","S1 FRTU","S1-REC-3301","Remote unit","S1-HV,S1-MV,S1-Viewer","S1-REC-3301","S1-REC-3301","Ban Pong 2 Substation","Trivial","NaN","Unknown","IT","Telemetry Alarm","None","SCADA","core\dnaApp_pcore","DC1-COR-DRT2","",""
"130","16/01/2025 1:00:09.013 PM","16/01/2025 1:00:09.013 PM","Remote unit state changed from Telemetry Failure to Initializing.","","Event","S1 MV","","S1 FRTU","","S1 FRTU","S1-REC-3301","Remote unit","S1-HV,S1-MV,S1-Viewer","S1-REC-3301","S1-REC-3301","Ban Pong 2 Substation","Trivial","NaN","Unknown","IT","Telemetry Alarm","None","SCADA","core\dnaApp_pcore","DC1-COR-DRT2","",""
"131","16/01/2025 12:52:46.713 PM","16/01/2025 12:52:46.712 PM","Remote unit state changed from Telemetry Failure to Initializing.","","Event","S1 MV","","S1 FRTU","","S1 FRTU","S1-REC-3301","Remote unit","S1-HV,S1-MV,S1-Viewer","S1-REC-3301","S1-REC-3301","Ban Pong 2 Substation","Trivial","NaN","Unknown","IT","Telemetry Alarm","None","SCADA","core\dnaApp_pcore","DC1-COR-DRT2","",""
"132","16/01/2025 12:12:55.018 PM","16/01/2025 12:12:55.017 PM","Remote unit state changed from Telemetry Failure to Initializing.","","Event","S1 MV","","S1 FRTU","","S1 FRTU","S1-REC-3301","Remote unit","S1-HV,S1-MV,S1-Viewer","S1-REC-3301","S1-REC-3301","Ban Pong 2 Substation","Trivial","NaN","Unknown","IT","Telemetry Alarm","None","SCADA","core\dnaApp_pcore","DC1-COR-DRT2","",""
"133","16/01/2025 11:53:03.289 AM","16/01/2025 11:53:03.283 AM","Remote unit state changed from Telemetry Failure to Initializing.","","Event","S1 MV","","S1 FRTU","","S1 FRTU","S1-REC-3301","Remote unit","S1-HV,S1-MV,S1-Viewer","S1-REC-3301","S1-REC-3301","Ban Pong 2 Substation","Trivial","NaN","Unknown","IT","Telemetry Alarm","None","SCADA","core\dnaApp_pcore","DC1-COR-DRT2","",""
"134","16/01/2025 11:43:45.809 AM","16/01/2025 11:43:45.795 AM","Remote unit state changed from Telemetry Failure to Initializing.","","Event","S1 MV","","S1 FRTU","","S1 FRTU","S1-REC-3301","Remote unit","S1-HV,S1-MV,S1-Viewer","S1-REC-3301","S1-REC-3301","Ban Pong 2 Substation","Trivial","NaN","Unknown","IT","Telemetry Alarm","None","SCADA","core\dnaApp_pcore","DC1-COR-DRT2","",""
"135","16/01/2025 11:00:34.475 AM","16/01/2025 11:00:34.474 AM","Remote unit state changed from Telemetry Failure to Initializing.","","Event","S1 MV","","S1 FRTU","","S1 FRTU","S1-REC-3301","Remote unit","S1-HV,S1-MV,S1-Viewer","S1-REC-3301","S1-REC-3301","Ban Pong 2 Substation","Trivial","NaN","Unknown","IT","Telemetry Alarm","None","SCADA","core\dnaApp_pcore","DC1-COR-DRT2","",""
"136","16/01/2025 10:49:53.747 AM","16/01/2025 10:49:53.746 AM","Remote unit state changed from Telemetry Failure to Initializing.","","Event","S1 MV","","S1 FRTU","","S1 FRTU","S1-REC-3301","Remote unit","S1-HV,S1-MV,S1-Viewer","S1-REC-3301","S1-REC-3301","Ban Pong 2 Substation","Trivial","NaN","Unknown","IT","Telemetry Alarm","None","SCADA","core\dnaApp_pcore","DC1-COR-DRT2","",""
"137","16/01/2025 10:38:22.343 AM","16/01/2025 10:38:22.341 AM","Remote unit state changed from Telemetry Failure to Initializing.","","Event","S1 MV","","S1 FRTU","","S1 FRTU","S1-REC-3301","Remote unit","S1-HV,S1-MV,S1-Viewer","S1-REC-3301","S1-REC-3301","Ban Pong 2 Substation","Trivial","NaN","Unknown","IT","Telemetry Alarm","None","SCADA","core\dnaApp_pcore","DC1-COR-DRT2","",""
"138","16/01/2025 10:19:22.244 AM","16/01/2025 10:19:22.243 AM","Remote unit state changed from Telemetry Failure to Initializing.","","Event","S1 MV","","S1 FRTU","","S1 FRTU","S1-REC-3301","Remote unit","S1-HV,S1-MV,S1-Viewer","S1-REC-3301","S1-REC-3301","Ban Pong 2 Substation","Trivial","NaN","Unknown","IT","Telemetry Alarm","None","SCADA","core\dnaApp_pcore","DC1-COR-DRT2","",""
"139","16/01/2025 9:51:15.337 AM","16/01/2025 9:51:15.336 AM","Remote unit state changed from Telemetry Failure to Initializing.","","Event","S1 MV","","S1 FRTU","","S1 FRTU","S1-REC-3301","Remote unit","S1-HV,S1-MV,S1-Viewer","S1-REC-3301","S1-REC-3301","Ban Pong 2 Substation","Trivial","NaN","Unknown","IT","Telemetry Alarm","None","SCADA","core\dnaApp_pcore","DC1-COR-DRT2","",""
"140","16/01/2025 9:44:00.362 AM","16/01/2025 9:44:00.346 AM","Remote unit state changed from Telemetry Failure to Initializing.","","Event","S1 MV","","S1 FRTU","","S1 FRTU","S1-REC-3301","Remote unit","S1-HV,S1-MV,S1-Viewer","S1-REC-3301","S1-REC-3301","Ban Pong 2 Substation","Trivial","NaN","Unknown","IT","Telemetry Alarm","None","SCADA","core\dnaApp_pcore","DC1-COR-DRT2","",""
"141","16/01/2025 9:28:05.544 AM","16/01/2025 9:28:05.528 AM","Remote unit state changed from Telemetry Failure to Initializing.","","Event","S1 MV","","S1 FRTU","","S1 FRTU","S1-REC-3301","Remote unit","S1-HV,S1-MV,S1-Viewer","S1-REC-3301","S1-REC-3301","Ban Pong 2 Substation","Trivial","NaN","Unknown","IT","Telemetry Alarm","None","SCADA","core\dnaApp_pcore","DC1-COR-DRT2","",""
"142","16/01/2025 9:23:31.720 AM","16/01/2025 9:23:31.718 AM","Remote unit state changed from Telemetry Failure to Initializing.","","Event","S1 MV","","S1 FRTU","","S1 FRTU","S1-REC-3301","Remote unit","S1-HV,S1-MV,S1-Viewer","S1-REC-3301","S1-REC-3301","Ban Pong 2 Substation","Trivial","NaN","Unknown","IT","Telemetry Alarm","None","SCADA","core\dnaApp_pcore","DC1-COR-DRT2","",""
"143","16/01/2025 8:58:00.783 AM","16/01/2025 8:58:00.782 AM","Remote unit state changed from Telemetry Failure to Initializing.","","Event","S1 MV","","S1 FRTU","","S1 FRTU","S1-REC-3301","Remote unit","S1-HV,S1-MV,S1-Viewer","S1-REC-3301","S1-REC-3301","Ban Pong 2 Substation","Trivial","NaN","Unknown","IT","Telemetry Alarm","None","SCADA","core\dnaApp_pcore","DC1-COR-DRT2","",""
"144","16/01/2025 8:48:55.194 AM","16/01/2025 8:48:55.194 AM","Remote unit state changed from Telemetry Failure to Initializing.","","Event","S1 MV","","S1 FRTU","","S1 FRTU","S1-REC-3301","Remote unit","S1-HV,S1-MV,S1-Viewer","S1-REC-3301","S1-REC-3301","Ban Pong 2 Substation","Trivial","NaN","Unknown","IT","Telemetry Alarm","None","SCADA","core\dnaApp_pcore","DC1-COR-DRT2","",""
"145","16/01/2025 8:39:27.512 AM","16/01/2025 8:39:27.511 AM","Remote unit state changed from Telemetry Failure to Initializing.","","Event","S1 MV","","S1 FRTU","","S1 FRTU","S1-REC-3301","Remote unit","S1-HV,S1-MV,S1-Viewer","S1-REC-3301","S1-REC-3301","Ban Pong 2 Substation","Trivial","NaN","Unknown","IT","Telemetry Alarm","None","SCADA","core\dnaApp_pcore","DC1-COR-DRT2","",""
"146","16/01/2025 7:16:48.501 AM","16/01/2025 7:16:48.501 AM","Remote unit state changed from Telemetry Failure to Initializing.","","Event","S1 MV","","S1 FRTU","","S1 FRTU","S1-REC-3301","Remote unit","S1-HV,S1-MV,S1-Viewer","S1-REC-3301","S1-REC-3301","Ban Pong 2 Substation","Trivial","NaN","Unknown","IT","Telemetry Alarm","None","SCADA","core\dnaApp_pcore","DC1-COR-DRT2","",""
"147","16/01/2025 5:57:47.327 AM","16/01/2025 5:57:47.326 AM","Remote unit state changed from Telemetry Failure to Initializing.","","Event","S1 MV","","S1 FRTU","","S1 FRTU","S1-REC-3301","Remote unit","S1-HV,S1-MV,S1-Viewer","S1-REC-3301","S1-REC-3301","Ban Pong 2 Substation","Trivial","NaN","Unknown","IT","Telemetry Alarm","None","SCADA","core\dnaApp_pcore","DC1-COR-DRT2","",""
"148","16/01/2025 5:08:35.340 AM","16/01/2025 5:08:35.339 AM","Remote unit state changed from Telemetry Failure to Initializing.","","Event","S1 MV","","S1 FRTU","","S1 FRTU","S1-REC-3301","Remote unit","S1-HV,S1-MV,S1-Viewer","S1-REC-3301","S1-REC-3301","Ban Pong 2 Substation","Trivial","NaN","Unknown","IT","Telemetry Alarm","None","SCADA","core\dnaApp_pcore","DC1-COR-DRT2","",""
"149","16/01/2025 4:11:56.170 AM","16/01/2025 4:11:56.169 AM","Remote unit state changed from Telemetry Failure to Initializing.","","Event","S1 MV","","S1 FRTU","","S1 FRTU","S1-REC-3301","Remote unit","S1-HV,S1-MV,S1-Viewer","S1-REC-3301","S1-REC-3301","Ban Pong 2 Substation","Trivial","NaN","Unknown","IT","Telemetry Alarm","None","SCADA","core\dnaApp_pcore","DC1-COR-DRT2","",""
"150","16/01/2025 1:09:31.563 AM","16/01/2025 1:09:31.562 AM","Remote unit state changed from Telemetry Failure to Initializing.","","Event","S1 MV","","S1 FRTU","","S1 FRTU","S1-RCS-0514","Remote unit","S1-HV,S1-MV,S1-Viewer","S1-RCS-0514","S1-RCS-0514","CBN09S-09 : Master CBN (Chom Bueng Substation)","Trivial","NaN","Unknown","IT","Telemetry Alarm","None","SCADA","core\dnaApp_pcore","DC1-COR-DRT2","",""
"151","15/01/2025 6:35:49.902 PM","15/01/2025 6:35:49.901 PM","Remote unit state changed from Telemetry Failure to Initializing.","","Event","S1 MV","","S1 FRTU","","S1 FRTU","S1-REC-0398","Remote unit","S1-HV,S1-MV,S1-Viewer","S1-REC-0398","S1-REC-0398","RNA05R-05 : Master SSR (Suk Samran Office)","Trivial","NaN","Unknown","IT","Telemetry Alarm","None","SCADA","core\dnaApp_pcore","DC1-COR-DRT2","",""
"152","15/01/2025 6:18:45.538 PM","15/01/2025 6:18:45.537 PM","Remote unit state changed from Telemetry Failure to Initializing.","","Event","S1 MV","","S1 FRTU","","S1 FRTU","S1-REC-0160","Remote unit","S1-HV,S1-MV,S1-Viewer","S1-REC-0160","S1-REC-0160","KUR08R-03 : Cellular TRUE","Trivial","NaN","Unknown","IT","Telemetry Alarm","None","SCADA","core\dnaApp_pcore","DC1-COR-DRT2","",""
"153","15/01/2025 4:02:38.076 PM","15/01/2025 4:02:38.070 PM","Remote unit state changed from Telemetry Failure to Initializing.","","Event","S1 MV","","S1 FRTU","","S1 FRTU","S1-RCS-0089","Remote unit","S1-HV,S1-MV,S1-Viewer","S1-RCS-0089","S1-RCS-0089","PDA06S-10 : Master PJP (Prachuap Khiri Khan Office)","Trivial","NaN","Unknown","IT","Telemetry Alarm","None","SCADA","core\dnaApp_pcore","DC1-COR-DRT2","",""
"154","15/01/2025 3:52:41.905 PM","15/01/2025 3:52:41.904 PM","Remote unit state changed from Telemetry Failure to Initializing.","","Event","S1 MV","","S1 FRTU","","S1 FRTU","S1-RCS-0089","Remote unit","S1-HV,S1-MV,S1-Viewer","S1-RCS-0089","S1-RCS-0089","PDA06S-10 : Master PJP (Prachuap Khiri Khan Office)","Trivial","NaN","Unknown","IT","Telemetry Alarm","None","SCADA","core\dnaApp_pcore","DC1-COR-DRT2","",""
"155","15/01/2025 3:37:55.367 PM","15/01/2025 3:37:55.366 PM","Remote unit state changed from Telemetry Failure to Initializing.","","Event","S1 MV","","S1 FRTU","","S1 FRTU","S1-REC-0217","Remote unit","S1-HV,S1-MV,S1-Viewer","S1-REC-0217","S1-REC-0217","RNA04R-03 : Cellular PP Ontime","Trivial","NaN","Unknown","IT","Telemetry Alarm","None","SCADA","core\dnaApp_pcore","DC1-COR-DRT2","",""
"156","15/01/2025 3:18:32.186 PM","15/01/2025 3:18:32.178 PM","Remote unit state changed from Telemetry Failure to Initializing.","","Event","S1 MV","","S1 FRTU","","S1 FRTU","S1-RCS-0089","Remote unit","S1-HV,S1-MV,S1-Viewer","S1-RCS-0089","S1-RCS-0089","PDA06S-10 : Master PJP (Prachuap Khiri Khan Office)","Trivial","NaN","Unknown","IT","Telemetry Alarm","None","SCADA","core\dnaApp_pcore","DC1-COR-DRT2","",""
"157","15/01/2025 2:27:01.801 PM","15/01/2025 2:27:01.799 PM","Remote unit state changed from Telemetry Failure to Initializing.","","Event","S1 MV","","S1 FRTU","","S1 FRTU","S1-RCS-0089","Remote unit","S1-HV,S1-MV,S1-Viewer","S1-RCS-0089","S1-RCS-0089","PDA06S-10 : Master PJP (Prachuap Khiri Khan Office)","Trivial","NaN","Unknown","IT","Telemetry Alarm","None","SCADA","core\dnaApp_pcore","DC1-COR-DRT2","",""
"158","15/01/2025 2:12:25.447 PM","15/01/2025 2:12:25.446 PM","Remote unit state changed from Telemetry Failure to Initializing.","","Event","S1 MV","","S1 FRTU","","S1 FRTU","S1-RCS-0089","Remote unit","S1-HV,S1-MV,S1-Viewer","S1-RCS-0089","S1-RCS-0089","PDA06S-10 : Master PJP (Prachuap Khiri Khan Office)","Trivial","NaN","Unknown","IT","Telemetry Alarm","None","SCADA","core\dnaApp_pcore","DC1-COR-DRT2","",""
"159","15/01/2025 1:38:15.252 PM","15/01/2025 1:38:15.244 PM","Remote unit state changed from Telemetry Failure to Initializing.","","Event","S1 MV","","S1 FRTU","","S1 FRTU","S1-RCS-0089","Remote unit","S1-HV,S1-MV,S1-Viewer","S1-RCS-0089","S1-RCS-0089","PDA06S-10 : Master PJP (Prachuap Khiri Khan Office)","Trivial","NaN","Unknown","IT","Telemetry Alarm","None","SCADA","core\dnaApp_pcore","DC1-COR-DRT2","",""
"160","15/01/2025 9:12:04.349 AM","15/01/2025 9:12:04.349 AM","Remote unit state changed from Telemetry Failure to Initializing.","","Event","S1 MV","","S1 FRTU","","S1 FRTU","S1-RCS-0089","Remote unit","S1-HV,S1-MV,S1-Viewer","S1-RCS-0089","S1-RCS-0089","PDA06S-10 : Master PJP (Prachuap Khiri Khan Office)","Trivial","NaN","Unknown","IT","Telemetry Alarm","None","SCADA","core\dnaApp_pcore","DC1-COR-DRT2","",""
"161","15/01/2025 9:10:36.612 AM","15/01/2025 9:10:34.777 AM","Remote unit state changed from Telemetry Failure to Initializing.","","Event","S1 MV","","S1 FRTU","","S1 FRTU","S1-RCS-0089","Remote unit","S1-HV,S1-MV,S1-Viewer","S1-RCS-0089","S1-RCS-0089","PDA06S-10 : Master PJP (Prachuap Khiri Khan Office)","Trivial","NaN","Unknown","IT","Telemetry Alarm","None","SCADA","core\dnaApp_pcore","DC1-COR-DRT2","",""
"162","15/01/2025 8:51:26.146 AM","15/01/2025 8:51:26.145 AM","Remote unit state changed from Telemetry Failure to Initializing.","","Event","S1 MV","","S1 FRTU","","S1 FRTU","S1-VSP-0044","Remote unit","S1-HV,S1-MV,S1-Viewer","S1-VSP-0044","S1-VSP-0044","CPA09S-17 : Cellular PP Ontime : VSPP 2NEH01 บจก. เก็บเกี่ยวพลังงานธรรมชาติ (Before GC51)","Trivial","NaN","Unknown","IT","Telemetry Alarm","None","SCADA","core\dnaApp_pcore","DC1-COR-DRT2","",""
"163","14/01/2025 10:19:33.893 PM","14/01/2025 10:19:33.881 PM","Remote unit state changed from Telemetry Failure to Initializing.","","Event","S1 MV","","S1 FRTU","","S1 FRTU","S1-RCS-0089","Remote unit","S1-HV,S1-MV,S1-Viewer","S1-RCS-0089","S1-RCS-0089","PDA06S-10 : Master PJP (Prachuap Khiri Khan Office)","Trivial","NaN","Unknown","IT","Telemetry Alarm","None","SCADA","core\dnaApp_pcore","DC1-COR-DRT2","",""
"164","14/01/2025 8:37:01.317 PM","14/01/2025 8:37:01.316 PM","Remote unit state changed from Telemetry Failure to Initializing.","","Event","S1 MV","","S1 FRTU","","S1 FRTU","S1-RCS-0089","Remote unit","S1-HV,S1-MV,S1-Viewer","S1-RCS-0089","S1-RCS-0089","PDA06S-10 : Master PJP (Prachuap Khiri Khan Office)","Trivial","NaN","Unknown","IT","Telemetry Alarm","None","SCADA","core\dnaApp_pcore","DC1-COR-DRT2","",""
"165","14/01/2025 4:30:28.906 PM","14/01/2025 4:30:28.902 PM","Remote unit state changed from Telemetry Failure to Initializing.","","Event","S1 MV","","S1 FRTU","","S1 FRTU","S1-RCS-0025","Remote unit","S1-HV,S1-MV,S1-Viewer","S1-RCS-0025","S1-RCS-0025","CPA03S-05 : Master CPB (Chumphon 2 Substation)","Trivial","NaN","Unknown","IT","Telemetry Alarm","None","SCADA","core\dnaApp_pcore","DC1-COR-DRT2","",""
"166","14/01/2025 3:35:40.187 PM","14/01/2025 3:35:40.183 PM","Remote unit state changed from Telemetry Failure to Initializing.","","Event","S1 MV","","S1 FRTU","","S1 FRTU","S1-RCS-0089","Remote unit","S1-HV,S1-MV,S1-Viewer","S1-RCS-0089","S1-RCS-0089","PDA06S-10 : Master PJP (Prachuap Khiri Khan Office)","Trivial","NaN","Unknown","IT","Telemetry Alarm","None","SCADA","core\dnaApp_pcore","DC1-COR-DRT2","",""
"167","14/01/2025 11:22:36.670 AM","14/01/2025 11:22:36.668 AM","Remote unit state changed from Telemetry Failure to Initializing.","","Event","S1 MV","","S1 FRTU","","S1 FRTU","S1-RCS-0089","Remote unit","S1-HV,S1-MV,S1-Viewer","S1-RCS-0089","S1-RCS-0089","PDA06S-10 : Master PJP (Prachuap Khiri Khan Office)","Trivial","NaN","Unknown","IT","Telemetry Alarm","None","SCADA","core\dnaApp_pcore","DC1-COR-DRT2","",""
"168","14/01/2025 10:10:57.613 AM","14/01/2025 10:10:57.612 AM","Remote unit state changed from Telemetry Failure to Initializing.","","Event","S1 MV","","S1 FRTU","","S1 FRTU","S1-VSP-0038","Remote unit","S1-HV,S1-MV,S1-Viewer","S1-VSP-0038","S1-VSP-0038","TSE09S-20 : Cellular PP Ontime : VSPP 2GSE01 บจก. กรีน เซฟวิ่ง เอ็นเนอร์ยี่ ไทยแลนด์ (Before GC51)","Trivial","NaN","Unknown","IT","Telemetry Alarm","None","SCADA","core\dnaApp_pcore","DC1-COR-DRT2","",""
"169","13/01/2025 7:04:03.367 PM","13/01/2025 7:04:03.366 PM","Remote unit state changed from Telemetry Failure to Initializing.","","Event","S1 MV","","S1 FRTU","","S1 FRTU","S1-RCS-0089","Remote unit","S1-HV,S1-MV,S1-Viewer","S1-RCS-0089","S1-RCS-0089","PDA06S-10 : Master PJP (Prachuap Khiri Khan Office)","Trivial","NaN","Unknown","IT","Telemetry Alarm","None","SCADA","core\dnaApp_pcore","DC1-COR-DRT2","",""
"170","13/01/2025 4:22:27.815 PM","13/01/2025 4:22:27.805 PM","Remote unit state changed from Telemetry Failure to Initializing.","","Event","S1 MV","","S1 FRTU","","S1 FRTU","S1-RCS-0089","Remote unit","S1-HV,S1-MV,S1-Viewer","S1-RCS-0089","S1-RCS-0089","PDA06S-10 : Master PJP (Prachuap Khiri Khan Office)","Trivial","NaN","Unknown","IT","Telemetry Alarm","None","SCADA","core\dnaApp_pcore","DC1-COR-DRT2","",""
"171","13/01/2025 3:34:22.635 PM","13/01/2025 3:34:22.634 PM","Remote unit state changed from Telemetry Failure to Initializing.","","Event","S1 MV","","S1 FRTU","","S1 FRTU","S1-VSP-0044","Remote unit","S1-HV,S1-MV,S1-Viewer","S1-VSP-0044","S1-VSP-0044","CPA09S-17 : Cellular PP Ontime : VSPP 2NEH01 บจก. เก็บเกี่ยวพลังงานธรรมชาติ (Before GC51)","Trivial","NaN","Unknown","IT","Telemetry Alarm","None","SCADA","core\dnaApp_pcore","DC1-COR-DRT2","",""
"172","12/01/2025 1:22:40.406 PM","12/01/2025 1:22:40.405 PM","Remote unit state changed from Telemetry Failure to Initializing.","","Event","S1 MV","","S1 FRTU","","S1 FRTU","S1-REC-3301","Remote unit","S1-HV,S1-MV,S1-Viewer","S1-REC-3301","S1-REC-3301","Ban Pong 2 Substation","Trivial","NaN","Unknown","IT","Telemetry Alarm","None","SCADA","core\dnaApp_pcore","DC1-COR-DRT2","",""
"173","12/01/2025 1:18:08.727 PM","12/01/2025 1:18:08.713 PM","Remote unit state changed from Telemetry Failure to Initializing.","","Event","S1 MV","","S1 FRTU","","S1 FRTU","S1-REC-3301","Remote unit","S1-HV,S1-MV,S1-Viewer","S1-REC-3301","S1-REC-3301","Ban Pong 2 Substation","Trivial","NaN","Unknown","IT","Telemetry Alarm","None","SCADA","core\dnaApp_pcore","DC1-COR-DRT2","",""
"174","12/01/2025 12:59:00.805 PM","12/01/2025 12:59:00.804 PM","Remote unit state changed from Telemetry Failure to Initializing.","","Event","S1 MV","","S1 FRTU","","S1 FRTU","S1-REC-3301","Remote unit","S1-HV,S1-MV,S1-Viewer","S1-REC-3301","S1-REC-3301","Ban Pong 2 Substation","Trivial","NaN","Unknown","IT","Telemetry Alarm","None","SCADA","core\dnaApp_pcore","DC1-COR-DRT2","",""
"175","12/01/2025 11:58:51.877 AM","12/01/2025 11:58:51.875 AM","Remote unit state changed from Telemetry Failure to Initializing.","","Event","S1 MV","","S1 FRTU","","S1 FRTU","S1-REC-3301","Remote unit","S1-HV,S1-MV,S1-Viewer","S1-REC-3301","S1-REC-3301","Ban Pong 2 Substation","Trivial","NaN","Unknown","IT","Telemetry Alarm","None","SCADA","core\dnaApp_pcore","DC1-COR-DRT2","",""
"176","12/01/2025 9:48:21.081 AM","12/01/2025 9:48:21.080 AM","Remote unit state changed from Telemetry Failure to Initializing.","","Event","S1 MV","","S1 FRTU","","S1 FRTU","S1-REC-3301","Remote unit","S1-HV,S1-MV,S1-Viewer","S1-REC-3301","S1-REC-3301","Ban Pong 2 Substation","Trivial","NaN","Unknown","IT","Telemetry Alarm","None","SCADA","core\dnaApp_pcore","DC1-COR-DRT2","",""
"177","12/01/2025 8:45:30.798 AM","12/01/2025 8:45:30.798 AM","Remote unit state changed from Telemetry Failure to Initializing.","","Event","S1 MV","","S1 FRTU","","S1 FRTU","S1-RCS-0721","Remote unit","S1-HV,S1-MV,S1-Viewer","S1-RCS-0721","S1-RCS-0721","RNA03S-07 : Master RNA (Ranong 1 Substation)","Trivial","NaN","Unknown","IT","Telemetry Alarm","None","SCADA","core\dnaApp_pcore","DC1-COR-DRT2","",""
"178","12/01/2025 7:17:28.751 AM","12/01/2025 7:17:28.750 AM","Remote unit state changed from Telemetry Failure to Initializing.","","Event","S1 MV","","S1 FRTU","","S1 FRTU","S1-REC-3301","Remote unit","S1-HV,S1-MV,S1-Viewer","S1-REC-3301","S1-REC-3301","Ban Pong 2 Substation","Trivial","NaN","Unknown","IT","Telemetry Alarm","None","SCADA","core\dnaApp_pcore","DC1-COR-DRT2","",""
"179","11/01/2025 5:37:17.157 PM","11/01/2025 5:37:17.143 PM","Remote unit state changed from Telemetry Failure to Initializing.","","Event","S1 MV","","S1 FRTU","","S1 FRTU","S1-VSP-0044","Remote unit","S1-HV,S1-MV,S1-Viewer","S1-VSP-0044","S1-VSP-0044","CPA09S-17 : Cellular PP Ontime : VSPP 2NEH01 บจก. เก็บเกี่ยวพลังงานธรรมชาติ (Before GC51)","Trivial","NaN","Unknown","IT","Telemetry Alarm","None","SCADA","core\dnaApp_pcore","DC1-COR-DRT2","",""
"180","11/01/2025 7:39:21.660 AM","11/01/2025 7:39:21.652 AM","Remote unit state changed from Telemetry Failure to Initializing.","","Event","S1 MV","","S1 FRTU","","S1 FRTU","S1-RCS-0224","Remote unit","S1-HV,S1-MV,S1-Viewer","S1-RCS-0224","S1-RCS-0224","KHY09S-05 : Master PBA (PEA Office S1)","Trivial","NaN","Unknown","IT","Telemetry Alarm","None","SCADA","core\dnaApp_pcore","DC1-COR-DRT2","",""
"181","11/01/2025 7:25:22.944 AM","11/01/2025 7:25:22.942 AM","Remote unit state changed from Telemetry Failure to Initializing.","","Event","S1 MV","","S1 FRTU","","S1 FRTU","S1-RCS-0224","Remote unit","S1-HV,S1-MV,S1-Viewer","S1-RCS-0224","S1-RCS-0224","KHY09S-05 : Master PBA (PEA Office S1)","Trivial","NaN","Unknown","IT","Telemetry Alarm","None","SCADA","core\dnaApp_pcore","DC1-COR-DRT2","",""
"182","10/01/2025 3:32:20.638 PM","10/01/2025 3:32:20.631 PM","Remote unit state changed from Telemetry Failure to Initializing.","","Event","S1 MV","","S1 FRTU","","S1 FRTU","S1-REC-3301","Remote unit","S1-HV,S1-MV,S1-Viewer","S1-REC-3301","S1-REC-3301","Ban Pong 2 Substation","Trivial","NaN","Unknown","IT","Telemetry Alarm","None","SCADA","core\dnaApp_pcore","DC1-COR-DRT2","",""
"183","09/01/2025 7:04:51.534 PM","09/01/2025 7:04:51.533 PM","Remote unit state changed from Telemetry Failure to Initializing.","","Event","S1 MV","","S1 FRTU","","S1 FRTU","S1-RCS-0223","Remote unit","S1-HV,S1-MV,S1-Viewer","S1-RCS-0223","S1-RCS-0223","KHY04S-12 : Master PBB (Phetchaburi Office)","Trivial","NaN","Unknown","IT","Telemetry Alarm","None","SCADA","core\dnaApp_pcore","DC1-COR-DRT2","",""
"184","09/01/2025 6:34:01.204 PM","09/01/2025 6:34:01.188 PM","Remote unit state changed from Telemetry Failure to Initializing.","","Event","S1 MV","","S1 FRTU","","S1 FRTU","S1-RCS-0223","Remote unit","S1-HV,S1-MV,S1-Viewer","S1-RCS-0223","S1-RCS-0223","KHY04S-12 : Master PBB (Phetchaburi Office)","Trivial","NaN","Unknown","IT","Telemetry Alarm","None","SCADA","core\dnaApp_pcore","DC1-COR-DRT2","",""
"185","09/01/2025 11:49:49.198 AM","09/01/2025 11:49:49.189 AM","Remote unit state changed from Telemetry Failure to Initializing.","","Event","S1 MV","","S1 FRTU","","S1 FRTU","S1-VSP-0039","Remote unit","S1-HV,S1-MV,S1-Viewer","S1-VSP-0039","S1-VSP-0039","TSE09S-16 : Cellular PP Ontime : VSPP 2SNT01 บจก. สหกรณ์นิคมท่าแซะ (Before GC51)","Trivial","NaN","Unknown","IT","Telemetry Alarm","None","SCADA","core\dnaApp_pcore","DC1-COR-DRT2","",""
"186","09/01/2025 11:43:32.561 AM","09/01/2025 11:43:32.560 AM","Remote unit state changed from Telemetry Failure to Initializing.","","Event","S1 MV","","S1 FRTU","","S1 FRTU","S1-VSP-0039","Remote unit","S1-HV,S1-MV,S1-Viewer","S1-VSP-0039","S1-VSP-0039","TSE09S-16 : Cellular PP Ontime : VSPP 2SNT01 บจก. สหกรณ์นิคมท่าแซะ (Before GC51)","Trivial","NaN","Unknown","IT","Telemetry Alarm","None","SCADA","core\dnaApp_pcore","DC1-COR-DRT2","",""
"187","08/01/2025 4:52:22.056 PM","08/01/2025 4:52:22.054 PM","Remote unit state changed from Telemetry Failure to Initializing.","","Event","S1 MV","","S1 FRTU","","S1 FRTU","S1-RCS-0089","Remote unit","S1-HV,S1-MV,S1-Viewer","S1-RCS-0089","S1-RCS-0089","PDA06S-10 : Master PJP (Prachuap Khiri Khan Office)","Trivial","NaN","Unknown","IT","Telemetry Alarm","None","SCADA","core\dnaApp_pcore","DC1-COR-DRT2","",""
"188","08/01/2025 4:21:01.123 PM","08/01/2025 4:21:01.123 PM","Remote unit state changed from Telemetry Failure to Initializing.","","Event","S1 MV","","S1 FRTU","","S1 FRTU","S1-REC-3301","Remote unit","S1-HV,S1-MV,S1-Viewer","S1-REC-3301","S1-REC-3301","Ban Pong 2 Substation","Trivial","NaN","Unknown","IT","Telemetry Alarm","None","SCADA","core\dnaApp_pcore","DC1-COR-DRT2","",""
"189","08/01/2025 4:11:46.500 PM","08/01/2025 4:11:46.499 PM","Remote unit state changed from Telemetry Failure to Initializing.","","Event","S1 MV","","S1 FRTU","","S1 FRTU","S1-REC-3301","Remote unit","S1-HV,S1-MV,S1-Viewer","S1-REC-3301","S1-REC-3301","Ban Pong 2 Substation","Trivial","NaN","Unknown","IT","Telemetry Alarm","None","SCADA","core\dnaApp_pcore","DC1-COR-DRT2","",""
"190","08/01/2025 3:34:32.970 PM","08/01/2025 3:34:32.960 PM","Remote unit state changed from Telemetry Failure to Initializing.","","Event","S1 MV","","S1 FRTU","","S1 FRTU","S1-RCS-0089","Remote unit","S1-HV,S1-MV,S1-Viewer","S1-RCS-0089","S1-RCS-0089","PDA06S-10 : Master PJP (Prachuap Khiri Khan Office)","Trivial","NaN","Unknown","IT","Telemetry Alarm","None","SCADA","core\dnaApp_pcore","DC1-COR-DRT2","",""
"191","08/01/2025 1:51:18.784 PM","08/01/2025 1:51:18.784 PM","Remote unit state changed from Telemetry Failure to Initializing.","","Event","S1 MV","","S1 FRTU","","S1 FRTU","S1-REC-0202","Remote unit","S1-HV,S1-MV,S1-Viewer","S1-REC-0202","S1-REC-0202","XPA02R-04 : Cellular PP Ontime","Trivial","NaN","Unknown","IT","Telemetry Alarm","None","SCADA","core\dnaApp_pcore","DC1-COR-DRT2","",""
"192","08/01/2025 11:42:40.587 AM","08/01/2025 11:42:40.585 AM","Remote unit state changed from Telemetry Failure to Initializing.","","Event","S1 MV","","S1 FRTU","","S1 FRTU","S1-RCS-3314","Remote unit","S1-HV,S1-MV,S1-Viewer","S1-RCS-3314","S1-RCS-3314","Ban Pong 2 Substation","Trivial","NaN","Unknown","IT","Telemetry Alarm","None","SCADA","core\dnaApp_pcore","DC1-COR-DRT2","",""
"193","08/01/2025 11:04:03.618 AM","08/01/2025 11:04:03.618 AM","Remote unit state changed from Telemetry Failure to Initializing.","","Event","S1 MV","","S1 FRTU","","S1 FRTU","S1-RCS-0089","Remote unit","S1-HV,S1-MV,S1-Viewer","S1-RCS-0089","S1-RCS-0089","PDA06S-10 : Master PJP (Prachuap Khiri Khan Office)","Trivial","NaN","Unknown","IT","Telemetry Alarm","None","SCADA","core\dnaApp_pcore","DC1-COR-DRT2","",""
"194","08/01/2025 9:56:04.397 AM","08/01/2025 9:56:04.397 AM","Remote unit state changed from Telemetry Failure to Initializing.","","Event","S1 MV","","S1 FRTU","","S1 FRTU","S1-RCS-0089","Remote unit","S1-HV,S1-MV,S1-Viewer","S1-RCS-0089","S1-RCS-0089","PDA06S-10 : Master PJP (Prachuap Khiri Khan Office)","Trivial","NaN","Unknown","IT","Telemetry Alarm","None","SCADA","core\dnaApp_pcore","DC1-COR-DRT2","",""
"195","08/01/2025 1:38:06.439 AM","08/01/2025 1:38:06.437 AM","Remote unit state changed from Telemetry Failure to Initializing.","","Event","S1 MV","","S1 FRTU","","S1 FRTU","S1-VSP-0044","Remote unit","S1-HV,S1-MV,S1-Viewer","S1-VSP-0044","S1-VSP-0044","CPA09S-17 : Cellular PP Ontime : VSPP 2NEH01 บจก. เก็บเกี่ยวพลังงานธรรมชาติ (Before GC51)","Trivial","NaN","Unknown","IT","Telemetry Alarm","None","SCADA","core\dnaApp_pcore","DC1-COR-DRT2","",""
"196","07/01/2025 5:53:17.431 AM","07/01/2025 5:53:17.430 AM","Remote unit state changed from Telemetry Failure to Initializing.","","Event","S1 MV","","S1 FRTU","","S1 FRTU","S1-RCS-0089","Remote unit","S1-HV,S1-MV,S1-Viewer","S1-RCS-0089","S1-RCS-0089","PDA06S-10 : Master PJP (Prachuap Khiri Khan Office)","Trivial","NaN","Unknown","IT","Telemetry Alarm","None","SCADA","core\dnaApp_pcore","DC1-COR-DRT1","",""
"197","06/01/2025 9:06:57.007 PM","06/01/2025 9:06:57.006 PM","Remote unit state changed from Telemetry Failure to Initializing.","","Event","S1 MV","","S1 FRTU","","S1 FRTU","S1-RCS-0089","Remote unit","S1-HV,S1-MV,S1-Viewer","S1-RCS-0089","S1-RCS-0089","PDA06S-10 : Master PJP (Prachuap Khiri Khan Office)","Trivial","NaN","Unknown","IT","Telemetry Alarm","None","SCADA","core\dnaApp_pcore","DC1-COR-DRT1","",""
"198","06/01/2025 7:58:55.954 PM","06/01/2025 7:58:55.952 PM","Remote unit state changed from Telemetry Failure to Initializing.","","Event","S1 MV","","S1 FRTU","","S1 FRTU","S1-RCS-0089","Remote unit","S1-HV,S1-MV,S1-Viewer","S1-RCS-0089","S1-RCS-0089","PDA06S-10 : Master PJP (Prachuap Khiri Khan Office)","Trivial","NaN","Unknown","IT","Telemetry Alarm","None","SCADA","core\dnaApp_pcore","DC1-COR-DRT1","",""
"199","06/01/2025 7:49:04.298 PM","06/01/2025 7:49:04.286 PM","Remote unit state changed from Telemetry Failure to Initializing.","","Event","S1 MV","","S1 FRTU","","S1 FRTU","S1-RCS-0089","Remote unit","S1-HV,S1-MV,S1-Viewer","S1-RCS-0089","S1-RCS-0089","PDA06S-10 : Master PJP (Prachuap Khiri Khan Office)","Trivial","NaN","Unknown","IT","Telemetry Alarm","None","SCADA","core\dnaApp_pcore","DC1-COR-DRT1","",""
"200","06/01/2025 7:32:48.276 PM","06/01/2025 7:32:48.267 PM","Remote unit state changed from Telemetry Failure to Initializing.","","Event","S1 MV","","S1 FRTU","","S1 FRTU","S1-RCS-0089","Remote unit","S1-HV,S1-MV,S1-Viewer","S1-RCS-0089","S1-RCS-0089","PDA06S-10 : Master PJP (Prachuap Khiri Khan Office)","Trivial","NaN","Unknown","IT","Telemetry Alarm","None","SCADA","core\dnaApp_pcore","DC1-COR-DRT1","",""
"201","06/01/2025 7:27:09.601 PM","06/01/2025 7:27:09.600 PM","Remote unit state changed from Telemetry Failure to Initializing.","","Event","S1 MV","","S1 FRTU","","S1 FRTU","S1-RCS-0089","Remote unit","S1-HV,S1-MV,S1-Viewer","S1-RCS-0089","S1-RCS-0089","PDA06S-10 : Master PJP (Prachuap Khiri Khan Office)","Trivial","NaN","Unknown","IT","Telemetry Alarm","None","SCADA","core\dnaApp_pcore","DC1-COR-DRT1","",""
"202","06/01/2025 5:05:51.875 PM","06/01/2025 5:05:51.874 PM","Remote unit state changed from Telemetry Failure to Initializing.","","Event","S1 MV","","S1 FRTU","","S1 FRTU","S1-RCS-0089","Remote unit","S1-HV,S1-MV,S1-Viewer","S1-RCS-0089","S1-RCS-0089","PDA06S-10 : Master PJP (Prachuap Khiri Khan Office)","Trivial","NaN","Unknown","IT","Telemetry Alarm","None","SCADA","core\dnaApp_pcore","DC1-COR-DRT1","",""
"203","06/01/2025 4:28:47.427 PM","06/01/2025 4:28:47.417 PM","Remote unit state changed from Telemetry Failure to Initializing.","","Event","S1 MV","","S1 FRTU","","S1 FRTU","S1-RCS-0089","Remote unit","S1-HV,S1-MV,S1-Viewer","S1-RCS-0089","S1-RCS-0089","PDA06S-10 : Master PJP (Prachuap Khiri Khan Office)","Trivial","NaN","Unknown","IT","Telemetry Alarm","None","SCADA","core\dnaApp_pcore","DC1-COR-DRT1","",""
"204","06/01/2025 2:25:23.931 PM","06/01/2025 2:25:23.930 PM","Remote unit state changed from Telemetry Failure to Initializing.","","Event","S1 MV","","S1 FRTU","","S1 FRTU","S1-REC-3301","Remote unit","S1-HV,S1-MV,S1-Viewer","S1-REC-3301","S1-REC-3301","Ban Pong 2 Substation","Trivial","NaN","Unknown","IT","Telemetry Alarm","None","SCADA","core\dnaApp_pcore","DC1-COR-DRT1","",""
"205","06/01/2025 6:56:09.539 AM","06/01/2025 6:56:09.538 AM","Remote unit state changed from Telemetry Failure to Initializing.","","Event","S1 MV","","S1 FRTU","","S1 FRTU","S1-VSP-0044","Remote unit","S1-HV,S1-MV,S1-Viewer","S1-VSP-0044","S1-VSP-0044","CPA09S-17 : Cellular PP Ontime : VSPP 2NEH01 บจก. เก็บเกี่ยวพลังงานธรรมชาติ (Before GC51)","Trivial","NaN","Unknown","IT","Telemetry Alarm","None","SCADA","core\dnaApp_pcore","DC1-COR-DRT1","",""
"206","05/01/2025 10:12:36.352 PM","05/01/2025 10:12:36.350 PM","Remote unit state changed from Telemetry Failure to Initializing.","","Event","S1 MV","","S1 FRTU","","S1 FRTU","S1-RCS-0215","Remote unit","S1-HV,S1-MV,S1-Viewer","S1-RCS-0215","S1-RCS-0215","PBA10S-14 : Master TAY (Tha Yang Office)","Trivial","NaN","Unknown","IT","Telemetry Alarm","None","SCADA","core\dnaApp_pcore","DC1-COR-DRT1","",""
"207","05/01/2025 7:25:39.116 PM","05/01/2025 7:25:39.111 PM","Remote unit state changed from Telemetry Failure to Initializing.","","Event","S1 MV","","S1 FRTU","","S1 FRTU","S1-RCS-0089","Remote unit","S1-HV,S1-MV,S1-Viewer","S1-RCS-0089","S1-RCS-0089","PDA06S-10 : Master PJP (Prachuap Khiri Khan Office)","Trivial","NaN","Unknown","IT","Telemetry Alarm","None","SCADA","core\dnaApp_pcore","DC1-COR-DRT1","",""
"208","05/01/2025 6:12:33.585 PM","05/01/2025 6:12:33.580 PM","Remote unit state changed from Telemetry Failure to Initializing.","","Event","S1 MV","","S1 FRTU","","S1 FRTU","S1-RCS-0089","Remote unit","S1-HV,S1-MV,S1-Viewer","S1-RCS-0089","S1-RCS-0089","PDA06S-10 : Master PJP (Prachuap Khiri Khan Office)","Trivial","NaN","Unknown","IT","Telemetry Alarm","None","SCADA","core\dnaApp_pcore","DC1-COR-DRT1","",""
"209","05/01/2025 6:08:51.934 PM","05/01/2025 6:08:51.933 PM","Remote unit state changed from Telemetry Failure to Initializing.","","Event","S1 MV","","S1 FRTU","","S1 FRTU","S1-RCS-0089","Remote unit","S1-HV,S1-MV,S1-Viewer","S1-RCS-0089","S1-RCS-0089","PDA06S-10 : Master PJP (Prachuap Khiri Khan Office)","Trivial","NaN","Unknown","IT","Telemetry Alarm","None","SCADA","core\dnaApp_pcore","DC1-COR-DRT1","",""
"210","05/01/2025 4:09:55.187 PM","05/01/2025 4:09:55.186 PM","Remote unit state changed from Telemetry Failure to Initializing.","","Event","S1 MV","","S1 FRTU","","S1 FRTU","S1-RCS-0089","Remote unit","S1-HV,S1-MV,S1-Viewer","S1-RCS-0089","S1-RCS-0089","PDA06S-10 : Master PJP (Prachuap Khiri Khan Office)","Trivial","NaN","Unknown","IT","Telemetry Alarm","None","SCADA","core\dnaApp_pcore","DC1-COR-DRT1","",""
"211","05/01/2025 4:07:22.010 PM","05/01/2025 4:07:22.009 PM","Remote unit state changed from Telemetry Failure to Initializing.","","Event","S1 MV","","S1 FRTU","","S1 FRTU","S1-RCS-0089","Remote unit","S1-HV,S1-MV,S1-Viewer","S1-RCS-0089","S1-RCS-0089","PDA06S-10 : Master PJP (Prachuap Khiri Khan Office)","Trivial","NaN","Unknown","IT","Telemetry Alarm","None","SCADA","core\dnaApp_pcore","DC1-COR-DRT1","",""
"212","05/01/2025 3:47:25.288 PM","05/01/2025 3:47:25.273 PM","Remote unit state changed from Telemetry Failure to Initializing.","","Event","S1 MV","","S1 FRTU","","S1 FRTU","S1-RCS-0089","Remote unit","S1-HV,S1-MV,S1-Viewer","S1-RCS-0089","S1-RCS-0089","PDA06S-10 : Master PJP (Prachuap Khiri Khan Office)","Trivial","NaN","Unknown","IT","Telemetry Alarm","None","SCADA","core\dnaApp_pcore","DC1-COR-DRT1","",""
"213","05/01/2025 1:45:21.547 PM","05/01/2025 1:45:21.546 PM","Remote unit state changed from Telemetry Failure to Initializing.","","Event","S1 MV","","S1 FRTU","","S1 FRTU","S1-RCS-0089","Remote unit","S1-HV,S1-MV,S1-Viewer","S1-RCS-0089","S1-RCS-0089","PDA06S-10 : Master PJP (Prachuap Khiri Khan Office)","Trivial","NaN","Unknown","IT","Telemetry Alarm","None","SCADA","core\dnaApp_pcore","DC1-COR-DRT1","",""
"214","05/01/2025 12:14:15.662 PM","05/01/2025 12:14:15.660 PM","Remote unit state changed from Telemetry Failure to Initializing.","","Event","S1 MV","","S1 FRTU","","S1 FRTU","S1-RCS-0089","Remote unit","S1-HV,S1-MV,S1-Viewer","S1-RCS-0089","S1-RCS-0089","PDA06S-10 : Master PJP (Prachuap Khiri Khan Office)","Trivial","NaN","Unknown","IT","Telemetry Alarm","None","SCADA","core\dnaApp_pcore","DC1-COR-DRT1","",""
"215","05/01/2025 10:06:27.573 AM","05/01/2025 10:06:27.572 AM","Remote unit state changed from Telemetry Failure to Initializing.","","Event","S1 MV","","S1 FRTU","","S1 FRTU","S1-RCS-0089","Remote unit","S1-HV,S1-MV,S1-Viewer","S1-RCS-0089","S1-RCS-0089","PDA06S-10 : Master PJP (Prachuap Khiri Khan Office)","Trivial","NaN","Unknown","IT","Telemetry Alarm","None","SCADA","core\dnaApp_pcore","DC1-COR-DRT1","",""
"216","05/01/2025 8:47:16.722 AM","05/01/2025 8:47:16.721 AM","Remote unit state changed from Telemetry Failure to Initializing.","","Event","S1 MV","","S1 FRTU","","S1 FRTU","S1-RCS-0089","Remote unit","S1-HV,S1-MV,S1-Viewer","S1-RCS-0089","S1-RCS-0089","PDA06S-10 : Master PJP (Prachuap Khiri Khan Office)","Trivial","NaN","Unknown","IT","Telemetry Alarm","None","SCADA","core\dnaApp_pcore","DC1-COR-DRT1","",""
"217","05/01/2025 6:26:26.484 AM","05/01/2025 6:26:26.483 AM","Remote unit state changed from Telemetry Failure to Initializing.","","Event","S1 MV","","S1 FRTU","","S1 FRTU","S1-RCS-0089","Remote unit","S1-HV,S1-MV,S1-Viewer","S1-RCS-0089","S1-RCS-0089","PDA06S-10 : Master PJP (Prachuap Khiri Khan Office)","Trivial","NaN","Unknown","IT","Telemetry Alarm","None","SCADA","core\dnaApp_pcore","DC1-COR-DRT1","",""
"218","05/01/2025 6:22:04.751 AM","05/01/2025 6:22:04.743 AM","Remote unit state changed from Telemetry Failure to Initializing.","","Event","S1 MV","","S1 FRTU","","S1 FRTU","S1-RCS-0089","Remote unit","S1-HV,S1-MV,S1-Viewer","S1-RCS-0089","S1-RCS-0089","PDA06S-10 : Master PJP (Prachuap Khiri Khan Office)","Trivial","NaN","Unknown","IT","Telemetry Alarm","None","SCADA","core\dnaApp_pcore","DC1-COR-DRT1","",""
"219","05/01/2025 6:15:30.519 AM","05/01/2025 6:15:30.512 AM","Remote unit state changed from Telemetry Failure to Initializing.","","Event","S1 MV","","S1 FRTU","","S1 FRTU","S1-RCS-0089","Remote unit","S1-HV,S1-MV,S1-Viewer","S1-RCS-0089","S1-RCS-0089","PDA06S-10 : Master PJP (Prachuap Khiri Khan Office)","Trivial","NaN","Unknown","IT","Telemetry Alarm","None","SCADA","core\dnaApp_pcore","DC1-COR-DRT1","",""
"220","05/01/2025 6:11:01.837 AM","05/01/2025 6:11:01.837 AM","Remote unit state changed from Telemetry Failure to Initializing.","","Event","S1 MV","","S1 FRTU","","S1 FRTU","S1-RCS-0089","Remote unit","S1-HV,S1-MV,S1-Viewer","S1-RCS-0089","S1-RCS-0089","PDA06S-10 : Master PJP (Prachuap Khiri Khan Office)","Trivial","NaN","Unknown","IT","Telemetry Alarm","None","SCADA","core\dnaApp_pcore","DC1-COR-DRT1","",""
"221","05/01/2025 6:05:40.605 AM","05/01/2025 6:05:40.603 AM","Remote unit state changed from Telemetry Failure to Initializing.","","Event","S1 MV","","S1 FRTU","","S1 FRTU","S1-RCS-0089","Remote unit","S1-HV,S1-MV,S1-Viewer","S1-RCS-0089","S1-RCS-0089","PDA06S-10 : Master PJP (Prachuap Khiri Khan Office)","Trivial","NaN","Unknown","IT","Telemetry Alarm","None","SCADA","core\dnaApp_pcore","DC1-COR-DRT1","",""
"222","05/01/2025 5:53:42.558 AM","05/01/2025 5:53:42.557 AM","Remote unit state changed from Telemetry Failure to Initializing.","","Event","S1 MV","","S1 FRTU","","S1 FRTU","S1-RCS-0089","Remote unit","S1-HV,S1-MV,S1-Viewer","S1-RCS-0089","S1-RCS-0089","PDA06S-10 : Master PJP (Prachuap Khiri Khan Office)","Trivial","NaN","Unknown","IT","Telemetry Alarm","None","SCADA","core\dnaApp_pcore","DC1-COR-DRT1","",""
"223","05/01/2025 5:45:15.961 AM","05/01/2025 5:45:15.956 AM","Remote unit state changed from Telemetry Failure to Initializing.","","Event","S1 MV","","S1 FRTU","","S1 FRTU","S1-RCS-0089","Remote unit","S1-HV,S1-MV,S1-Viewer","S1-RCS-0089","S1-RCS-0089","PDA06S-10 : Master PJP (Prachuap Khiri Khan Office)","Trivial","NaN","Unknown","IT","Telemetry Alarm","None","SCADA","core\dnaApp_pcore","DC1-COR-DRT1","",""
"224","05/01/2025 5:41:24.038 AM","05/01/2025 5:41:24.038 AM","Remote unit state changed from Telemetry Failure to Initializing.","","Event","S1 MV","","S1 FRTU","","S1 FRTU","S1-RCS-0089","Remote unit","S1-HV,S1-MV,S1-Viewer","S1-RCS-0089","S1-RCS-0089","PDA06S-10 : Master PJP (Prachuap Khiri Khan Office)","Trivial","NaN","Unknown","IT","Telemetry Alarm","None","SCADA","core\dnaApp_pcore","DC1-COR-DRT1","",""
"225","05/01/2025 5:39:02.154 AM","05/01/2025 5:39:02.153 AM","Remote unit state changed from Telemetry Failure to Initializing.","","Event","S1 MV","","S1 FRTU","","S1 FRTU","S1-RCS-0089","Remote unit","S1-HV,S1-MV,S1-Viewer","S1-RCS-0089","S1-RCS-0089","PDA06S-10 : Master PJP (Prachuap Khiri Khan Office)","Trivial","NaN","Unknown","IT","Telemetry Alarm","None","SCADA","core\dnaApp_pcore","DC1-COR-DRT1","",""
"226","05/01/2025 5:23:16.595 AM","05/01/2025 5:23:16.594 AM","Remote unit state changed from Telemetry Failure to Initializing.","","Event","S1 MV","","S1 FRTU","","S1 FRTU","S1-RCS-0089","Remote unit","S1-HV,S1-MV,S1-Viewer","S1-RCS-0089","S1-RCS-0089","PDA06S-10 : Master PJP (Prachuap Khiri Khan Office)","Trivial","NaN","Unknown","IT","Telemetry Alarm","None","SCADA","core\dnaApp_pcore","DC1-COR-DRT1","",""
"227","05/01/2025 4:25:38.024 AM","05/01/2025 4:25:38.023 AM","Remote unit state changed from Telemetry Failure to Initializing.","","Event","S1 MV","","S1 FRTU","","S1 FRTU","S1-RCS-0089","Remote unit","S1-HV,S1-MV,S1-Viewer","S1-RCS-0089","S1-RCS-0089","PDA06S-10 : Master PJP (Prachuap Khiri Khan Office)","Trivial","NaN","Unknown","IT","Telemetry Alarm","None","SCADA","core\dnaApp_pcore","DC1-COR-DRT1","",""
"228","05/01/2025 3:49:55.367 AM","05/01/2025 3:49:55.360 AM","Remote unit state changed from Telemetry Failure to Initializing.","","Event","S1 MV","","S1 FRTU","","S1 FRTU","S1-RCS-0089","Remote unit","S1-HV,S1-MV,S1-Viewer","S1-RCS-0089","S1-RCS-0089","PDA06S-10 : Master PJP (Prachuap Khiri Khan Office)","Trivial","NaN","Unknown","IT","Telemetry Alarm","None","SCADA","core\dnaApp_pcore","DC1-COR-DRT1","",""
"229","04/01/2025 3:38:57.436 PM","04/01/2025 3:38:57.435 PM","Remote unit state changed from Telemetry Failure to Initializing.","","Event","S1 MV","","S1 FRTU","","S1 FRTU","S1-VSP-0044","Remote unit","S1-HV,S1-MV,S1-Viewer","S1-VSP-0044","S1-VSP-0044","CPA09S-17 : Cellular PP Ontime : VSPP 2NEH01 บจก. เก็บเกี่ยวพลังงานธรรมชาติ (Before GC51)","Trivial","NaN","Unknown","IT","Telemetry Alarm","None","SCADA","core\dnaApp_pcore","DC1-COR-DRT1","",""
"230","04/01/2025 6:48:45.239 AM","04/01/2025 6:48:45.237 AM","Remote unit state changed from Telemetry Failure to Initializing.","","Event","S1 MV","","S1 FRTU","","S1 FRTU","S1-RCS-0170","Remote unit","S1-HV,S1-MV,S1-Viewer","S1-RCS-0170","S1-RCS-0170","RNB07S-15 : Master RNB (Ranong 2 Substation)","Trivial","NaN","Unknown","IT","Telemetry Alarm","None","SCADA","core\dnaApp_pcore","DC1-COR-DRT1","",""
"231","03/01/2025 9:57:08.623 PM","03/01/2025 9:57:08.621 PM","Remote unit state changed from Telemetry Failure to Initializing.","","Event","S1 MV","","S1 FRTU","","S1 FRTU","S1-REC-3301","Remote unit","S1-HV,S1-MV,S1-Viewer","S1-REC-3301","S1-REC-3301","Ban Pong 2 Substation","Trivial","NaN","Unknown","IT","Telemetry Alarm","None","SCADA","core\dnaApp_pcore","DC1-COR-DRT1","",""
"232","02/01/2025 7:41:51.066 PM","02/01/2025 7:41:51.065 PM","Remote unit state changed from Telemetry Failure to Initializing.","","Event","S1 MV","","S1 FRTU","","S1 FRTU","S1-VSP-0044","Remote unit","S1-HV,S1-MV,S1-Viewer","S1-VSP-0044","S1-VSP-0044","CPA09S-17 : Cellular PP Ontime : VSPP 2NEH01 บจก. เก็บเกี่ยวพลังงานธรรมชาติ (Before GC51)","Trivial","NaN","Unknown","IT","Telemetry Alarm","None","SCADA","core\dnaApp_pcore","DC1-COR-DRT2","",""
"233","02/01/2025 6:49:07.019 PM","02/01/2025 6:49:07.019 PM","Remote unit state changed from Telemetry Failure to Initializing.","","Event","S1 MV","","S1 FRTU","","S1 FRTU","S1-REC-3301","Remote unit","S1-HV,S1-MV,S1-Viewer","S1-REC-3301","S1-REC-3301","Ban Pong 2 Substation","Trivial","NaN","Unknown","IT","Telemetry Alarm","None","SCADA","core\dnaApp_pcore","DC1-COR-DRT2","",""
"234","02/01/2025 6:28:29.859 PM","02/01/2025 6:28:29.858 PM","Remote unit state changed from Telemetry Failure to Initializing.","","Event","S1 MV","","S1 FRTU","","S1 FRTU","S1-REC-3301","Remote unit","S1-HV,S1-MV,S1-Viewer","S1-REC-3301","S1-REC-3301","Ban Pong 2 Substation","Trivial","NaN","Unknown","IT","Telemetry Alarm","None","SCADA","core\dnaApp_pcore","DC1-COR-DRT2","",""
"235","02/01/2025 6:23:27.775 PM","02/01/2025 6:23:27.774 PM","Remote unit state changed from Telemetry Failure to Initializing.","","Event","S1 MV","","S1 FRTU","","S1 FRTU","S1-REC-3301","Remote unit","S1-HV,S1-MV,S1-Viewer","S1-REC-3301","S1-REC-3301","Ban Pong 2 Substation","Trivial","NaN","Unknown","IT","Telemetry Alarm","None","SCADA","core\dnaApp_pcore","DC1-COR-DRT2","",""
"236","02/01/2025 6:20:34.868 PM","02/01/2025 6:20:34.860 PM","Remote unit state changed from Telemetry Failure to Initializing.","","Event","S1 MV","","S1 FRTU","","S1 FRTU","S1-REC-3301","Remote unit","S1-HV,S1-MV,S1-Viewer","S1-REC-3301","S1-REC-3301","Ban Pong 2 Substation","Trivial","NaN","Unknown","IT","Telemetry Alarm","None","SCADA","core\dnaApp_pcore","DC1-COR-DRT2","",""
"237","02/01/2025 3:22:47.520 PM","02/01/2025 3:22:47.519 PM","Remote unit state changed from Telemetry Failure to Initializing.","","Event","S1 MV","","S1 FRTU","","S1 FRTU","S1-REC-3301","Remote unit","S1-HV,S1-MV,S1-Viewer","S1-REC-3301","S1-REC-3301","Ban Pong 2 Substation","Trivial","NaN","Unknown","IT","Telemetry Alarm","None","SCADA","core\dnaApp_pcore","DC1-COR-DRT2","",""
"238","02/01/2025 3:20:32.681 PM","02/01/2025 3:20:32.680 PM","Remote unit state changed from Telemetry Failure to Initializing.","","Event","S1 MV","","S1 FRTU","","S1 FRTU","S1-REC-3301","Remote unit","S1-HV,S1-MV,S1-Viewer","S1-REC-3301","S1-REC-3301","Ban Pong 2 Substation","Trivial","NaN","Unknown","IT","Telemetry Alarm","None","SCADA","core\dnaApp_pcore","DC1-COR-DRT2","",""
"239","02/01/2025 2:31:09.297 PM","02/01/2025 2:31:09.296 PM","Remote unit state changed from Telemetry Failure to Initializing.","","Event","S1 MV","","S1 FRTU","","S1 FRTU","S1-REC-3301","Remote unit","S1-HV,S1-MV,S1-Viewer","S1-REC-3301","S1-REC-3301","Ban Pong 2 Substation","Trivial","NaN","Unknown","IT","Telemetry Alarm","None","SCADA","core\dnaApp_pcore","DC1-COR-DRT2","",""
"240","02/01/2025 12:04:13.404 PM","02/01/2025 12:04:13.403 PM","Remote unit state changed from Telemetry Failure to Initializing.","","Event","S1 MV","","S1 FRTU","","S1 FRTU","S1-REC-3301","Remote unit","S1-HV,S1-MV,S1-Viewer","S1-REC-3301","S1-REC-3301","Ban Pong 2 Substation","Trivial","NaN","Unknown","IT","Telemetry Alarm","None","SCADA","core\dnaApp_pcore","DC1-COR-DRT2","",""
"241","02/01/2025 11:58:15.021 AM","02/01/2025 11:58:15.015 AM","Remote unit state changed from Telemetry Failure to Initializing.","","Event","S1 MV","","S1 FRTU","","S1 FRTU","S1-REC-3301","Remote unit","S1-HV,S1-MV,S1-Viewer","S1-REC-3301","S1-REC-3301","Ban Pong 2 Substation","Trivial","NaN","Unknown","IT","Telemetry Alarm","None","SCADA","core\dnaApp_pcore","DC1-COR-DRT2","",""
"242","02/01/2025 11:46:36.451 AM","02/01/2025 11:46:36.450 AM","Remote unit state changed from Telemetry Failure to Initializing.","","Event","S1 MV","","S1 FRTU","","S1 FRTU","S1-REC-3301","Remote unit","S1-HV,S1-MV,S1-Viewer","S1-REC-3301","S1-REC-3301","Ban Pong 2 Substation","Trivial","NaN","Unknown","IT","Telemetry Alarm","None","SCADA","core\dnaApp_pcore","DC1-COR-DRT2","",""
"243","02/01/2025 10:20:09.201 AM","02/01/2025 10:20:09.200 AM","Remote unit state changed from Telemetry Failure to Initializing.","","Event","S1 MV","","S1 FRTU","","S1 FRTU","S1-REC-3301","Remote unit","S1-HV,S1-MV,S1-Viewer","S1-REC-3301","S1-REC-3301","Ban Pong 2 Substation","Trivial","NaN","Unknown","IT","Telemetry Alarm","None","SCADA","core\dnaApp_pcore","DC1-COR-DRT2","",""
"244","02/01/2025 10:10:47.660 AM","02/01/2025 10:10:47.659 AM","Remote unit state changed from Telemetry Failure to Initializing.","","Event","S1 MV","","S1 FRTU","","S1 FRTU","S1-REC-3301","Remote unit","S1-HV,S1-MV,S1-Viewer","S1-REC-3301","S1-REC-3301","Ban Pong 2 Substation","Trivial","NaN","Unknown","IT","Telemetry Alarm","None","SCADA","core\dnaApp_pcore","DC1-COR-DRT2","",""
"245","02/01/2025 9:34:48.077 AM","02/01/2025 9:34:48.076 AM","Remote unit state changed from Telemetry Failure to Initializing.","","Event","S1 MV","","S1 FRTU","","S1 FRTU","S1-REC-3301","Remote unit","S1-HV,S1-MV,S1-Viewer","S1-REC-3301","S1-REC-3301","Ban Pong 2 Substation","Trivial","NaN","Unknown","IT","Telemetry Alarm","None","SCADA","core\dnaApp_pcore","DC1-COR-DRT2","",""
"246","01/01/2025 4:37:34.564 PM","01/01/2025 4:37:34.563 PM","Remote unit state changed from Telemetry Failure to Initializing.","","Event","S1 MV","","S1 FRTU","","S1 FRTU","S1-REC-3301","Remote unit","S1-HV,S1-MV,S1-Viewer","S1-REC-3301","S1-REC-3301","Ban Pong 2 Substation","Trivial","NaN","Unknown","IT","Telemetry Alarm","None","SCADA","core\dnaApp_pcore","DC1-COR-DRT2","",""
"247","01/01/2025 1:14:47.118 AM","01/01/2025 1:14:47.117 AM","Remote unit state changed from Telemetry Failure to Initializing.","","Event","S1 MV","","S1 FRTU","","S1 FRTU","S1-VSP-0044","Remote unit","S1-HV,S1-MV,S1-Viewer","S1-VSP-0044","S1-VSP-0044","CPA09S-17 : Cellular PP Ontime : VSPP 2NEH01 บจก. เก็บเกี่ยวพลังงานธรรมชาติ (Before GC51)","Trivial","NaN","Unknown","IT","Telemetry Alarm","None","SCADA","core\dnaApp_pcore","DC1-COR-DRT2","",""



