Device,Substation,Description
S1-AVR-0003,S1 FRTU,PTH04A-01
S1-AVR-0004,S1 FRTU,RBB08A-01
S1-AVR-0005,S1 FRTU,PBA06A-01
S1-AVR-0006,S1 FRTU,HUU03A-01
S1-AVR-0007,S1 FRTU,TSE05A-01
S1-AVR-0008,S1 FRTU,LSA03A-01
S1-AVR-0009,S1 FRTU,LSA09A-01
S1-AVR-0010,S1 FRTU,LSA10A-01
S1-AVR-0011,S1 FRTU,CPA08A-01
S1-AVR-0012,S1 FRTU,XPA04A-01
S1-AVR-0013,S1 FRTU,XPA01A-01
S1-CSW-0001,S1 FRTU,PBA01YB-01
S1-LBS-0001,S1 FRTU,RBB02YS-20
S1-LBS-0002,S1 FRTU,RBB05YS-05
S1-LBS-0003,S1 FRTU,KHY04YS-07
S1-LBS-0004,S1 FRTU,RBB04YS-05
S1-LBS-0005,S1 FRTU,PTR03YS-06
S1-LBS-0006,S1 FRTU,BSP03YS-09
S1-LBS-0007,S1 FRTU,BSP03YS-08
S1-LBS-0008,S1 FRTU,BSP02YS-10
S1-LBS-0009,S1 FRTU,BSP01YS-07
S1-LBS-0010,S1 FRTU,BSP02YS-08
S1-LBS-0011,S1 FRTU,RBB02YS-10
S1-LBS-0012,S1 FRTU,TSE03YS-05
S1-LBS-0013,S1 FRTU,TSE03YS-08
S1-LBS-0014,S1 FRTU,RBB03YS-06
S1-LBS-0015,S1 FRTU,CAB04YS-07
S1-LBS-0016,S1 FRTU,HUB02YS-07
S1-LBS-0017,S1 FRTU,CPB02YS-03
S1-LBS-0018,S1 FRTU,RBB03YS-07
S1-LBS-0019,S1 FRTU,PTR07YS-04
S1-LBS-0020,S1 FRTU,RBB05YS-15
S1-LBS-0021,S1 FRTU,PTH04YS-05
S1-LBS-0022,S1 FRTU,BPB05YS-04
S1-LBS-0023,S1 FRTU,BPB01YS-04
S1-LBS-0024,S1 FRTU,BPB05YS-07
S1-RCS-0001,S1 FRTU,BSP10S-19
S1-RCS-0002,S1 FRTU,BSR06S-09
S1-RCS-0003,S1 FRTU,HUB05S-51
S1-RCS-0004,S1 FRTU,BSP09S-09
S1-RCS-0005,S1 FRTU,BSR07S-08
S1-RCS-0006,S1 FRTU,BSP09S-15
S1-RCS-0007,S1 FRTU,CBN04S-28
S1-RCS-0008,S1 FRTU,TSE02S-27
S1-RCS-0009,S1 FRTU,TSE09S-11
S1-RCS-0010,S1 FRTU,CAB04S-08
S1-RCS-0011,S1 FRTU,CAB10S-14
S1-RCS-0012,S1 FRTU,CAA06S-07
S1-RCS-0013,S1 FRTU,CAA03S-13
S1-RCS-0014,S1 FRTU,CAA03S-10
S1-RCS-0015,S1 FRTU,CAB09S-10
S1-RCS-0016,S1 FRTU,CAA03S-05
S1-RCS-0017,S1 FRTU,CAB10S-12
S1-RCS-0018,S1 FRTU,CAB04S-05
S1-RCS-0019,S1 FRTU,HUB09S-06
S1-RCS-0020,S1 FRTU,HUB06S-03
S1-RCS-0021,S1 FRTU,PBB04S-04
S1-RCS-0022,S1 FRTU,CAB05S-12
S1-RCS-0023,S1 FRTU,CAA06S-05
S1-RCS-0024,S1 FRTU,CPB07S-10
S1-RCS-0025,S1 FRTU,CPA03S-05
S1-RCS-0026,S1 FRTU,RNB08S-16
S1-RCS-0027,S1 FRTU,RNB07S-16
S1-RCS-0028,S1 FRTU,TSE08S-04
S1-RCS-0029,S1 FRTU,TSE07S-13
S1-RCS-0030,S1 FRTU,TSE07S-11
S1-RCS-0031,S1 FRTU,RIU01S-04
S1-RCS-0032,S1 FRTU,CAA07S-07
S1-RCS-0033,S1 FRTU,CPA01S-10
S1-RCS-0034,S1 FRTU,TSE05S-06
S1-RCS-0035,S1 FRTU,TSE08S-10
S1-RCS-0036,S1 FRTU,CPB07S-06
S1-RCS-0037,S1 FRTU,CPB10S-08
S1-RCS-0038,S1 FRTU,CPB08S-07
S1-RCS-0039,S1 FRTU,CPB06S-09
S1-RCS-0040,S1 FRTU,DNA07S-09
S1-RCS-0041,S1 FRTU,DNA07S-10
S1-RCS-0042,S1 FRTU,DNA02S-12
S1-RCS-0043,S1 FRTU,DNA02S-17
S1-RCS-0044,S1 FRTU,DNA01S-10
S1-RCS-0045,S1 FRTU,CAB10S-04
S1-RCS-0046,S1 FRTU,HUB05S-03
S1-RCS-0047,S1 FRTU,HUB04S-10
S1-RCS-0048,S1 FRTU,CAB05S-08
S1-RCS-0049,S1 FRTU,HUB05S-04
S1-RCS-0050,S1 FRTU,CAA04S-11
S1-RCS-0051,S1 FRTU,KDA01S-20
S1-RCS-0052,S1 FRTU,KHY10S-03
S1-RCS-0053,S1 FRTU,KHY09S-12
S1-RCS-0054,S1 FRTU,KHY10S-08
S1-RCS-0055,S1 FRTU,KHZ01S-10
S1-RCS-0056,S1 FRTU,KHY08S-04
S1-RCS-0057,S1 FRTU,KHY02S-14
S1-RCS-0058,S1 FRTU,CPA08S-09
S1-RCS-0059,S1 FRTU,HUB02S-10
S1-RCS-0060,S1 FRTU,TSE06S-16
S1-RCS-0061,S1 FRTU,TSE02S-18
S1-RCS-0062,S1 FRTU,PTR06S-15
S1-RCS-0063,S1 FRTU,HUB08S-06
S1-RCS-0064,S1 FRTU,PTR06S-08
S1-RCS-0065,S1 FRTU,RIU02S-05
S1-RCS-0066,S1 FRTU,CAB04S-07
S1-RCS-0067,S1 FRTU,CAB04S-10
S1-RCS-0068,S1 FRTU,PBA07S-14
S1-RCS-0069,S1 FRTU,PBB02S-06
S1-RCS-0070,S1 FRTU,PBB02S-14
S1-RCS-0071,S1 FRTU,PBA11S-09
S1-RCS-0072,S1 FRTU,PBA10S-11
S1-RCS-0073,S1 FRTU,PBA06S-22
S1-RCS-0074,S1 FRTU,CAA06S-08
S1-RCS-0075,S1 FRTU,PBA09S-18
S1-RCS-0076,S1 FRTU,PBA01S-17
S1-RCS-0077,S1 FRTU,PBA07S-22
S1-RCS-0078,S1 FRTU,PTR03S-16
S1-RCS-0079,S1 FRTU,PBB05S-05
S1-RCS-0080,S1 FRTU,PTS01S-08
S1-RCS-0081,S1 FRTU,PTS02S-20
S1-RCS-0082,S1 FRTU,PDA07S-08
S1-RCS-0083,S1 FRTU,RIU03S-09
S1-RCS-0084,S1 FRTU,HUC02S-51
S1-RCS-0085,S1 FRTU,PDA10S-08
S1-RCS-0086,S1 FRTU,KUA01S-06
S1-RCS-0087,S1 FRTU,PDA04S-07
S1-RCS-0088,S1 FRTU,PDA08S-07
S1-RCS-0089,S1 FRTU,PDA06S-10
S1-RCS-0090,S1 FRTU,XPA02S-06
S1-RCS-0091,S1 FRTU,KUA04S-11
S1-RCS-0092,S1 FRTU,HUB02S-11
S1-RCS-0093,S1 FRTU,HUC02S-05
S1-RCS-0094,S1 FRTU,PNA01S-07
S1-RCS-0095,S1 FRTU,PNA02S-11
S1-RCS-0096,S1 FRTU,CAB05S-14
S1-RCS-0097,S1 FRTU,HUB09S-10
S1-RCS-0098,S1 FRTU,PNA05S-06
S1-RCS-0099,S1 FRTU,HUC03S-08
S1-RCS-0100,S1 FRTU,HUB09S-07
S1-RCS-0101,S1 FRTU,PNA07S-10
S1-RCS-0102,S1 FRTU,PNA01S-17
S1-RCS-0103,S1 FRTU,PNA07S-12
S1-RCS-0104,S1 FRTU,PTH03S-12
S1-RCS-0105,S1 FRTU,HUC03S-11
S1-RCS-0106,S1 FRTU,SSA09S-06
S1-RCS-0107,S1 FRTU,PTH06S-12
S1-RCS-0108,S1 FRTU,HUB03S-52
S1-RCS-0109,S1 FRTU,PTH07S-16
S1-RCS-0110,S1 FRTU,PNA08S-22
S1-RCS-0111,S1 FRTU,HUC02S-11
S1-RCS-0112,S1 FRTU,PTH04S-19
S1-RCS-0113,S1 FRTU,HUB10S-12
S1-RCS-0114,S1 FRTU,HUB03S-06
S1-RCS-0115,S1 FRTU,PTR03S-12
S1-RCS-0116,S1 FRTU,PTR02S-07
S1-RCS-0117,S1 FRTU,PTR01S-13
S1-RCS-0118,S1 FRTU,PTR02S-15
S1-RCS-0119,S1 FRTU,PTR05S-05
S1-RCS-0120,S1 FRTU,PTR05S-10
S1-RCS-0121,S1 FRTU,PTR07S-08
S1-RCS-0122,S1 FRTU,PTR10S-15
S1-RCS-0123,S1 FRTU,PTR04S-05
S1-RCS-0124,S1 FRTU,PTS05S-05
S1-RCS-0125,S1 FRTU,PTR08S-06
S1-RCS-0126,S1 FRTU,RBA08S-09
S1-RCS-0127,S1 FRTU,PTR02S-19
S1-RCS-0128,S1 FRTU,RBA06S-09
S1-RCS-0129,S1 FRTU,RBC05S-05
S1-RCS-0130,S1 FRTU,RBC03S-13
S1-RCS-0131,S1 FRTU,RBC03S-14
S1-RCS-0132,S1 FRTU,CBN06S-08
S1-RCS-0133,S1 FRTU,CBN10S-14
S1-RCS-0134,S1 FRTU,RBB03S-12
S1-RCS-0135,S1 FRTU,KUA02S-08
S1-RCS-0136,S1 FRTU,RBB08S-09
S1-RCS-0137,S1 FRTU,RBC04S-12
S1-RCS-0138,S1 FRTU,CBN02S-11
S1-RCS-0139,S1 FRTU,CBN01S-09
S1-RCS-0140,S1 FRTU,RBB03S-17
S1-RCS-0141,S1 FRTU,HUC02S-04
S1-RCS-0142,S1 FRTU,RBA06S-13
S1-RCS-0143,S1 FRTU,RBA06S-06
S1-RCS-0144,S1 FRTU,RBA06S-04
S1-RCS-0145,S1 FRTU,RNB04S-04
S1-RCS-0146,S1 FRTU,RNA05S-08
S1-RCS-0147,S1 FRTU,SSA09S-09
S1-RCS-0148,S1 FRTU,RNB09S-08
S1-RCS-0149,S1 FRTU,RNB03S-10
S1-RCS-0150,S1 FRTU,RNA03S-11
S1-RCS-0151,S1 FRTU,RNA05S-11
S1-RCS-0152,S1 FRTU,RNA06S-05
S1-RCS-0153,S1 FRTU,RNA06S-12
S1-RCS-0154,S1 FRTU,RNB02S-08
S1-RCS-0155,S1 FRTU,RNB02S-16
S1-RCS-0156,S1 FRTU,CBN10S-10
S1-RCS-0157,S1 FRTU,HUB09S-04
S1-RCS-0158,S1 FRTU,RNB03S-06
S1-RCS-0159,S1 FRTU,RNB08S-15
S1-RCS-0160,S1 FRTU,KUA09S-09
S1-RCS-0161,S1 FRTU,CBN04S-23
S1-RCS-0162,S1 FRTU,RNB02S-13
S1-RCS-0163,S1 FRTU,BSR01S-09
S1-RCS-0164,S1 FRTU,RNB05S-19
S1-RCS-0165,S1 FRTU,RNB06S-04
S1-RCS-0166,S1 FRTU,RNB01S-15
S1-RCS-0167,S1 FRTU,RNB01S-16
S1-RCS-0168,S1 FRTU,RNB07S-08
S1-RCS-0169,S1 FRTU,RNB01S-14
S1-RCS-0170,S1 FRTU,RNB07S-15
S1-RCS-0171,S1 FRTU,RNB03S-17
S1-RCS-0172,S1 FRTU,RNB01S-04
S1-RCS-0173,S1 FRTU,RNB01S-07
S1-RCS-0174,S1 FRTU,RNA02S-05
S1-RCS-0175,S1 FRTU,SSA04S-10
S1-RCS-0176,S1 FRTU,SSA09S-12
S1-RCS-0177,S1 FRTU,HUB05S-52
S1-RCS-0178,S1 FRTU,HUB03S-51
S1-RCS-0179,S1 FRTU,SSA10S-08
S1-RCS-0180,S1 FRTU,HUB08S-12
S1-RCS-0181,S1 FRTU,SSA03S-04
S1-RCS-0182,S1 FRTU,HUB08S-10
S1-RCS-0183,S1 FRTU,DNA09S-07
S1-RCS-0184,S1 FRTU,HUC04S-06
S1-RCS-0185,S1 FRTU,PTR08S-12
S1-RCS-0186,S1 FRTU,PTS01S-10
S1-RCS-0187,S1 FRTU,PTH08S-04
S1-RCS-0188,S1 FRTU,KHZ03S-10
S1-RCS-0189,S1 FRTU,CPA10S-28
S1-RCS-0190,S1 FRTU,PNA08S-11
S1-RCS-0191,S1 FRTU,CPA04S-19
S1-RCS-0192,S1 FRTU,LSA07S-09
S1-RCS-0193,S1 FRTU,RBB03S-10
S1-RCS-0194,S1 FRTU,PBA08S-08
S1-RCS-0195,S1 FRTU,CAB05S-10
S1-RCS-0196,S1 FRTU,PNA08S-14
S1-RCS-0197,S1 FRTU,PNA10S-06
S1-RCS-0198,S1 FRTU,PNA02S-13
S1-RCS-0199,S1 FRTU,PDA03S-09
S1-RCS-0200,S1 FRTU,KUA07s-07
S1-RCS-0201,S1 FRTU,CPB09S-10
S1-RCS-0202,S1 FRTU,PNA02S-05
S1-RCS-0203,S1 FRTU,CPA01S-06
S1-RCS-0204,S1 FRTU,BSP05S-17
S1-RCS-0205,S1 FRTU,PTH07S-04
S1-RCS-0206,S1 FRTU,PBA09S-15
S1-RCS-0207,S1 FRTU,CPA09S-14
S1-RCS-0208,S1 FRTU,LSA04S-12
S1-RCS-0209,S1 FRTU,XPA02S-03
S1-RCS-0210,S1 FRTU,CBN05S-08
S1-RCS-0211,S1 FRTU,DNA06S-05
S1-RCS-0212,S1 FRTU,DNA06S-04
S1-RCS-0213,S1 FRTU,PBB04S-09
S1-RCS-0214,S1 FRTU,PBA09S-12
S1-RCS-0215,S1 FRTU,PBA10S-14
S1-RCS-0216,S1 FRTU,PTH02S-08
S1-RCS-0217,S1 FRTU,PTR05S-07
S1-RCS-0218,S1 FRTU,SSA03S-16
S1-RCS-0219,S1 FRTU,PBB03S-05
S1-RCS-0220,S1 FRTU,RBA03S-12
S1-RCS-0221,S1 FRTU,KUA10S-04
S1-RCS-0222,S1 FRTU,KHY08S-09
S1-RCS-0223,S1 FRTU,KHY04S-12
S1-RCS-0224,S1 FRTU,KHY09S-05
S1-RCS-0225,S1 FRTU,RBB07S-10
S1-RCS-0226,S1 FRTU,RBA03S-11
S1-RCS-0227,S1 FRTU,RBC05S-14
S1-RCS-0228,S1 FRTU,SSA05S-04
S1-RCS-0229,S1 FRTU,RBC04S-04
S1-RCS-0230,S1 FRTU,RBB09S-12
S1-RCS-0231,S1 FRTU,BSP10S-09
S1-RCS-0232,S1 FRTU,BSR10S-06
S1-RCS-0233,S1 FRTU,SSA10S-06
S1-RCS-0234,S1 FRTU,PNA10S-13
S1-RCS-0235,S1 FRTU,PNA09S-06
S1-RCS-0236,S1 FRTU,PTH10S-07
S1-RCS-0237,S1 FRTU,PTH08S-08
S1-RCS-0238,S1 FRTU,PTH05S-07
S1-RCS-0239,S1 FRTU,DNA05S-15
S1-RCS-0240,S1 FRTU,DNA04S-06
S1-RCS-0241,S1 FRTU,DNA10S-04
S1-RCS-0242,S1 FRTU,KHZ01S-24
S1-RCS-0243,S1 FRTU,PTH01S-16
S1-RCS-0244,S1 FRTU,PTH02S-13
S1-RCS-0247,S1 FRTU,HUB09S-03
S1-RCS-0248,S1 FRTU,HUC01S-05
S1-RCS-0249,S1 FRTU,HUC04S-05
S1-RCS-0250,S1 FRTU,CAB09S-12
S1-RCS-0251,S1 FRTU,CAA09S-07
S1-RCS-0252,S1 FRTU,CAB04S-09
S1-RCS-0253,S1 FRTU,CAB05S-11
S1-RCS-0254,S1 FRTU,PBA04S-25
S1-RCS-0255,S1 FRTU,HUB03S-03
S1-RCS-0256,S1 FRTU,HUB03S-05
S1-RCS-0257,S1 FRTU,HUB03S-07
S1-RCS-0258,S1 FRTU,HUB03S-15
S1-RCS-0259,S1 FRTU,HUB03S-09
S1-RCS-0260,S1 FRTU,HUB03S-17
S1-RCS-0261,S1 FRTU,HUB03S-20
S1-RCS-0262,S1 FRTU,HUB03S-50
S1-RCS-0263,S1 FRTU,HUB04S-04
S1-RCS-0264,S1 FRTU,HUB04S-05
S1-RCS-0265,S1 FRTU,HUB04S-06
S1-RCS-0266,S1 FRTU,HUB05S-13
S1-RCS-0267,S1 FRTU,HUB04S-07
S1-RCS-0268,S1 FRTU,HUB04S-08
S1-RCS-0269,S1 FRTU,HUB04S-12
S1-RCS-0270,S1 FRTU,HUB05S-05
S1-RCS-0271,S1 FRTU,HUB05S-06
S1-RCS-0272,S1 FRTU,HUB05S-10
S1-RCS-0273,S1 FRTU,HUB05S-11
S1-RCS-0274,S1 FRTU,HUB05S-12
S1-RCS-0275,S1 FRTU,HUB08S-05
S1-RCS-0276,S1 FRTU,HUB08S-13
S1-RCS-0277,S1 FRTU,HUB08S-15
S1-RCS-0278,S1 FRTU,HUB08S-16
S1-RCS-0279,S1 FRTU,HUB08S-17
S1-RCS-0280,S1 FRTU,HUC02S-14
S1-RCS-0281,S1 FRTU,HUB09S-05
S1-RCS-0282,S1 FRTU,HUB10S-04
S1-RCS-0283,S1 FRTU,HUB10S-06
S1-RCS-0284,S1 FRTU,HUC05S-14
S1-RCS-0285,S1 FRTU,HUC02S-06
S1-RCS-0286,S1 FRTU,HUC02S-13
S1-RCS-0287,S1 FRTU,HUC02S-17
S1-RCS-0288,S1 FRTU,HUC03S-03
S1-RCS-0289,S1 FRTU,HUC03S-05
S1-RCS-0290,S1 FRTU,HUC03S-13
S1-RCS-0291,S1 FRTU,HUC03S-17
S1-RCS-0292,S1 FRTU,HUB03S-04
S1-RCS-0293,S1 FRTU,HUC03S-19
S1-RCS-0294,S1 FRTU,HUC04S-07
S1-RCS-0295,S1 FRTU,HUC04S-10
S1-RCS-0296,S1 FRTU,HUC04S-11
S1-RCS-0297,S1 FRTU,HUC04S-13
S1-RCS-0298,S1 FRTU,HUC05S-05
S1-RCS-0299,S1 FRTU,HUC05S-06
S1-RCS-0300,S1 FRTU,HUC05S-08
S1-RCS-0301,S1 FRTU,HUC05S-09
S1-RCS-0302,S1 FRTU,CAA08S-08
S1-RCS-0303,S1 FRTU,HUC09S-05
S1-RCS-0304,S1 FRTU,HUC05S-13
S1-RCS-0305,S1 FRTU,HUC09S-06
S1-RCS-0306,S1 FRTU,HUC05S-51
S1-RCS-0307,S1 FRTU,HUB04S-13
S1-RCS-0308,S1 FRTU,HUC05S-15
S1-RCS-0309,S1 FRTU,PNA07S-18
S1-RCS-0310,S1 FRTU,HUB05S-08
S1-RCS-0311,S1 FRTU,CAA04S-13
S1-RCS-0316,S1 FRTU,LSA07S-12
S1-RCS-0317,S1 FRTU,LSA01S-10
S1-RCS-0321,S1 FRTU,LSA02S-17
S1-RCS-0322,S1 FRTU,CPA04S-21
S1-RCS-0323,S1 FRTU,TSE10S-21
S1-RCS-0324,S1 FRTU,TSE06S-05
S1-RCS-0325,S1 FRTU,TSE06S-06
S1-RCS-0326,S1 FRTU,TSE06S-20
S1-RCS-0350,S1 FRTU,PNA10S-09
S1-RCS-0358,S1 FRTU,DNA05S-16
S1-RCS-0363,S1 FRTU,SSA04S-14
S1-RCS-0365,S1 FRTU,LSA07S-26
S1-RCS-0366,S1 FRTU,XPA01S-12
S1-RCS-0367,S1 FRTU,XPA02S-15
S1-RCS-0368,S1 FRTU,XPA02S-13
S1-RCS-0370,S1 FRTU,RNA01S-11
S1-RCS-0371,S1 FRTU,RNA04S-18
S1-RCS-0374,S1 FRTU,RBB08S-17
S1-RCS-0375,S1 FRTU,PBA06S-35
S1-RCS-0376,S1 FRTU,HUU03S-12
S1-RCS-0377,S1 FRTU,TSE05S-04
S1-RCS-0378,S1 FRTU,LSA03S-13
S1-RCS-0379,S1 FRTU,LSA09S-15
S1-RCS-0380,S1 FRTU,LSA10S-22
S1-RCS-0381,S1 FRTU,CPA08S-06
S1-RCS-0382,S1 FRTU,XPA04S-20
S1-RCS-0383,S1 FRTU,XPA01S-13
S1-RCS-0384,S1 FRTU,PTH04S-27
S1-RCS-0391,S1 FRTU,DNA06S-08
S1-RCS-0395,S1 FRTU,PTH06S-03
S1-RCS-0396,S1 FRTU,LSA08S-16
S1-RCS-0397,S1 FRTU,CBN03S-20
S1-RCS-0399,S1 FRTU,PTH01S-31
S1-RCS-0401,S1 FRTU,SSA05S-05
S1-RCS-0402,S1 FRTU,SSA10S-22
S1-RCS-0403,S1 FRTU,PTS07S-18
S1-RCS-0404,S1 FRTU,DNA06S-06
S1-RCS-0405,S1 FRTU,PTS05S-12
S1-RCS-0406,S1 FRTU,RBB07S-13
S1-RCS-0407,S1 FRTU,CBN10S-11
S1-RCS-0408,S1 FRTU,PTH04S-29
S1-RCS-0409,S1 FRTU,CPA10S-26
S1-RCS-0412,S1 FRTU,LSA01S-28
S1-RCS-0413,S1 FRTU,XPA04S-15
S1-RCS-0414,S1 FRTU,BSR02S-13
S1-RCS-0415,S1 FRTU,KDA03S-05
S1-RCS-0416,S1 FRTU,RNB08S-09
S1-RCS-0417,S1 FRTU,LSA02S-16
S1-RCS-0418,S1 FRTU,RNB04S-12
S1-RCS-0419,S1 FRTU,RNA06S-07
S1-RCS-0420,S1 FRTU,RBC03S-06
S1-RCS-0421,S1 FRTU,RBC03S-11
S1-RCS-0500,S1 FRTU,CAA03S-08
S1-RCS-0501,S1 FRTU,CAB06S-04
S1-RCS-0502,S1 FRTU,CAB06S-05
S1-RCS-0503,S1 FRTU,CAA09S-08
S1-RCS-0504,S1 FRTU,CAB09S-50
S1-RCS-0505,S1 FRTU,CAB09S-04
S1-RCS-0506,S1 FRTU,CAB10S-10
S1-RCS-0507,S1 FRTU,CBN03S-10
S1-RCS-0508,S1 FRTU,CBN10S-09
S1-RCS-0509,S1 FRTU,CBN04S-07
S1-RCS-0510,S1 FRTU,CBN04S-08
S1-RCS-0511,S1 FRTU,CBN10S-26
S1-RCS-0512,S1 FRTU,CBN04S-20
S1-RCS-0513,S1 FRTU,CBN03S-15
S1-RCS-0514,S1 FRTU,CBN09S-09
S1-RCS-0515,S1 FRTU,CPB09S-05
S1-RCS-0516,S1 FRTU,CPA01S-25
S1-RCS-0517,S1 FRTU,CAB02S-06
S1-RCS-0518,S1 FRTU,CAB07S-09
S1-RCS-0519,S1 FRTU,KUA04S-07
S1-RCS-0520,S1 FRTU,KUA07S-04
S1-RCS-0521,S1 FRTU,RBB08S-13
S1-RCS-0522,S1 FRTU,KHZ01S-08
S1-RCS-0523,S1 FRTU,KHY10S-04
S1-RCS-0524,S1 FRTU,PBA03S-21
S1-RCS-0525,S1 FRTU,PBA03S-17
S1-RCS-0526,S1 FRTU,PBA04S-19
S1-RCS-0527,S1 FRTU,PBA04S-07
S1-RCS-0528,S1 FRTU,PBA08S-10
S1-RCS-0529,S1 FRTU,PTR07S-14
S1-RCS-0530,S1 FRTU,PTR08S-08
S1-RCS-0531,S1 FRTU,PTR09S-05
S1-RCS-0532,S1 FRTU,PTS05S-09
S1-RCS-0533,S1 FRTU,PTR04S-11
S1-RCS-0534,S1 FRTU,PTR04S-10
S1-RCS-0535,S1 FRTU,PTR07S-06
S1-RCS-0536,S1 FRTU,PTR04S-15
S1-RCS-0537,S1 FRTU,PTR07S-04
S1-RCS-0538,S1 FRTU,PTR01S-07
S1-RCS-0539,S1 FRTU,PTR01S-10
S1-RCS-0540,S1 FRTU,PTR06S-05
S1-RCS-0541,S1 FRTU,PTR02S-10
S1-RCS-0542,S1 FRTU,PTS09S-08
S1-RCS-0543,S1 FRTU,PTS07S-13
S1-RCS-0544,S1 FRTU,PTS09S-20
S1-RCS-0545,S1 FRTU,PTS09S-12
S1-RCS-0546,S1 FRTU,PTS02S-06
S1-RCS-0547,S1 FRTU,PTS01S-06
S1-RCS-0548,S1 FRTU,PTS05S-11
S1-RCS-0549,S1 FRTU,KUA04S-06
S1-RCS-0550,S1 FRTU,KUA05S-12
S1-RCS-0551,S1 FRTU,KUA04S-08
S1-RCS-0552,S1 FRTU,KUA09S-06
S1-RCS-0553,S1 FRTU,CPA04S-10
S1-RCS-0554,S1 FRTU,CPA10S-21
S1-RCS-0555,S1 FRTU,XPA04S-22
S1-RCS-0556,S1 FRTU,BSP04S-15
S1-RCS-0557,S1 FRTU,BSP05S-15
S1-RCS-0558,S1 FRTU,BSP04S-09
S1-RCS-0559,S1 FRTU,BSR06S-06
S1-RCS-0560,S1 FRTU,BSR09S-10
S1-RCS-0561,S1 FRTU,BSR09S-06
S1-RCS-0562,S1 FRTU,BSP07S-10
S1-RCS-0563,S1 FRTU,BSP05S-11
S1-RCS-0564,S1 FRTU,BSP10S-06
S1-RCS-0565,S1 FRTU,BSP05S-08
S1-RCS-0566,S1 FRTU,BSP10S-14
S1-RCS-0567,S1 FRTU,BSR09S-14
S1-RCS-0568,S1 FRTU,BSR02S-10
S1-RCS-0569,S1 FRTU,BSR07S-18
S1-RCS-0570,S1 FRTU,BSR07S-20
S1-RCS-0571,S1 FRTU,BSR02S-21
S1-RCS-0572,S1 FRTU,BSR07S-11
S1-RCS-0573,S1 FRTU,CAB02S-04
S1-RCS-0574,S1 FRTU,CAA09S-10
S1-RCS-0575,S1 FRTU,CAA05S-07
S1-RCS-0576,S1 FRTU,CAB10S-22
S1-RCS-0577,S1 FRTU,CAB05S-16
S1-RCS-0578,S1 FRTU,CAC08S-04
S1-RCS-0579,S1 FRTU,CAC01S-04
S1-RCS-0580,S1 FRTU,CAB07S-04
S1-RCS-0581,S1 FRTU,CBN03S-08
S1-RCS-0582,S1 FRTU,CBN04S-17
S1-RCS-0583,S1 FRTU,CBN02S-04
S1-RCS-0584,S1 FRTU,XPA05S-09
S1-RCS-0585,S1 FRTU,XPA05S-10
S1-RCS-0586,S1 FRTU,XPA02S-08
S1-RCS-0587,S1 FRTU,XPA01S-05
S1-RCS-0588,S1 FRTU,XPA01S-03
S1-RCS-0589,S1 FRTU,TSE10S-08
S1-RCS-0590,S1 FRTU,TSE10S-06
S1-RCS-0591,S1 FRTU,TSE01S-07
S1-RCS-0592,S1 FRTU,CPB08S-09
S1-RCS-0593,S1 FRTU,CPB06S-04
S1-RCS-0594,S1 FRTU,CPB08S-05
S1-RCS-0595,S1 FRTU,CPB07S-18
S1-RCS-0596,S1 FRTU,CPB08S-15
S1-RCS-0597,S1 FRTU,TSE05S-17
S1-RCS-0598,S1 FRTU,CPA06S-38
S1-RCS-0599,S1 FRTU,CPA07S-13
S1-RCS-0600,S1 FRTU,CPA07S-09
S1-RCS-0601,S1 FRTU,CPB10S-27
S1-RCS-0602,S1 FRTU,CPA01S-34
S1-RCS-0603,S1 FRTU,CPA06S-34
S1-RCS-0604,S1 FRTU,CPA01S-28
S1-RCS-0605,S1 FRTU,CPA03S-04
S1-RCS-0606,S1 FRTU,CPB09S-08
S1-RCS-0607,S1 FRTU,CPA03S-06
S1-RCS-0608,S1 FRTU,CPA06S-10
S1-RCS-0609,S1 FRTU,CPB08S-10
S1-RCS-0610,S1 FRTU,DNA01S-13
S1-RCS-0611,S1 FRTU,DNA10S-15
S1-RCS-0612,S1 FRTU,DNA07S-04
S1-RCS-0613,S1 FRTU,DNA10S-14
S1-RCS-0614,S1 FRTU,DNA10S-05
S1-RCS-0615,S1 FRTU,DNA04S-04
S1-RCS-0616,S1 FRTU,DNA09S-03
S1-RCS-0617,S1 FRTU,DNA05S-04
S1-RCS-0618,S1 FRTU,DNA09S-04
S1-RCS-0619,S1 FRTU,DNA08S-03
S1-RCS-0620,S1 FRTU,DNA08S-05
S1-RCS-0621,S1 FRTU,CAB01S-10
S1-RCS-0622,S1 FRTU,CAB07S-11
S1-RCS-0623,S1 FRTU,HUB01S-19
S1-RCS-0624,S1 FRTU,HUB01S-04
S1-RCS-0625,S1 FRTU,HUU01S-03
S1-RCS-0626,S1 FRTU,HUB07S-07
S1-RCS-0627,S1 FRTU,HUB07S-04
S1-RCS-0628,S1 FRTU,HUB04S-03
S1-RCS-0629,S1 FRTU,HUB02S-08
S1-RCS-0630,S1 FRTU,HUB06S-10
S1-RCS-0631,S1 FRTU,PNA05S-16
S1-RCS-0632,S1 FRTU,BSP04S-21
S1-RCS-0633,S1 FRTU,BSR01S-12
S1-RCS-0634,S1 FRTU,BSR02S-24
S1-RCS-0635,S1 FRTU,KUA08S-04
S1-RCS-0636,S1 FRTU,KUA10S-05
S1-RCS-0637,S1 FRTU,KUA09S-04
S1-RCS-0638,S1 FRTU,KUA04S-04
S1-RCS-0639,S1 FRTU,KUA02S-07
S1-RCS-0640,S1 FRTU,LSA10S-15
S1-RCS-0641,S1 FRTU,LSA09S-20
S1-RCS-0642,S1 FRTU,LSA04S-11
S1-RCS-0643,S1 FRTU,LSA04S-07
S1-RCS-0644,S1 FRTU,LSA04S-13
S1-RCS-0645,S1 FRTU,LSA07S-17
S1-RCS-0646,S1 FRTU,LSA07S-11
S1-RCS-0647,S1 FRTU,LSA08S-03
S1-RCS-0648,S1 FRTU,LSA02S-06
S1-RCS-0649,S1 FRTU,LSA01S-09
S1-RCS-0650,S1 FRTU,LSA08S-04
S1-RCS-0651,S1 FRTU,LSA01S-07
S1-RCS-0652,S1 FRTU,LSA02S-04
S1-RCS-0653,S1 FRTU,LSA06S-04
S1-RCS-0654,S1 FRTU,LSA06S-11
S1-RCS-0655,S1 FRTU,LSA03S-04
S1-RCS-0656,S1 FRTU,LSA10S-08
S1-RCS-0657,S1 FRTU,LSA04S-10
S1-RCS-0658,S1 FRTU,LSA10S-09
S1-RCS-0659,S1 FRTU,PNA07S-14
S1-RCS-0660,S1 FRTU,PTH04S-34
S1-RCS-0661,S1 FRTU,CBN08S-08
S1-RCS-0662,S1 FRTU,DNA05S-20
S1-RCS-0663,S1 FRTU,DNA05S-14
S1-RCS-0664,S1 FRTU,DNA09S-16
S1-RCS-0665,S1 FRTU,RBB09S-08
S1-RCS-0666,S1 FRTU,PTH04S-31
S1-RCS-0667,S1 FRTU,DNA05S-10
S1-RCS-0668,S1 FRTU,PTH06S-07
S1-RCS-0669,S1 FRTU,RBB08S-14
S1-RCS-0670,S1 FRTU,KHZ03S-20
S1-RCS-0671,S1 FRTU,DNA04S-09
S1-RCS-0672,S1 FRTU,DNA04S-15
S1-RCS-0673,S1 FRTU,RBB08S-15
S1-RCS-0674,S1 FRTU,PTH06S-14
S1-RCS-0675,S1 FRTU,SSA03S-19
S1-RCS-0676,S1 FRTU,SSA03S-17
S1-RCS-0677,S1 FRTU,SSA03S-15
S1-RCS-0678,S1 FRTU,PTH03S-19
S1-RCS-0679,S1 FRTU,PTH03S-06
S1-RCS-0680,S1 FRTU,PTH05S-05
S1-RCS-0681,S1 FRTU,PTH01S-17
S1-RCS-0682,S1 FRTU,PTH04S-33
S1-RCS-0683,S1 FRTU,KHY06S-12
S1-RCS-0684,S1 FRTU,KHY02S-08
S1-RCS-0685,S1 FRTU,KHY01S-17
S1-RCS-0686,S1 FRTU,PBA07S-30
S1-RCS-0687,S1 FRTU,PBA07S-28
S1-RCS-0688,S1 FRTU,PBA05S-15
S1-RCS-0689,S1 FRTU,KHY06S-13
S1-RCS-0690,S1 FRTU,PBB05S-08
S1-RCS-0691,S1 FRTU,PBA06S-12
S1-RCS-0692,S1 FRTU,PBA10S-13
S1-RCS-0693,S1 FRTU,PBA01S-16
S1-RCS-0694,S1 FRTU,PBB01S-12
S1-RCS-0695,S1 FRTU,PBA04S-13
S1-RCS-0696,S1 FRTU,PBA02S-12
S1-RCS-0697,S1 FRTU,PBA08S-12
S1-RCS-0698,S1 FRTU,PBA06S-14
S1-RCS-0699,S1 FRTU,DNA02S-14
S1-RCS-0700,S1 FRTU,PTR09S-04
S1-RCS-0701,S1 FRTU,DNA06S-07
S1-RCS-0702,S1 FRTU,DNA01S-18
S1-RCS-0703,S1 FRTU,DNA02S-15
S1-RCS-0704,S1 FRTU,PTR02S-13
S1-RCS-0705,S1 FRTU,CBN01S-11
S1-RCS-0706,S1 FRTU,PDA04S-05
S1-RCS-0707,S1 FRTU,PDA03S-04
S1-RCS-0708,S1 FRTU,PDA09S-09
S1-RCS-0709,S1 FRTU,PDA03S-12
S1-RCS-0710,S1 FRTU,PDA08S-09
S1-RCS-0711,S1 FRTU,PDA05S-06
S1-RCS-0712,S1 FRTU,PDA07S-12
S1-RCS-0713,S1 FRTU,PDA04S-12
S1-RCS-0714,S1 FRTU,PNA03S-15
S1-RCS-0715,S1 FRTU,PNA07S-15
S1-RCS-0716,S1 FRTU,PNA07S-05
S1-RCS-0717,S1 FRTU,PNA08S-21
S1-RCS-0718,S1 FRTU,PNA08S-06
S1-RCS-0719,S1 FRTU,PNA07S-08
S1-RCS-0720,S1 FRTU,PNA05S-05
S1-RCS-0721,S1 FRTU,RNA03S-07
S1-RCS-0722,S1 FRTU,RNA01S-06
S1-RCS-0723,S1 FRTU,RNA04S-16
S1-RCS-0724,S1 FRTU,RNA03S-08
S1-RCS-0725,S1 FRTU,RNB05S-05
S1-RCS-0726,S1 FRTU,RNB05S-04
S1-RCS-0727,S1 FRTU,RNB01S-06
S1-RCS-0728,S1 FRTU,RNB10S-08
S1-RCS-0729,S1 FRTU,RNB05S-21
S1-RCS-0730,S1 FRTU,RNB08S-05
S1-RCS-0731,S1 FRTU,RNB06S-08
S1-RCS-0732,S1 FRTU,RNB01S-08
S1-RCS-0733,S1 FRTU,RNB06S-06
S1-RCS-0734,S1 FRTU,RNB02S-09
S1-RCS-0735,S1 FRTU,RNB06S-14
S1-RCS-0736,S1 FRTU,RNB06S-10
S1-RCS-0737,S1 FRTU,RNB06S-17
S1-RCS-0738,S1 FRTU,RNB01S-12
S1-RCS-0739,S1 FRTU,RNB03S-15
S1-RCS-0740,S1 FRTU,RNB03S-19
S1-RCS-0741,S1 FRTU,RNB07S-22
S1-RCS-0742,S1 FRTU,RNA06S-09
S1-RCS-0743,S1 FRTU,RBC04S-13
S1-RCS-0744,S1 FRTU,CBN01S-13
S1-RCS-0745,S1 FRTU,RBC02S-14
S1-RCS-0746,S1 FRTU,RBB02S-10
S1-RCS-0747,S1 FRTU,RBB03S-08
S1-RCS-0748,S1 FRTU,RBA01S-06
S1-RCS-0749,S1 FRTU,RBA08S-12
S1-RCS-0750,S1 FRTU,RBA01S-08
S1-RCS-0751,S1 FRTU,RBA09S-09
S1-RCS-0752,S1 FRTU,RBB09S-25
S1-RCS-0753,S1 FRTU,RBB01S-13
S1-RCS-0754,S1 FRTU,RBC05S-10
S1-RCS-0755,S1 FRTU,RBB01S-14
S1-RCS-0756,S1 FRTU,RBC05S-16
S1-RCS-0757,S1 FRTU,RBB05S-09
S1-RCS-0758,S1 FRTU,DNA05S-21
S1-RCS-0759,S1 FRTU,DNA05S-18
S1-RCS-0760,S1 FRTU,RBB05S-08
S1-RCS-0761,S1 FRTU,KUA05S-14
S1-RCS-0762,S1 FRTU,KUA09S-13
S1-RCS-0763,S1 FRTU,SSA04S-04
S1-RCS-0764,S1 FRTU,SSA04S-06
S1-RCS-0765,S1 FRTU,SSA03S-05
S1-RCS-0766,S1 FRTU,SSA04S-15
S1-RCS-0767,S1 FRTU,SSA04S-16
S1-RCS-0768,S1 FRTU,SSA10S-18
S1-RCS-0769,S1 FRTU,CPA09S-23
S1-RCS-0770,S1 FRTU,CPA04S-17
S1-RCS-0771,S1 FRTU,CPA09S-24
S1-RCS-0772,S1 FRTU,CPA10S-30
S1-RCS-0773,S1 FRTU,CPA10S-31
S1-RCS-0774,S1 FRTU,LSA08S-14
S1-RCS-0775,S1 FRTU,LSA08S-20
S1-RCS-0776,S1 FRTU,LSA01S-23
S1-RCS-0777,S1 FRTU,LSA01S-21
S1-RCS-0778,S1 FRTU,LSA07S-22
S1-RCS-0779,S1 FRTU,LSA08S-07
S1-RCS-0780,S1 FRTU,LSA02S-07
S1-RCS-0781,S1 FRTU,TSE02S-07
S1-RCS-0782,S1 FRTU,TSE06S-03
S1-RCS-0783,S1 FRTU,TSE07S-07
S1-RCS-0784,S1 FRTU,TSE04S-05
S1-RCS-0785,S1 FRTU,TSE04S-06
S1-RCS-0786,S1 FRTU,TSE04S-12
S1-RCS-0787,S1 FRTU,TSE09S-03
S1-RCS-0788,S1 FRTU,TSE09S-04
S1-RCS-0789,S1 FRTU,KHY06S-11
S1-RCS-0790,S1 FRTU,PBA06S-20
S1-RCS-0791,S1 FRTU,PBA06S-28
S1-RCS-0792,S1 FRTU,BSP01S-16
S1-RCS-0793,S1 FRTU,BSP01S-18
S1-RCS-0794,S1 FRTU,BSP01S-12
S1-RCS-0795,S1 FRTU,BSP05S-12
S1-RCS-0796,S1 FRTU,QTA05S-06
S1-RCS-0797,S1 FRTU,RNB05S-18
S1-RCS-0798,S1 FRTU,CBN08S-30
S1-RCS-0799,S1 FRTU,CPB10S-28
S1-RCS-0800,S1 FRTU,PTR03S-14
S1-RCS-0801,S1 FRTU,PTR06S-10
S1-RCS-0802,S1 FRTU,PTR05S-15
S1-RCS-0803,S1 FRTU,PTR04S-07
S1-RCS-0804,S1 FRTU,PTR10S-11
S1-RCS-0805,S1 FRTU,PTR02S-17
S1-RCS-0806,S1 FRTU,PTR04S-06
S1-RCS-0807,S1 FRTU,PTS01S-12
S1-RCS-0808,S1 FRTU,RBB03S-16
S1-RCS-0809,S1 FRTU,PTS09S-15
S1-RCS-0810,S1 FRTU,PTS02S-15
S1-RCS-0811,S1 FRTU,PTS01S-09
S1-RCS-0812,S1 FRTU,KHZ02S-04
S1-RCS-0813,S1 FRTU,KHZ07S-03
S1-RCS-0814,S1 FRTU,KHY04S-04
S1-RCS-0815,S1 FRTU,KHY09S-04
S1-RCS-0816,S1 FRTU,KHY06S-06
S1-RCS-0817,S1 FRTU,DNA03S-07
S1-RCS-0818,S1 FRTU,KHY01S-08
S1-RCS-0819,S1 FRTU,RBB08S-10
S1-RCS-0820,S1 FRTU,KHZ09S-13
S1-RCS-0821,S1 FRTU,RBB04S-11
S1-RCS-0822,S1 FRTU,KHZ10S-07
S1-RCS-0823,S1 FRTU,PTH01S-09
S1-RCS-0824,S1 FRTU,PTH04S-05
S1-RCS-0825,S1 FRTU,PTH09S-16
S1-RCS-0826,S1 FRTU,KHZ10S-06
S1-RCS-0827,S1 FRTU,KHZ01S-16
S1-RCS-0828,S1 FRTU,RBA07S-06
S1-RCS-0829,S1 FRTU,RBC04S-15
S1-RCS-0830,S1 FRTU,RBB08S-18
S1-RCS-0831,S1 FRTU,RBB03S-22
S1-RCS-0832,S1 FRTU,RBC04S-05
S1-RCS-0833,S1 FRTU,RBC10S-06
S1-RCS-0834,S1 FRTU,HUB02S-14
S1-RCS-0835,S1 FRTU,RBB03S-07
S1-RCS-0836,S1 FRTU,PTH07S-08
S1-RCS-0837,S1 FRTU,RBC04S-08
S1-RCS-0838,S1 FRTU,RBB04S-22
S1-RCS-0839,S1 FRTU,RBB01S-08
S1-RCS-0840,S1 FRTU,RBB05S-05
S1-RCS-0841,S1 FRTU,RBB06S-08
S1-RCS-0842,S1 FRTU,XPA05S-25
S1-RCS-0843,S1 FRTU,CBN09S-13
S1-RCS-0844,S1 FRTU,CBN10S-23
S1-RCS-0845,S1 FRTU,CBN02S-10
S1-RCS-0846,S1 FRTU,CBN08S-04
S1-RCS-0847,S1 FRTU,CBN08S-03
S1-RCS-0848,S1 FRTU,XPA05S-21
S1-RCS-0849,S1 FRTU,XPA04S-08
S1-RCS-0850,S1 FRTU,DNA08S-11
S1-RCS-0851,S1 FRTU,DNA01S-03
S1-RCS-0852,S1 FRTU,DNA08S-07
S1-RCS-0853,S1 FRTU,SSA07S-07
S1-RCS-0854,S1 FRTU,SSA08S-05
S1-RCS-0855,S1 FRTU,SSA01S-04
S1-RCS-0856,S1 FRTU,SSA10S-04
S1-RCS-0857,S1 FRTU,PBA03S-13
S1-RCS-0858,S1 FRTU,PBA01S-11
S1-RCS-0859,S1 FRTU,KHY01S-04
S1-RCS-0860,S1 FRTU,PBB01S-10
S1-RCS-0861,S1 FRTU,PBA07S-10
S1-RCS-0862,S1 FRTU,PBA04S-08
S1-RCS-0863,S1 FRTU,PBA07S-17
S1-RCS-0864,S1 FRTU,KHY08S-11
S1-RCS-0865,S1 FRTU,KHY02S-04
S1-RCS-0866,S1 FRTU,PBA11S-14
S1-RCS-0867,S1 FRTU,PBB05S-19
S1-RCS-0868,S1 FRTU,PBA05S-17
S1-RCS-0869,S1 FRTU,PBA02S-20
S1-RCS-0870,S1 FRTU,PBB04S-03
S1-RCS-0871,S1 FRTU,PBA11S-28
S1-RCS-0872,S1 FRTU,PBA09S-11
S1-RCS-0873,S1 FRTU,PBA02S-08
S1-RCS-0874,S1 FRTU,PBA06S-11
S1-RCS-0875,S1 FRTU,PBA03S-19
S1-RCS-0876,S1 FRTU,KDA03S-07
S1-RCS-0877,S1 FRTU,KDA01S-10
S1-RCS-0878,S1 FRTU,KDA02S-17
S1-RCS-0879,S1 FRTU,KDA02S-18
S1-RCS-0880,S1 FRTU,KDA02S-14
S1-RCS-0881,S1 FRTU,PBA10S-32
S1-RCS-0882,S1 FRTU,PBA10S-30
S1-RCS-0883,S1 FRTU,HUB01S-18
S1-RCS-0884,S1 FRTU,KDA02S-06
S1-RCS-0885,S1 FRTU,CAB09S-16
S1-RCS-0886,S1 FRTU,CAB05S-17
S1-RCS-0887,S1 FRTU,CAB10S-21
S1-RCS-0888,S1 FRTU,PBA03S-05
S1-RCS-0889,S1 FRTU,CAB03S-15
S1-RCS-0890,S1 FRTU,CAA05S-10
S1-RCS-0891,S1 FRTU,CAB03S-07
S1-RCS-0892,S1 FRTU,CAB09S-05
S1-RCS-0893,S1 FRTU,CAB06S-03
S1-RCS-0894,S1 FRTU,HUC06S-05
S1-RCS-0895,S1 FRTU,HUC05S-50
S1-RCS-0896,S1 FRTU,PNA09S-05
S1-RCS-0897,S1 FRTU,PNA10S-12
S1-RCS-0898,S1 FRTU,PNA07S-04
S1-RCS-0899,S1 FRTU,PNA10S-11
S1-RCS-0900,S1 FRTU,PNA04S-07
S1-RCS-0901,S1 FRTU,PNA03S-03
S1-RCS-0902,S1 FRTU,PNA02S-12
S1-RCS-0903,S1 FRTU,KUA09S-16
S1-RCS-0904,S1 FRTU,PBB01S-16
S1-RCS-0905,S1 FRTU,KUA08S-03
S1-RCS-0906,S1 FRTU,KUA01S-05
S1-RCS-0907,S1 FRTU,KUA10S-09
S1-RCS-0908,S1 FRTU,PDA05S-08
S1-RCS-0909,S1 FRTU,PDA09S-17
S1-RCS-0910,S1 FRTU,PDA05S-22
S1-RCS-0911,S1 FRTU,PBA04S-24
S1-RCS-0912,S1 FRTU,PDA03S-10
S1-RCS-0913,S1 FRTU,PDA05S-11
S1-RCS-0914,S1 FRTU,PDA08S-11
S1-RCS-0915,S1 FRTU,BSP06S-08
S1-RCS-0916,S1 FRTU,BSP02S-13
S1-RCS-0917,S1 FRTU,BSP07S-23
S1-RCS-0918,S1 FRTU,BSP02S-08
S1-RCS-0919,S1 FRTU,BSR10S-10
S1-RCS-0920,S1 FRTU,BSR03S-10
S1-RCS-0921,S1 FRTU,BSR02S-22
S1-RCS-0922,S1 FRTU,QTA09S-08
S1-RCS-0923,S1 FRTU,PBA10S-18
S1-RCS-0924,S1 FRTU,TSE10S-15
S1-RCS-0925,S1 FRTU,TSE05S-15
S1-RCS-0926,S1 FRTU,QTA02S-04
S1-RCS-0927,S1 FRTU,TSE01S-04
S1-RCS-0928,S1 FRTU,TSE01S-05
S1-RCS-0929,S1 FRTU,TSE04S-07
S1-RCS-0930,S1 FRTU,TSE09S-05
S1-RCS-0931,S1 FRTU,TSE09S-07
S1-RCS-0932,S1 FRTU,TSE10S-05
S1-RCS-0933,S1 FRTU,TSE05S-03
S1-RCS-0934,S1 FRTU,TSE08S-15
S1-RCS-0935,S1 FRTU,CPA06S-36
S1-RCS-0936,S1 FRTU,CPA01S-09
S1-RCS-0937,S1 FRTU,CPA01S-07
S1-RCS-0938,S1 FRTU,CPA08S-12
S1-RCS-0939,S1 FRTU,CPA02S-07
S1-RCS-0940,S1 FRTU,CPA04S-06
S1-RCS-0941,S1 FRTU,CPA05S-06
S1-RCS-0942,S1 FRTU,CPA09S-22
S1-RCS-0943,S1 FRTU,CPB07S-08
S1-RCS-0944,S1 FRTU,CPB10S-25
S1-RCS-0945,S1 FRTU,CPB07S-03
S1-RCS-0946,S1 FRTU,CPA01S-12
S1-RCS-0947,S1 FRTU,CPB07S-16
S1-RCS-0948,S1 FRTU,CPA09S-26
S1-RCS-0949,S1 FRTU,LSA02S-09
S1-RCS-0950,S1 FRTU,LSA04S-06
S1-RCS-0951,S1 FRTU,LAS10S-03
S1-RCS-0952,S1 FRTU,LAS09S-03
S1-RCS-0953,S1 FRTU,LSA03S-03
S1-RCS-0954,S1 FRTU,LSA05S-33
S1-RCS-0955,S1 FRTU,RNA04S-12
S1-RCS-0956,S1 FRTU,RNB08S-08
S1-RCS-0957,S1 FRTU,RNB08S-06
S1-RCS-0958,S1 FRTU,PBA10S-25
S1-RCS-0959,S1 FRTU,RNB07S-10
S1-RCS-0960,S1 FRTU,RNB05S-09
S1-RCS-0961,S1 FRTU,RNB06S-12
S1-RCS-0962,S1 FRTU,RNA06S-14
S1-RCS-0963,S1 FRTU,RNB10S-06
S1-RCS-0964,S1 FRTU,RNB07S-14
S1-RCS-0965,S1 FRTU,RNA05S-24
S1-RCS-0966,S1 FRTU,RNA03S-25
S1-RCS-0967,S1 FRTU,RNA05S-22
S1-RCS-0968,S1 FRTU,RNB04S-13
S1-RCS-0969,S1 FRTU,CBN02S-12
S1-RCS-0970,S1 FRTU,SSA04S-03
S1-RCS-0971,S1 FRTU,XPA04S-06
S1-RCS-0972,S1 FRTU,XPA05S-11
S1-RCS-0973,S1 FRTU,PTH04S-12
S1-RCS-0974,S1 FRTU,PTH09S-08
S1-RCS-0975,S1 FRTU,PTH04S-24
S1-RCS-0976,S1 FRTU,PBA02S-25
S1-RCS-0977,S1 FRTU,PBA07S-31
S1-RCS-0978,S1 FRTU,PBA05S-06
S1-RCS-0979,S1 FRTU,KHZ04S-16
S1-RCS-0980,S1 FRTU,XPA10S-08
S1-RCS-0981,S1 FRTU,DNA06S-13
S1-RCS-0982,S1 FRTU,DNA05S-25
S1-RCS-0983,S1 FRTU,DNA08S-09
S1-RCS-0984,S1 FRTU,DNA05S-32
S1-RCS-0985,S1 FRTU,DNA05S-31
S1-RCS-0986,S1 FRTU,DNA04S-05
S1-RCS-0987,S1 FRTU,DNA01S-19
S1-RCS-0988,S1 FRTU,DNA01S-04
S1-RCS-0989,S1 FRTU,DNA06S-21
S1-RCS-0990,S1 FRTU,DNA02S-23
S1-RCS-0991,S1 FRTU,DNA02S-22
S1-RCS-0992,S1 FRTU,PBA01S-15
S1-RCS-0993,S1 FRTU,PBA05S-08
S1-RCS-0994,S1 FRTU,PBA11S-30
S1-RCS-0995,S1 FRTU,PBA11S-07
S1-RCS-0996,S1 FRTU,PBA02S-31
S1-RCS-0997,S1 FRTU,PBA02S-29
S1-RCS-0998,S1 FRTU,SSA09S-15
S1-RCS-0999,S1 FRTU,SSA09S-21
S1-RCS-1000,S1 FRTU,RBB09S-29
S1-RCS-1001,S1 FRTU,PTH04S-04
S1-RCS-1002,S1 FRTU,PTR03S-20
S1-RCS-1003,S1 FRTU,KHY05S-07
S1-RCS-1004,S1 FRTU,KHY02S-16
S1-RCS-1005,S1 FRTU,CBN03S-17
S1-RCS-1006,S1 FRTU,CBN03S-23
S1-RCS-1007,S1 FRTU,PBB05S-22
S1-RCS-1008,S1 FRTU,PBB01S-14
S1-RCS-1009,S1 FRTU,DNA04S-20
S1-RCS-1010,S1 FRTU,PTH10S-10
S1-RCS-1011,S1 FRTU,PTH10S-08
S1-RCS-1012,S1 FRTU,PTH03S-08
S1-RCS-1013,S1 FRTU,HUC03S-12
S1-RCS-1014,S1 FRTU,PNA06S-20
S1-RCS-1015,S1 FRTU,CPB10S-05
S1-RCS-1016,S1 FRTU,CPB09S-07
S1-RCS-1017,S1 FRTU,KUA07S-15
S1-RCS-1018,S1 FRTU,LSA10S-05
S1-RCS-1019,S1 FRTU,XPA05S-32
S1-RCS-1020,S1 FRTU,HUB08S-09
S1-RCS-1021,S1 FRTU,HUC08S-06
S1-RCS-1022,S1 FRTU,HUC08S-10
S1-RCS-1023,S1 FRTU,HUC05S-16
S1-RCS-1024,S1 FRTU,CPA07S-11
S1-RCS-1025,S1 FRTU,CPA09S-28
S1-RCS-1026,S1 FRTU,CAB08S-10
S1-RCS-1027,S1 FRTU,PTH09S-19
S1-RCS-1028,S1 FRTU,PTH06S-04
S1-RCS-1029,S1 FRTU,DNA04S-13
S1-RCS-1030,S1 FRTU,BSP07S-07
S1-RCS-1031,S1 FRTU,PDA08S-05
S1-RCS-1032,S1 FRTU,PBB03S-08
S1-RCS-1033,S1 FRTU,PDA10S-06
S1-RCS-1034,S1 FRTU,HUB08S-03
S1-RCS-1035,S1 FRTU,PBA02S-11
S1-RCS-1036,S1 FRTU,CBN02S-09
S1-RCS-1037,S1 FRTU,PBA11S-10
S1-RCS-1038,S1 FRTU,PTR02S-18
S1-RCS-1039,S1 FRTU,PBB03S-06
S1-RCS-1040,S1 FRTU,PTR09S-11
S1-RCS-1041,S1 FRTU,PTR02S-05
S1-RCS-1042,S1 FRTU,PTR09S-09
S1-RCS-1043,S1 FRTU,PBA04S-11
S1-RCS-1044,S1 FRTU,PBA10S-16
S1-RCS-1045,S1 FRTU,XPA01S-08
S1-RCS-1046,S1 FRTU,PTR03S-10
S1-RCS-1047,S1 FRTU,PTR03S-04
S1-RCS-1048,S1 FRTU,PTR04S-08
S1-RCS-1049,S1 FRTU,PTR07S-10
S1-RCS-1050,S1 FRTU,PTR09S-12
S1-RCS-1051,S1 FRTU,PTR09S-13
S1-RCS-1052,S1 FRTU,BNP05S-18
S1-RCS-1053,S1 FRTU,DNA02S-18
S1-RCS-1054,S1 FRTU,DNA07S-12
S1-RCS-1055,S1 FRTU,DNA02S-20
S1-RCS-1056,S1 FRTU,DNA07S-16
S1-RCS-1057,S1 FRTU,DNA10S-12
S1-RCS-1058,S1 FRTU,CAA03S-15
S1-RCS-1059,S1 FRTU,CAA07S-06
S1-RCS-1060,S1 FRTU,CAB01S-07
S1-RCS-1061,S1 FRTU,CAB05S-19
S1-RCS-1062,S1 FRTU,CAC04S-03
S1-RCS-1063,S1 FRTU,CAC06S-04
S1-RCS-1064,S1 FRTU,CPA02S-10
S1-RCS-1065,S1 FRTU,CPA06S-35
S1-RCS-1066,S1 FRTU,CPA08S-14
S1-RCS-1067,S1 FRTU,CPA08S-16
S1-RCS-1068,S1 FRTU,CPA10S-18
S1-RCS-1069,S1 FRTU,CPB10S-12
S1-RCS-1070,S1 FRTU,CPB08S-14
S1-RCS-1071,S1 FRTU,PDA07S-04
S1-RCS-1072,S1 FRTU,KUA04S-22
S1-RCS-1073,S1 FRTU,KUA10S-12
S1-RCS-1074,S1 FRTU,PBB03S-09
S1-RCS-1075,S1 FRTU,BSP02S-03
S1-RCS-1076,S1 FRTU,BSP04S-05
S1-RCS-1077,S1 FRTU,BSP09S-04
S1-RCS-1078,S1 FRTU,BSP10S-22
S1-RCS-1079,S1 FRTU,BSR05S-05
S1-RCS-1080,S1 FRTU,BSR06S-14
S1-RCS-1081,S1 FRTU,PBA06S-16
S1-RCS-1082,S1 FRTU,KUA04S-12
S1-RCS-1083,S1 FRTU,KUA09S-10
S1-RCS-1084,S1 FRTU,LSA01S-19
S1-RCS-1085,S1 FRTU,LSA10S-21
S1-RCS-1086,S1 FRTU,LSA02S-05
S1-RCS-1087,S1 FRTU,RNA03S-12
S1-RCS-1088,S1 FRTU,LSA08S-17
S1-RCS-1089,S1 FRTU,RNA07S-06
S1-RCS-1090,S1 FRTU,LSA08S-19
S1-RCS-1091,S1 FRTU,LSA08S-21
S1-RCS-1092,S1 FRTU,PBA02S-26
S1-RCS-1093,S1 FRTU,LSA08S-22
S1-RCS-1094,S1 FRTU,HUB05S-24
S1-RCS-1095,S1 FRTU,RNB03S-09
S1-RCS-1096,S1 FRTU,RNB07S-18
S1-RCS-1097,S1 FRTU,RNB09S-04
S1-RCS-1098,S1 FRTU,RNB04S-20
S1-RCS-1099,S1 FRTU,RNA03S-24
S1-RCS-1100,S1 FRTU,RNA05S-23
S1-RCS-1101,S1 FRTU,PBA04S-10
S1-RCS-1102,S1 FRTU,PBB02S-12
S1-RCS-1103,S1 FRTU,PBA09S-13
S1-RCS-1104,S1 FRTU,PBB04S-14
S1-RCS-1105,S1 FRTU,PBA01S-05
S1-RCS-1106,S1 FRTU,PBB04S-10
S1-RCS-1107,S1 FRTU,PBA10S-26
S1-RCS-1108,S1 FRTU,TSE01S-10
S1-RCS-1109,S1 FRTU,PBA05S-24
S1-RCS-1110,S1 FRTU,PBB01S-07
S1-RCS-1111,S1 FRTU,PBB05S-03
S1-RCS-3300,S1 FRTU,BPC07S-03
S1-RCS-3301,S1 FRTU,BPC04S-07
S1-RCS-3302,S1 FRTU,BPC10S-02
S1-RCS-3303,S1 FRTU,BPC05S-03
S1-RCS-3304,S1 FRTU,BPB04S-06
S1-RCS-3305,S1 FRTU,BPA04S-13
S1-RCS-3306,S1 FRTU,BPA02S-13
S1-RCS-3307,S1 FRTU,BPB09S-06
S1-RCS-3308,S1 FRTU,BPB07S-07
S1-RCS-3309,S1 FRTU,TMK10S-07
S1-RCS-3310,S1 FRTU,BPB03S-06
S1-RCS-3311,S1 FRTU,TMK09S-11
S1-RCS-3312,S1 FRTU,BPC04S-08
S1-RCS-3313,S1 FRTU,BPB07S-08
S1-RCS-3314,S1 FRTU,BPA02S-05
S1-RCS-3315,S1 FRTU,NOM05S-04
S1-RCS-3316,S1 FRTU,BPB12S-03
S1-RCS-3317,S1 FRTU,BPB08S-09
S1-RCS-3318,S1 FRTU,BPB11S-22
S1-RCS-3319,S1 FRTU,BPB11S-10
S1-RCS-3320,S1 FRTU,BPC02S-04
S1-RCS-3321,S1 FRTU,BPB04S-04
S1-RCS-3322,S1 FRTU,NOM01S-06
S1-RCS-3323,S1 FRTU,BPB09S-14
S1-RCS-3324,S1 FRTU,BPB01S-03
S1-RCS-3325,S1 FRTU,NOM04S-03
S1-RCS-3326,S1 FRTU,NOM02S-03
S1-RCS-3327,S1 FRTU,BPB05S-04
S1-RCS-3328,S1 FRTU,BPB11S-02
S1-RCS-3329,S1 FRTU,BPB02S-06
S1-RCS-3330,S1 FRTU,BPB10S-05
S1-RCS-3331,S1 FRTU,BPB09S-09
S1-RCS-3332,S1 FRTU,BPB05S-12
S1-RCS-3333,S1 FRTU,BPA04S-09
S1-RCS-3334,S1 FRTU,BPC09S-02
S1-RCS-3335,S1 FRTU,BPA01S-03
S1-RCS-3337,S1 FRTU,NOM02S-14
S1-RCS-3338,S1 FRTU,NOM03S-03
S1-RCS-3339,S1 FRTU,NOM02S-06
S1-REC-0001,S1 FRTU,CAB01R-01
S1-REC-0003,S1 FRTU,BSR02R-01
S1-REC-0004,S1 FRTU,BSR02R-02
S1-REC-0005,S1 FRTU,BSP04R-03
S1-REC-0006,S1 FRTU,BSR02R-05
S1-REC-0007,S1 FRTU,CAB09R-01
S1-REC-0011,S1 FRTU,CPA06R-03
S1-REC-0012,S1 FRTU,CPA02R-01
S1-REC-0015,S1 FRTU,DNA07R-01
S1-REC-0016,S1 FRTU,DNA09R-01
S1-REC-0017,S1 FRTU,KDA01R-02
S1-REC-0020,S1 FRTU,KHY02R-01
S1-REC-0021,S1 FRTU,LSA06R-01
S1-REC-0022,S1 FRTU,LSA04R-01
S1-REC-0023,S1 FRTU,LSA09R-01
S1-REC-0024,S1 FRTU,LSA10R-01
S1-REC-0025,S1 FRTU,LSA01R-01
S1-REC-0026,S1 FRTU,LSA09R-05
S1-REC-0027,S1 FRTU,LSA05R-01
S1-REC-0028,S1 FRTU,PBA01R-01
S1-REC-0029,S1 FRTU,PBA11R-02
S1-REC-0030,S1 FRTU,PBA11R-01
S1-REC-0031,S1 FRTU,PBB04R-02
S1-REC-0032,S1 FRTU,PBB01R-01
S1-REC-0033,S1 FRTU,PBB01R-02
S1-REC-0036,S1 FRTU,PDA10R-01
S1-REC-0037,S1 FRTU,KUA10R-01
S1-REC-0038,S1 FRTU,PNA10R-01
S1-REC-0039,S1 FRTU,PTH01R-01
S1-REC-0040,S1 FRTU,PTR01R-02
S1-REC-0041,S1 FRTU,PTS02R-01
S1-REC-0042,S1 FRTU,PTS07R-01
S1-REC-0044,S1 FRTU,RBB09R-01
S1-REC-0045,S1 FRTU,CBN05R-04
S1-REC-0046,S1 FRTU,RBC03R-01
S1-REC-0047,S1 FRTU,CBN05R-01
S1-REC-0048,S1 FRTU,RBB05R-01
S1-REC-0049,S1 FRTU,CBN06R-01
S1-REC-0050,S1 FRTU,XPA04R-01
S1-REC-0051,S1 FRTU,CPA10R-02
S1-REC-0052,S1 FRTU,RNA03R-01
S1-REC-0053,S1 FRTU,CPA10R-05
S1-REC-0054,S1 FRTU,RNA04R-01
S1-REC-0055,S1 FRTU,RNA05R-02
S1-REC-0056,S1 FRTU,CPA08R-05
S1-REC-0057,S1 FRTU,RNB05R-02
S1-REC-0058,S1 FRTU,PTS09R-01
S1-REC-0059,S1 FRTU,RNB10R-01
S1-REC-0060,S1 FRTU,SSA10R-01
S1-REC-0061,S1 FRTU,PTH09R-01
S1-REC-0062,S1 FRTU,DNA01R-01
S1-REC-0063,S1 FRTU,DNA08R-02
S1-REC-0064,S1 FRTU,DNA01R-02
S1-REC-0065,S1 FRTU,DNA06R-01
S1-REC-0066,S1 FRTU,RBB09R-04
S1-REC-0067,S1 FRTU,RBB04R-02
S1-REC-0068,S1 FRTU,RBC04R-02
S1-REC-0069,S1 FRTU,RBB04R-01
S1-REC-0070,S1 FRTU,RBB07R-01
S1-REC-0071,S1 FRTU,PTS05R-01
S1-REC-0076,S1 FRTU,CBN02R-02
S1-REC-0077,S1 FRTU,DNA08R-01
S1-REC-0078,S1 FRTU,PTH04R-01
S1-REC-0079,S1 FRTU,PBA07R-01
S1-REC-0081,S1 FRTU,KDA01R-04
S1-REC-0082,S1 FRTU,PBA06R-01
S1-REC-0083,S1 FRTU,KDA02R-01
S1-REC-0085,S1 FRTU,CAB07R-01
S1-REC-0086,S1 FRTU,KUA04R-01
S1-REC-0087,S1 FRTU,PDA04R-01
S1-REC-0089,S1 FRTU,BSP07R-01
S1-REC-0090,S1 FRTU,TSE01R-02
S1-REC-0092,S1 FRTU,TSE04R-01
S1-REC-0094,S1 FRTU,CPA04R-03
S1-REC-0095,S1 FRTU,CPA10R-01
S1-REC-0096,S1 FRTU,CPA04R-01
S1-REC-0097,S1 FRTU,CPB07R-03
S1-REC-0098,S1 FRTU,CPB09R-03
S1-REC-0100,S1 FRTU,LSA01R-03
S1-REC-0101,S1 FRTU,KUR01R-03
S1-REC-0102,S1 FRTU,LSA07R-04
S1-REC-0103,S1 FRTU,LSA09R-04
S1-REC-0104,S1 FRTU,RNA03R-02
S1-REC-0110,S1 FRTU,PNA04R-01
S1-REC-0111,S1 FRTU,TSE09R-01
S1-REC-0129,S1 FRTU,BSR01R-07
S1-REC-0130,S1 FRTU,RBA07R-01
S1-REC-0131,S1 FRTU,DNA09R-02
S1-REC-0132,S1 FRTU,SSA05R-01
S1-REC-0133,S1 FRTU,PTH04R-02
S1-REC-0134,S1 FRTU,HUC05R-01
S1-REC-0135,S1 FRTU,DNA05R-02
S1-REC-0136,S1 FRTU,HUB08R-01
S1-REC-0137,S1 FRTU,PNA09R-02
S1-REC-0138,S1 FRTU,KDA01R-08
S1-REC-0139,S1 FRTU,KUA07R-02
S1-REC-0140,S1 FRTU,PDA03R-01
S1-REC-0141,S1 FRTU,RBC02R-01
S1-REC-0142,S1 FRTU,RBB09R-02
S1-REC-0144,S1 FRTU,CPA02R-08
S1-REC-0146,S1 FRTU,CPA09R-02
S1-REC-0147,S1 FRTU,CPA10R-04
S1-REC-0148,S1 FRTU,HUC03R-02
S1-REC-0149,S1 FRTU,PBB04R-01
S1-REC-0150,S1 FRTU,LSA07R-02
S1-REC-0151,S1 FRTU,CBN03R-02
S1-REC-0152,S1 FRTU,PTR02R-02
S1-REC-0153,S1 FRTU,RBB04R-03
S1-REC-0154,S1 FRTU,PBB04R-03
S1-REC-0155,S1 FRTU,CAB03R-02
S1-REC-0156,S1 FRTU,KUA09R-03
S1-REC-0157,S1 FRTU,CPA01R-01
S1-REC-0158,S1 FRTU,CAB09R-02
S1-REC-0159,S1 FRTU,CAB10R-02
S1-REC-0160,S1 FRTU,KUR08R-03
S1-REC-0161,S1 FRTU,PBA05R-01
S1-REC-0163,S1 FRTU,RBB08R-02
S1-REC-0164,S1 FRTU,PBA06R-02
S1-REC-0165,S1 FRTU,HUU03R-04
S1-REC-0166,S1 FRTU,TSE05R-01
S1-REC-0167,S1 FRTU,LSA03R-05
S1-REC-0168,S1 FRTU,LSA09R-07
S1-REC-0169,S1 FRTU,LSA10R-05
S1-REC-0170,S1 FRTU,CPA08R-02
S1-REC-0171,S1 FRTU,XPA04R-02
S1-REC-0172,S1 FRTU,XPA01R-03
S1-REC-0173,S1 FRTU,PTH04R-05
S1-REC-0174,S1 FRTU,RNA06R-01
S1-REC-0175,S1 FRTU,RNB04R-01
S1-REC-0176,S1 FRTU,RNB09R-03
S1-REC-0177,S1 FRTU,RBB03BR-01
S1-REC-0178,S1 FRTU,RBB04BR-01
S1-REC-0179,S1 FRTU,RBB07BR-01
S1-REC-0180,S1 FRTU,RBB08BR-01
S1-REC-0181,S1 FRTU,RNA03R-03
S1-REC-0182,S1 FRTU,RNA05R-03
S1-REC-0185,S1 FRTU,KHY06R-03
S1-REC-0186,S1 FRTU,CPA08R-03
S1-REC-0188,S1 FRTU,BSP01R-02
S1-REC-0190,S1 FRTU,BSP09R-01
S1-REC-0191,S1 FRTU,RNA03R-04
S1-REC-0192,S1 FRTU,RNA05R-01
S1-REC-0193,S1 FRTU,RNB09R-01
S1-REC-0194,S1 FRTU,CBN02R-01 
S1-REC-0195,S1 FRTU,RNB05R-03
S1-REC-0200,S1 FRTU,XPA02R-03
S1-REC-0201,S1 FRTU,XPA01R-05
S1-REC-0202,S1 FRTU,XPA02R-04
S1-REC-0203,S1 FRTU,XPA01R-01
S1-REC-0204,S1 FRTU,TSE07R-02
S1-REC-0205,S1 FRTU,QTA10R-01
S1-REC-0206,S1 FRTU,TSE07R-03
S1-REC-0207,S1 FRTU,BSR07R-02
S1-REC-0208,S1 FRTU,BSR02R-04 
S1-REC-0209,S1 FRTU,BSP09R-02
S1-REC-0210,S1 FRTU,BSP04R-05
S1-REC-0211,S1 FRTU,RNA05R-07
S1-REC-0212,S1 FRTU,CPA02R-09
S1-REC-0213,S1 FRTU,LSA09R-03
S1-REC-0214,S1 FRTU,CPA09R-04
S1-REC-0215,S1 FRTU,LSA07R-07
S1-REC-0216,S1 FRTU,LSA07R-05 
S1-REC-0217,S1 FRTU,RNA04R-03
S1-REC-0218,S1 FRTU,BSP04R-04
S1-REC-0219,S1 FRTU,BSP07R-04
S1-REC-0220,S1 FRTU,KDA02R-02
S1-REC-0300,S1 FRTU,BSP02R-02
S1-REC-0301,S1 FRTU,BSP02R-03
S1-REC-0302,S1 FRTU,BSR02R-07
S1-REC-0303,S1 FRTU,BSP05R-01
S1-REC-0304,S1 FRTU,BSP06R-02
S1-REC-0305,S1 FRTU,PTH03R-01
S1-REC-0306,S1 FRTU,BSP07R-05
S1-REC-0307,S1 FRTU,BSP10R-02
S1-REC-0308,S1 FRTU,BSR01R-04
S1-REC-0309,S1 FRTU,BSR01R-05
S1-REC-0310,S1 FRTU,BSR02R-06
S1-REC-0311,S1 FRTU,PTH06R-02
S1-REC-0312,S1 FRTU,PBA01R-02
S1-REC-0313,S1 FRTU,CAB01R-05
S1-REC-0314,S1 FRTU,CAA06R-01
S1-REC-0315,S1 FRTU,CAB06R-03
S1-REC-0316,S1 FRTU,CAB07R-02
S1-REC-0317,S1 FRTU,CAB02R-02
S1-REC-0318,S1 FRTU,CBN04R-01
S1-REC-0319,S1 FRTU,XPA05R-01
S1-REC-0320,S1 FRTU,XPA02R-02
S1-REC-0321,S1 FRTU,XPA01R-02
S1-REC-0322,S1 FRTU,XPA01R-04
S1-REC-0323,S1 FRTU,XPA05R-04
S1-REC-0324,S1 FRTU,RNA07BR-01
S1-REC-0325,S1 FRTU,CPA02R-06
S1-REC-0326,S1 FRTU,CPA02R-07
S1-REC-0327,S1 FRTU,CPA02R-11
S1-REC-0328,S1 FRTU,CPA03R-03
S1-REC-0329,S1 FRTU,CPA03R-04
S1-REC-0330,S1 FRTU,PNA08R-02
S1-REC-0331,S1 FRTU,CPA09R-01
S1-REC-0332,S1 FRTU,CPA09R-03
S1-REC-0333,S1 FRTU,CPA10R-06
S1-REC-0334,S1 FRTU,CPA10R-07
S1-REC-0335,S1 FRTU,PBA05R-02
S1-REC-0336,S1 FRTU,CPB09R-02
S1-REC-0337,S1 FRTU,DNA01R-03
S1-REC-0338,S1 FRTU,HUB01R-08
S1-REC-0339,S1 FRTU,DNA07R-02
S1-REC-0340,S1 FRTU,DNA09R-03
S1-REC-0341,S1 FRTU,HUB01R-04
S1-REC-0342,S1 FRTU,HUB01R-06
S1-REC-0343,S1 FRTU,HUB01R-07
S1-REC-0344,S1 FRTU,HUB02R-01
S1-REC-0345,S1 FRTU,HUB06R-01
S1-REC-0346,S1 FRTU,HUC08R-01
S1-REC-0347,S1 FRTU,HUC07R-01
S1-REC-0348,S1 FRTU,KDA01R-01
S1-REC-0349,S1 FRTU,KDA02BR-01
S1-REC-0350,S1 FRTU,KDA04BR-01
S1-REC-0351,S1 FRTU,KDA02R-03
S1-REC-0352,S1 FRTU,KDA03BR-01
S1-REC-0353,S1 FRTU,KHY02R-02
S1-REC-0354,S1 FRTU,KHY06R-01
S1-REC-0355,S1 FRTU,KHY06R-02
S1-REC-0356,S1 FRTU,PBA12R-01
S1-REC-0357,S1 FRTU,LSA01R-05
S1-REC-0358,S1 FRTU,LSA01R-06
S1-REC-0359,S1 FRTU,LSA06R-02
S1-REC-0360,S1 FRTU,LSA04R-03
S1-REC-0361,S1 FRTU,LSA04R-02
S1-REC-0362,S1 FRTU,LSA05R-03
S1-REC-0363,S1 FRTU,LSA07R-01
S1-REC-0364,S1 FRTU,LSA07R-06
S1-REC-0365,S1 FRTU,LSA07R-08
S1-REC-0366,S1 FRTU,LSA10R-03
S1-REC-0367,S1 FRTU,LSA10R-04
S1-REC-0368,S1 FRTU,PBA02R-01
S1-REC-0369,S1 FRTU,PBA02R-03
S1-REC-0370,S1 FRTU,PBA05R-03
S1-REC-0371,S1 FRTU,KDA01BR-01
S1-REC-0372,S1 FRTU,PBA11R-03
S1-REC-0373,S1 FRTU,PBB01R-03
S1-REC-0374,S1 FRTU,PBB01R-05
S1-REC-0375,S1 FRTU,PBB05R-03
S1-REC-0376,S1 FRTU,PDA02R-01
S1-REC-0377,S1 FRTU,PTH03R-02
S1-REC-0378,S1 FRTU,PDA10R-02
S1-REC-0379,S1 FRTU,PDA07R-01
S1-REC-0380,S1 FRTU,PTH10R-01
S1-REC-0381,S1 FRTU,PTH05R-01
S1-REC-0382,S1 FRTU,RBB04R-06
S1-REC-0383,S1 FRTU,PTS01R-02
S1-REC-0384,S1 FRTU,PTS07R-02
S1-REC-0385,S1 FRTU,RBB03R-02
S1-REC-0386,S1 FRTU,PTH01R-02
S1-REC-0387,S1 FRTU,RBB04R-04
S1-REC-0388,S1 FRTU,RBB04R-05
S1-REC-0389,S1 FRTU,RBB07R-02
S1-REC-0390,S1 FRTU,RBB07R-03
S1-REC-0391,S1 FRTU,RBB09R-03
S1-REC-0392,S1 FRTU,HUC05R-03
S1-REC-0393,S1 FRTU,RNA04R-04
S1-REC-0394,S1 FRTU,CAB02R-01
S1-REC-0395,S1 FRTU,RNA05R-06
S1-REC-0396,S1 FRTU,RNA04R-02
S1-REC-0397,S1 FRTU,LSA07R-03
S1-REC-0398,S1 FRTU,RNA05R-05
S1-REC-0399,S1 FRTU,RNB04R-03
S1-REC-0400,S1 FRTU,PNA08R-01
S1-REC-0401,S1 FRTU,RNB04R-02
S1-REC-0402,S1 FRTU,RNB04R-04
S1-REC-0403,S1 FRTU,KUA04R-02
S1-REC-0404,S1 FRTU,CPA02R-10
S1-REC-0405,S1 FRTU,SME09R-01
S1-REC-0406,S1 FRTU,SSA07R-01
S1-REC-0407,S1 FRTU,SSA07R-02
S1-REC-0408,S1 FRTU,QTA02R-01
S1-REC-0409,S1 FRTU,TSE01R-01
S1-REC-0410,S1 FRTU,TSE07R-04
S1-REC-0411,S1 FRTU,TSE09R-03
S1-REC-0412,S1 FRTU,TSE10R-01
S1-REC-0413,S1 FRTU,TSE10R-02
S1-REC-0414,S1 FRTU,TSE10R-03
S1-REC-0500,S1 FRTU,PTR09R-01
S1-REC-0501,S1 FRTU,PTR07R-01
S1-REC-0502,S1 FRTU,PTR10R-01
S1-REC-0503,S1 FRTU,PTH09R-02
S1-REC-0504,S1 FRTU,KHZ07R-01
S1-REC-0505,S1 FRTU,PTH07R-01
S1-REC-0506,S1 FRTU,PBA04R-02
S1-REC-0507,S1 FRTU,RBA04R-03
S1-REC-0508,S1 FRTU,PTH06R-01
S1-REC-0509,S1 FRTU,XPA04R-03
S1-REC-0510,S1 FRTU,XPA05R-03
S1-REC-0511,S1 FRTU,CBN03R-05
S1-REC-0512,S1 FRTU,CBN03R-06
S1-REC-0513,S1 FRTU,CBN10R-02
S1-REC-0514,S1 FRTU,XPA10R-02
S1-REC-0515,S1 FRTU,DNA10R-02
S1-REC-0516,S1 FRTU,DNA09R-04
S1-REC-0517,S1 FRTU,DNA01R-04
S1-REC-0518,S1 FRTU,DNA05R-01
S1-REC-0519,S1 FRTU,DNA04R-03
S1-REC-0520,S1 FRTU,PBB02R-01
S1-REC-0521,S1 FRTU,PBB05R-01
S1-REC-0522,S1 FRTU,KDA01R-05
S1-REC-0523,S1 FRTU,KDA02R-04
S1-REC-0524,S1 FRTU,HUB05R-01
S1-REC-0525,S1 FRTU,HUC05R-02
S1-REC-0526,S1 FRTU,HUB02R-02
S1-REC-0527,S1 FRTU,PNA09R-01
S1-REC-0528,S1 FRTU,KUA07R-01
S1-REC-0529,S1 FRTU,KUA01R-01
S1-REC-0530,S1 FRTU,PDA04R-02
S1-REC-0531,S1 FRTU,KUA05R-02
S1-REC-0532,S1 FRTU,BSP07R-03
S1-REC-0533,S1 FRTU,BSP10R-01
S1-REC-0534,S1 FRTU,BSR06R-01
S1-REC-0535,S1 FRTU,BSR01R-01
S1-REC-0536,S1 FRTU,BSR01R-03
S1-REC-0537,S1 FRTU,CPA04R-04
S1-REC-0538,S1 FRTU,TSE02R-08
S1-REC-0539,S1 FRTU,TSE05R-05
S1-REC-0540,S1 FRTU,CPA07R-01
S1-REC-0541,S1 FRTU,CPB08R-02
S1-REC-0542,S1 FRTU,LSA01R-04
S1-REC-0543,S1 FRTU,LSA01R-02
S1-REC-0544,S1 FRTU,LSA01R-07
S1-REC-0545,S1 FRTU,LSA10R-02
S1-REC-0546,S1 FRTU,LSA09R-06
S1-REC-0547,S1 FRTU,LSA04R-04
S1-REC-0548,S1 FRTU,DNA04R-02
S1-REC-0549,S1 FRTU,TSE06R-01
S1-REC-0550,S1 FRTU,TSE02R-02
S1-REC-0551,S1 FRTU,CPA04R-02
S1-REC-0552,S1 FRTU,CPB07R-01
S1-REC-0553,S1 FRTU,CPB09R-01
S1-REC-0554,S1 FRTU,CPA06R-04
S1-REC-0555,S1 FRTU,PDA04R-04
S1-REC-0556,S1 FRTU,PBB01R-04
S1-REC-0557,S1 FRTU,BSP04R-02
S1-REC-0558,S1 FRTU,BSR01R-02
S1-REC-0559,S1 FRTU,PNA09R-03
S1-REC-0560,S1 FRTU,KUA09R-02
S1-REC-0561,S1 FRTU,PTR01R-01
S1-REC-3300,S1 FRTU,TMV01R-01 (Nulec ADVC)
S1-REC-3301,S1 FRTU,BPC02R-01 (Cooper 4C)
S1-REC-3302,S1 FRTU,BPB11R-02 (Cooper 4C)
S1-REC-3303,S1 FRTU,BPB11R-01 (Cooper 4C)
S1-REC-3304,S1 FRTU,NOM01R-02  (Shin Sung Type R6)
S1-REC-3305,S1 FRTU,BPB10R-01 (Cooper F6)
S1-REC-3306,S1 FRTU,NOM03R-01 (Cooper 4C)
S1-REC-3307,S1 FRTU,BPB09R-01 (Cooper 4C)
S1-REC-3308,S1 FRTU,NOM04R-02 (Nulec ADVC)
S1-REC-3309,S1 FRTU,BPB12R-01 (Cooper F6)
S1-REC-3310,S1 FRTU,BPB07R-01 (Cooper F6)
S1-VSP-0001,S1 FRTU,CPA02S-09
S1-VSP-0002,S1 FRTU,CPA08S-32
S1-VSP-0003,S1 FRTU,BPB11S-03
S1-VSP-0004,S1 FRTU,CBN02S-20
S1-VSP-0005,S1 FRTU,RBB04S-25
S1-VSP-0006,S1 FRTU,BSP10S-03
S1-VSP-0007,S1 FRTU,BSP05S-04
S1-VSP-0008,S1 FRTU,BSR01S-03/02
S1-VSP-0009,S1 FRTU,TSE06S-15
S1-VSP-0012,S1 FRTU,BPB09S-17
S1-VSP-0013,S1 FRTU,CPA10S-06
S1-VSP-0014,S1 FRTU,TSE09S-15
S1-VSP-0015,S1 FRTU,KHZ06S-07
S1-VSP-0016,S1 FRTU,KHZ06S-08
S1-VSP-0017,S1 FRTU,KHZ02S-05
S1-VSP-0018,S1 FRTU,KHY02S-15
S1-VSP-0019,S1 FRTU,KHY08S-26
S1-VSP-0020,S1 FRTU,PBB02S-15
S1-VSP-0021,S1 FRTU,PBB02S-16
S1-VSP-0022,S1 FRTU,CAB01S-22
S1-VSP-0023,S1 FRTU,CAB01S-12
S1-VSP-0024,S1 FRTU,CAA03S-17
S1-VSP-0025,S1 FRTU,CAA06S-14
S1-VSP-0026,S1 FRTU,KUA01S-08
S1-VSP-0027,S1 FRTU,KUA09S-14
S1-VSP-0028,S1 FRTU,KUA04S-19
S1-VSP-0029,S1 FRTU,KUA05S-20
S1-VSP-0030,S1 FRTU,KUA08S-08
S1-VSP-0031,S1 FRTU,BSP01S-03
S1-VSP-0032,S1 FRTU,BSP02S-14
S1-VSP-0033,S1 FRTU,BSP06S-20
S1-VSP-0034,S1 FRTU,BSP07S-26
S1-VSP-0035,S1 FRTU,BSR02S-14
S1-VSP-0036,S1 FRTU,PNA08S-16
S1-VSP-0037,S1 FRTU,TSE02S-09
S1-VSP-0038,S1 FRTU,TSE09S-20
S1-VSP-0039,S1 FRTU,TSE09S-16
S1-VSP-0040,S1 FRTU,LSA05S-20
S1-VSP-0041,S1 FRTU,LSA01S-30
S1-VSP-0042,S1 FRTU,LSA01S-31
S1-VSP-0043,S1 FRTU,CPA04S-12
S1-VSP-0044,S1 FRTU,CPA09S-17
S1-VSP-0045,S1 FRTU,PTH03S-10
S1-VSP-0046,S1 FRTU,SSA07S-14
S1-VSP-0047,S1 FRTU,PBA06S-34
S1-VSP-0048,S1 FRTU,RIU03S-15
S1-VSP-0049,S1 FRTU,PTH08S-05
S1-VSP-0050,S1 FRTU,CBN05S-22
S1-VSP-0051,S1 FRTU,CBN08S-13
S1-VSP-0052,S1 FRTU,LSA02S-08
S1-VSP-0053,S1 FRTU,RNA03S-10
S1-VSP-3300,S1 FRTU,BPB02S-08
S1-VSP-3301,S1 FRTU,BPB07S-10
S1-VSP-3302,S1 FRTU,NOM02S-08
