Event Summary - Thursday, April 3, 2025 1:19:08 PM
 Start Date: 01/01/2025 12:00:00 AM End Date: 01/02/2025 12:00:00 AM
Region contains S1
AND Substation contains S1 FRTU
AND Message contains Remote unit state changed from Online to Initializing.
AND Device contains S1-RCS

"#","Process time","Field change time","Message","Note","Type","Region","Subregion","Substation","Feeder","Location","Device","Device type","AOR","Element","RTU","Alias","Severity","Voltage level [kV]","Category","Class","Activity","Inhibit","Source","User name","Console name","Reason source","Reason ID"
"1","31/01/2025 8:08:59.143 PM","31/01/2025 8:08:59.141 PM","Remote unit state changed from Online to Initializing.","","Event","S1 MV","","S1 FRTU","","S1 FRTU","S1-RCS-1052","Remote unit","S1-HV,S1-MV,S1-Viewer","S1-RCS-1052","S1-RCS-1052","BNP05S-18 : Master SSA (Samut Songkhram Substation)","Trivial","NaN","Unknown","IT","Telemetry Alarm","None","SCADA","core\dnaApp_pcore","DC1-COR-DRT2","",""
"2","31/01/2025 8:08:38.778 PM","31/01/2025 8:08:38.776 PM","Remote unit state changed from Online to Initializing.","","Event","S1 MV","","S1 FRTU","","S1 FRTU","S1-RCS-1052","Remote unit","S1-HV,S1-MV,S1-Viewer","S1-RCS-1052","S1-RCS-1052","BNP05S-18 : Master SSA (Samut Songkhram Substation)","Trivial","NaN","Unknown","IT","Telemetry Alarm","None","SCADA","core\dnaApp_pcore","DC1-COR-DRT2","",""
"3","31/01/2025 2:24:05.554 PM","31/01/2025 2:24:05.553 PM","Remote unit state changed from Online to Initializing.","","Event","S1 MV","","S1 FRTU","","S1 FRTU","S1-RCS-1060","Remote unit","S1-HV,S1-MV,S1-Viewer","S1-RCS-1060","S1-RCS-1060","CAB01S-07 : Master CAB (Cha-Am 2 Substation)","Trivial","NaN","Unknown","IT","Telemetry Alarm","None","SCADA","core\dnaApp_pcore","DC1-COR-DRT2","",""
"4","31/01/2025 2:23:46.189 PM","31/01/2025 2:23:46.188 PM","Remote unit state changed from Online to Initializing.","","Event","S1 MV","","S1 FRTU","","S1 FRTU","S1-RCS-1060","Remote unit","S1-HV,S1-MV,S1-Viewer","S1-RCS-1060","S1-RCS-1060","CAB01S-07 : Master CAB (Cha-Am 2 Substation)","Trivial","NaN","Unknown","IT","Telemetry Alarm","None","SCADA","core\dnaApp_pcore","DC1-COR-DRT2","",""
"5","31/01/2025 8:30:32.111 AM","31/01/2025 8:30:32.109 AM","Remote unit state changed from Online to Initializing.","","Event","S1 MV","","S1 FRTU","","S1 FRTU","S1-RCS-1092","Remote unit","S1-HV,S1-MV,S1-Viewer","S1-RCS-1092","S1-RCS-1092","PBA02S-26 : Master PBB (Phetchaburi Office)","Trivial","NaN","Unknown","IT","Telemetry Alarm","None","SCADA","core\dnaApp_pcore","DC1-COR-DRT2","",""
"6","31/01/2025 8:30:11.665 AM","31/01/2025 8:30:11.664 AM","Remote unit state changed from Online to Initializing.","","Event","S1 MV","","S1 FRTU","","S1 FRTU","S1-RCS-1092","Remote unit","S1-HV,S1-MV,S1-Viewer","S1-RCS-1092","S1-RCS-1092","PBA02S-26 : Master PBB (Phetchaburi Office)","Trivial","NaN","Unknown","IT","Telemetry Alarm","None","SCADA","core\dnaApp_pcore","DC1-COR-DRT2","",""
"7","30/01/2025 7:04:54.568 AM","30/01/2025 7:04:54.567 AM","Remote unit state changed from Online to Initializing.","","Event","S1 MV","","S1 FRTU","","S1 FRTU","S1-RCS-0506","Remote unit","S1-HV,S1-MV,S1-Viewer","S1-RCS-0506","S1-RCS-0506","CAB10S-10 : Master CAB (Cha-Am 2 Substation)","Trivial","NaN","Unknown","IT","Telemetry Alarm","None","SCADA","core\dnaApp_pcore","DC1-COR-DRT2","",""
"8","29/01/2025 11:04:31.357 PM","29/01/2025 11:04:31.356 PM","Remote unit state changed from Online to Initializing.","","Event","S1 MV","","S1 FRTU","","S1 FRTU","S1-RCS-0799","Remote unit","S1-HV,S1-MV,S1-Viewer","S1-RCS-0799","S1-RCS-0799","CPB10S-28 : Master CPP (Chumphon Office)","Trivial","NaN","Unknown","IT","Telemetry Alarm","None","SCADA","core\dnaApp_pcore","DC1-COR-DRT2","",""
"9","29/01/2025 2:26:26.474 PM","29/01/2025 2:26:26.470 PM","Remote unit state changed from Online to Initializing.","","Event","S1 MV","","S1 FRTU","","S1 FRTU","S1-RCS-0145","Remote unit","S1-HV,S1-MV,S1-Viewer","S1-RCS-0145","S1-RCS-0145","RNB04S-04 : Master RNB (Ranong 2 Substation)","Trivial","NaN","Unknown","IT","Telemetry Alarm","None","SCADA","core\dnaApp_pcore","DC1-COR-DRT2","",""
"10","29/01/2025 9:37:38.650 AM","29/01/2025 9:37:38.650 AM","Remote unit state changed from Online to Initializing.","","Event","S1 MV","","S1 FRTU","","S1 FRTU","S1-RCS-0527","Remote unit","S1-HV,S1-MV,S1-Viewer","S1-RCS-0527","S1-RCS-0527","PBA04S-07 : Master PBB (Phetchaburi Office)","Trivial","NaN","Unknown","IT","Telemetry Alarm","None","SCADA","core\dnaApp_pcore","DC1-COR-DRT2","",""
"11","29/01/2025 6:26:49.054 AM","29/01/2025 6:26:49.052 AM","Remote unit state changed from Online to Initializing.","","Event","S1 MV","","S1 FRTU","","S1 FRTU","S1-RCS-1035","Remote unit","S1-HV,S1-MV,S1-Viewer","S1-RCS-1035","S1-RCS-1035","PBA02S-11 : Master PBB (Phetchaburi Office)","Trivial","NaN","Unknown","IT","Telemetry Alarm","None","SCADA","core\dnaApp_pcore","DC1-COR-DRT2","",""
"12","29/01/2025 3:34:58.865 AM","29/01/2025 3:34:58.864 AM","Remote unit state changed from Online to Initializing.","","Event","S1 MV","","S1 FRTU","","S1 FRTU","S1-RCS-0963","Remote unit","S1-HV,S1-MV,S1-Viewer","S1-RCS-0963","S1-RCS-0963","RNB10S-06 : Master RNB (Ranong 2 Substation)","Trivial","NaN","Unknown","IT","Telemetry Alarm","None","SCADA","core\dnaApp_pcore","DC1-COR-DRT2","",""
"13","29/01/2025 3:34:38.459 AM","29/01/2025 3:34:38.457 AM","Remote unit state changed from Online to Initializing.","","Event","S1 MV","","S1 FRTU","","S1 FRTU","S1-RCS-0963","Remote unit","S1-HV,S1-MV,S1-Viewer","S1-RCS-0963","S1-RCS-0963","RNB10S-06 : Master RNB (Ranong 2 Substation)","Trivial","NaN","Unknown","IT","Telemetry Alarm","None","SCADA","core\dnaApp_pcore","DC1-COR-DRT2","",""
"14","28/01/2025 3:13:38.999 PM","28/01/2025 3:13:38.997 PM","Remote unit state changed from Online to Initializing.","","Event","S1 MV","","S1 FRTU","","S1 FRTU","S1-RCS-0089","Remote unit","S1-HV,S1-MV,S1-Viewer","S1-RCS-0089","S1-RCS-0089","PDA06S-10 : Master PJP (Prachuap Khiri Khan Office)","Trivial","NaN","Unknown","IT","Telemetry Alarm","None","SCADA","core\dnaApp_pcore","DC1-COR-DRT1","",""
"15","27/01/2025 3:27:29.917 PM","27/01/2025 3:27:29.917 PM","Remote unit state changed from Online to Initializing.","","Event","S1 MV","","S1 FRTU","","S1 FRTU","S1-RCS-1015","Remote unit","S1-HV,S1-MV,S1-Viewer","S1-RCS-1015","S1-RCS-1015","CPB10S-05 : Master CPB (Chumphon 2 Substation)","Trivial","NaN","Unknown","IT","Telemetry Alarm","None","SCADA","core\dnaApp_pcore","DC1-COR-DRT1","",""
"16","27/01/2025 3:27:11.032 PM","27/01/2025 3:27:11.030 PM","Remote unit state changed from Online to Initializing.","","Event","S1 MV","","S1 FRTU","","S1 FRTU","S1-RCS-1015","Remote unit","S1-HV,S1-MV,S1-Viewer","S1-RCS-1015","S1-RCS-1015","CPB10S-05 : Master CPB (Chumphon 2 Substation)","Trivial","NaN","Unknown","IT","Telemetry Alarm","None","SCADA","core\dnaApp_pcore","DC1-COR-DRT1","",""
"17","27/01/2025 8:44:30.621 AM","27/01/2025 8:44:30.620 AM","Remote unit state changed from Online to Initializing.","","Event","S1 MV","","S1 FRTU","","S1 FRTU","S1-RCS-0263","Remote unit","S1-HV,S1-MV,S1-Viewer","S1-RCS-0263","S1-RCS-0263","HUB04S-04 : Master HUH (Hua Hin Office)","Trivial","NaN","Unknown","IT","Telemetry Alarm","None","SCADA","core\dnaApp_pcore","DC1-COR-DRT1","",""
"18","27/01/2025 7:56:11.802 AM","27/01/2025 7:56:11.801 AM","Remote unit state changed from Online to Initializing.","","Event","S1 MV","","S1 FRTU","","S1 FRTU","S1-RCS-0263","Remote unit","S1-HV,S1-MV,S1-Viewer","S1-RCS-0263","S1-RCS-0263","HUB04S-04 : Master HUH (Hua Hin Office)","Trivial","NaN","Unknown","IT","Telemetry Alarm","None","SCADA","core\dnaApp_pcore","DC1-COR-DRT1","",""
"19","27/01/2025 6:48:15.751 AM","27/01/2025 6:48:15.751 AM","Remote unit state changed from Online to Initializing.","","Event","S1 MV","","S1 FRTU","","S1 FRTU","S1-RCS-1001","Remote unit","S1-HV,S1-MV,S1-Viewer","S1-RCS-1001","S1-RCS-1001","PTH04S-04 : Master PTH (Pak Tho Substation)","Trivial","NaN","Unknown","IT","Telemetry Alarm","None","SCADA","core\dnaApp_pcore","DC1-COR-DRT1","",""
"20","27/01/2025 6:47:56.373 AM","27/01/2025 6:47:56.372 AM","Remote unit state changed from Online to Initializing.","","Event","S1 MV","","S1 FRTU","","S1 FRTU","S1-RCS-1001","Remote unit","S1-HV,S1-MV,S1-Viewer","S1-RCS-1001","S1-RCS-1001","PTH04S-04 : Master PTH (Pak Tho Substation)","Trivial","NaN","Unknown","IT","Telemetry Alarm","None","SCADA","core\dnaApp_pcore","DC1-COR-DRT1","",""
"21","27/01/2025 4:47:26.759 AM","27/01/2025 4:47:26.758 AM","Remote unit state changed from Online to Initializing.","","Event","S1 MV","","S1 FRTU","","S1 FRTU","S1-RCS-1080","Remote unit","S1-HV,S1-MV,S1-Viewer","S1-RCS-1080","S1-RCS-1080","BSR06S-14 : Master BGN (Bang Saphan Office)","Trivial","NaN","Unknown","IT","Telemetry Alarm","None","SCADA","core\dnaApp_pcore","DC1-COR-DRT1","",""
"22","27/01/2025 4:47:06.422 AM","27/01/2025 4:47:06.412 AM","Remote unit state changed from Online to Initializing.","","Event","S1 MV","","S1 FRTU","","S1 FRTU","S1-RCS-1080","Remote unit","S1-HV,S1-MV,S1-Viewer","S1-RCS-1080","S1-RCS-1080","BSR06S-14 : Master BGN (Bang Saphan Office)","Trivial","NaN","Unknown","IT","Telemetry Alarm","None","SCADA","core\dnaApp_pcore","DC1-COR-DRT1","",""
"23","26/01/2025 6:25:07.801 AM","26/01/2025 6:25:07.796 AM","Remote unit state changed from Online to Initializing.","","Event","S1 MV","","S1 FRTU","","S1 FRTU","S1-RCS-1060","Remote unit","S1-HV,S1-MV,S1-Viewer","S1-RCS-1060","S1-RCS-1060","CAB01S-07 : Master CAB (Cha-Am 2 Substation)","Trivial","NaN","Unknown","IT","Telemetry Alarm","None","SCADA","core\dnaApp_pcore","DC1-COR-DRT1","",""
"24","26/01/2025 6:24:47.487 AM","26/01/2025 6:24:47.472 AM","Remote unit state changed from Online to Initializing.","","Event","S1 MV","","S1 FRTU","","S1 FRTU","S1-RCS-1060","Remote unit","S1-HV,S1-MV,S1-Viewer","S1-RCS-1060","S1-RCS-1060","CAB01S-07 : Master CAB (Cha-Am 2 Substation)","Trivial","NaN","Unknown","IT","Telemetry Alarm","None","SCADA","core\dnaApp_pcore","DC1-COR-DRT1","",""
"25","25/01/2025 6:24:33.926 PM","25/01/2025 6:24:33.913 PM","Remote unit state changed from Online to Initializing.","","Event","S1 MV","","S1 FRTU","","S1 FRTU","S1-RCS-1080","Remote unit","S1-HV,S1-MV,S1-Viewer","S1-RCS-1080","S1-RCS-1080","BSR06S-14 : Master BGN (Bang Saphan Office)","Trivial","NaN","Unknown","IT","Telemetry Alarm","None","SCADA","core\dnaApp_pcore","DC1-COR-DRT1","",""
"26","25/01/2025 6:24:13.631 PM","25/01/2025 6:24:13.610 PM","Remote unit state changed from Online to Initializing.","","Event","S1 MV","","S1 FRTU","","S1 FRTU","S1-RCS-1080","Remote unit","S1-HV,S1-MV,S1-Viewer","S1-RCS-1080","S1-RCS-1080","BSR06S-14 : Master BGN (Bang Saphan Office)","Trivial","NaN","Unknown","IT","Telemetry Alarm","None","SCADA","core\dnaApp_pcore","DC1-COR-DRT1","",""
"27","24/01/2025 3:11:50.921 PM","24/01/2025 3:11:50.919 PM","Remote unit state changed from Online to Initializing.","","Event","S1 MV","","S1 FRTU","","S1 FRTU","S1-RCS-0976","Remote unit","S1-HV,S1-MV,S1-Viewer","S1-RCS-0976","S1-RCS-0976","PBA02S-25 : Master PBB (Phetchaburi Office)","Trivial","NaN","Unknown","IT","Telemetry Alarm","None","SCADA","core\dnaApp_pcore","DC1-COR-DRT1","",""
"28","24/01/2025 3:11:30.746 PM","24/01/2025 3:11:30.745 PM","Remote unit state changed from Online to Initializing.","","Event","S1 MV","","S1 FRTU","","S1 FRTU","S1-RCS-0976","Remote unit","S1-HV,S1-MV,S1-Viewer","S1-RCS-0976","S1-RCS-0976","PBA02S-25 : Master PBB (Phetchaburi Office)","Trivial","NaN","Unknown","IT","Telemetry Alarm","None","SCADA","core\dnaApp_pcore","DC1-COR-DRT1","",""
"29","24/01/2025 2:24:13.435 PM","24/01/2025 2:24:13.434 PM","Remote unit state changed from Online to Initializing.","","Event","S1 MV","","S1 FRTU","","S1 FRTU","S1-RCS-1055","Remote unit","S1-HV,S1-MV,S1-Viewer","S1-RCS-1055","S1-RCS-1055","DNA02S-20 : Master DNA (Damnoen Saduak Substation)","Trivial","NaN","Unknown","IT","Telemetry Alarm","None","SCADA","core\dnaApp_pcore","DC1-COR-DRT1","",""
"30","24/01/2025 2:23:54.083 PM","24/01/2025 2:23:54.082 PM","Remote unit state changed from Online to Initializing.","","Event","S1 MV","","S1 FRTU","","S1 FRTU","S1-RCS-1055","Remote unit","S1-HV,S1-MV,S1-Viewer","S1-RCS-1055","S1-RCS-1055","DNA02S-20 : Master DNA (Damnoen Saduak Substation)","Trivial","NaN","Unknown","IT","Telemetry Alarm","None","SCADA","core\dnaApp_pcore","DC1-COR-DRT1","",""
"31","24/01/2025 1:21:46.460 PM","24/01/2025 1:21:46.459 PM","Remote unit state changed from Online to Initializing.","","Event","S1 MV","","S1 FRTU","","S1 FRTU","S1-RCS-0089","Remote unit","S1-HV,S1-MV,S1-Viewer","S1-RCS-0089","S1-RCS-0089","PDA06S-10 : Master PJP (Prachuap Khiri Khan Office)","Trivial","NaN","Unknown","IT","Telemetry Alarm","None","SCADA","core\dnaApp_pcore","DC1-COR-DRT1","",""
"32","24/01/2025 11:43:56.805 AM","24/01/2025 11:43:56.805 AM","Remote unit state changed from Online to Initializing.","","Event","S1 MV","","S1 FRTU","","S1 FRTU","S1-RCS-3319","Remote unit","S1-HV,S1-MV,S1-Viewer","S1-RCS-3319","S1-RCS-3319","BPB11S-10 : Master BPB (Ban Pong 2 Substation)","Trivial","NaN","Unknown","IT","Telemetry Alarm","None","SCADA","core\dnaApp_pcore","DC1-COR-DRT1","",""
"33","24/01/2025 2:11:57.679 AM","24/01/2025 2:11:57.678 AM","Remote unit state changed from Online to Initializing.","","Event","S1 MV","","S1 FRTU","","S1 FRTU","S1-RCS-0276","Remote unit","S1-HV,S1-MV,S1-Viewer","S1-RCS-0276","S1-RCS-0276","HUB08S-13 : Master HUH (Hua Hin Office)","Trivial","NaN","Unknown","IT","Telemetry Alarm","None","SCADA","core\dnaApp_pcore","DC1-COR-DRT2","",""
"34","23/01/2025 5:26:00.868 PM","23/01/2025 5:26:00.867 PM","Remote unit state changed from Online to Initializing.","","Event","S1 MV","","S1 FRTU","","S1 FRTU","S1-RCS-3324","Remote unit","S1-HV,S1-MV,S1-Viewer","S1-RCS-3324","S1-RCS-3324","BPB01S-03 : Master BPB (Ban Pong 2 Substation)","Trivial","NaN","Unknown","IT","Telemetry Alarm","None","SCADA","core\dnaApp_pcore","DC1-COR-DRT1","",""
"35","23/01/2025 5:24:50.342 PM","23/01/2025 5:24:50.341 PM","Remote unit state changed from Online to Initializing.","","Event","S1 MV","","S1 FRTU","","S1 FRTU","S1-RCS-3324","Remote unit","S1-HV,S1-MV,S1-Viewer","S1-RCS-3324","S1-RCS-3324","BPB01S-03 : Master BPB (Ban Pong 2 Substation)","Trivial","NaN","Unknown","IT","Telemetry Alarm","None","SCADA","core\dnaApp_pcore","DC1-COR-DRT1","",""
"36","23/01/2025 1:36:59.277 AM","23/01/2025 1:36:59.277 AM","Remote unit state changed from Online to Initializing.","","Event","S1 MV","","S1 FRTU","","S1 FRTU","S1-RCS-0420","Remote unit","S1-HV,S1-MV,S1-Viewer","S1-RCS-0420","S1-RCS-0420","RBC03S-06 : Cellular TRUE","Trivial","NaN","Unknown","IT","Telemetry Alarm","None","SCADA","core\dnaApp_bcore","DC2-COR-DRT1","",""
"37","23/01/2025 1:36:48.602 AM","23/01/2025 1:36:48.602 AM","Remote unit state changed from Online to Initializing.","","Event","S1 MV","","S1 FRTU","","S1 FRTU","S1-RCS-0978","Remote unit","S1-HV,S1-MV,S1-Viewer","S1-RCS-0978","S1-RCS-0978","PBA05S-06 : Master PBB (Phetchaburi Office)","Trivial","NaN","Unknown","IT","Telemetry Alarm","None","SCADA","core\dnaApp_bcore","DC2-COR-DRT1","",""
"38","23/01/2025 1:30:55.942 AM","23/01/2025 1:30:55.941 AM","Remote unit state changed from Online to Initializing.","","Event","S1 MV","","S1 FRTU","","S1 FRTU","S1-RCS-0406","Remote unit","S1-HV,S1-MV,S1-Viewer","S1-RCS-0406","S1-RCS-0406","RBB07S-13 : Cellular TRUE","Trivial","NaN","Unknown","IT","Telemetry Alarm","None","SCADA","core\dnaApp_bcore","DC2-COR-DRT1","",""
"39","23/01/2025 1:12:57.065 AM","23/01/2025 1:12:57.064 AM","Remote unit state changed from Online to Initializing.","","Event","S1 MV","","S1 FRTU","","S1 FRTU","S1-RCS-0803","Remote unit","S1-HV,S1-MV,S1-Viewer","S1-RCS-0803","S1-RCS-0803","PTR04S-07 : Master PTR (Photharam 1 Substation)","Trivial","NaN","Unknown","IT","Telemetry Alarm","None","SCADA","core\dnaApp_bcore","DC2-COR-DRT1","",""
"40","23/01/2025 1:12:29.840 AM","23/01/2025 1:12:29.839 AM","Remote unit state changed from Online to Initializing.","","Event","S1 MV","","S1 FRTU","","S1 FRTU","S1-RCS-1085","Remote unit","S1-HV,S1-MV,S1-Viewer","S1-RCS-1085","S1-RCS-1085","LSA10S-21 : Master LMA (Lamae Office)","Trivial","NaN","Unknown","IT","Telemetry Alarm","None","SCADA","core\dnaApp_bcore","DC2-COR-DRT1","",""
"41","23/01/2025 1:02:31.858 AM","23/01/2025 1:02:31.858 AM","Remote unit state changed from Online to Initializing.","","Event","S1 MV","","S1 FRTU","","S1 FRTU","S1-RCS-0241","Remote unit","S1-HV,S1-MV,S1-Viewer","S1-RCS-0241","S1-RCS-0241","DNA10S-04 : Master DNA (Damnoen Saduak Substation)","Trivial","NaN","Unknown","IT","Telemetry Alarm","None","SCADA","core\dnaApp_bcore","DC2-COR-DRT1","",""
"42","23/01/2025 12:52:45.943 AM","23/01/2025 12:52:45.942 AM","Remote unit state changed from Online to Initializing.","","Event","S1 MV","","S1 FRTU","","S1 FRTU","S1-RCS-0418","Remote unit","S1-HV,S1-MV,S1-Viewer","S1-RCS-0418","S1-RCS-0418","RNB04S-12 : Cellular TRUE","Trivial","NaN","Unknown","IT","Telemetry Alarm","None","SCADA","core\dnaApp_bcore","DC2-COR-DRT1","",""
"43","23/01/2025 12:50:34.259 AM","23/01/2025 12:50:34.254 AM","Remote unit state changed from Online to Initializing.","","Event","S1 MV","","S1 FRTU","","S1 FRTU","S1-RCS-0406","Remote unit","S1-HV,S1-MV,S1-Viewer","S1-RCS-0406","S1-RCS-0406","RBB07S-13 : Cellular TRUE","Trivial","NaN","Unknown","IT","Telemetry Alarm","None","SCADA","core\dnaApp_bcore","DC2-COR-DRT1","",""
"44","23/01/2025 12:50:19.164 AM","23/01/2025 12:50:19.162 AM","Remote unit state changed from Online to Initializing.","","Event","S1 MV","","S1 FRTU","","S1 FRTU","S1-RCS-0406","Remote unit","S1-HV,S1-MV,S1-Viewer","S1-RCS-0406","S1-RCS-0406","RBB07S-13 : Cellular TRUE","Trivial","NaN","Unknown","IT","Telemetry Alarm","None","SCADA","core\dnaApp_bcore","DC2-COR-DRT1","",""
"45","23/01/2025 12:49:17.988 AM","23/01/2025 12:49:17.980 AM","Remote unit state changed from Online to Initializing.","","Event","S1 MV","","S1 FRTU","","S1 FRTU","S1-RCS-0401","Remote unit","S1-HV,S1-MV,S1-Viewer","S1-RCS-0401","S1-RCS-0401","SSA05S-05 : Cellular TRUE","Trivial","NaN","Unknown","IT","Telemetry Alarm","None","SCADA","core\dnaApp_bcore","DC2-COR-DRT1","",""
"46","23/01/2025 12:47:40.503 AM","23/01/2025 12:47:40.502 AM","Remote unit state changed from Online to Initializing.","","Event","S1 MV","","S1 FRTU","","S1 FRTU","S1-RCS-1085","Remote unit","S1-HV,S1-MV,S1-Viewer","S1-RCS-1085","S1-RCS-1085","LSA10S-21 : Master LMA (Lamae Office)","Trivial","NaN","Unknown","IT","Telemetry Alarm","None","SCADA","core\dnaApp_bcore","DC2-COR-DRT1","",""
"47","23/01/2025 12:46:54.640 AM","23/01/2025 12:46:54.640 AM","Remote unit state changed from Online to Initializing.","","Event","S1 MV","","S1 FRTU","","S1 FRTU","S1-RCS-0377","Remote unit","S1-HV,S1-MV,S1-Viewer","S1-RCS-0377","S1-RCS-0377","TSE05S-04 : Cellular PP Ontime","Trivial","NaN","Unknown","IT","Telemetry Alarm","None","SCADA","core\dnaApp_bcore","DC2-COR-DRT1","",""
"48","23/01/2025 12:43:18.426 AM","23/01/2025 12:43:18.425 AM","Remote unit state changed from Online to Initializing.","","Event","S1 MV","","S1 FRTU","","S1 FRTU","S1-RCS-0888","Remote unit","S1-HV,S1-MV,S1-Viewer","S1-RCS-0888","S1-RCS-0888","PBA03S-05 : Master PBB (Phetchaburi Office)","Trivial","NaN","Unknown","IT","Telemetry Alarm","None","SCADA","core\dnaApp_bcore","DC2-COR-DRT1","",""
"49","23/01/2025 12:35:00.502 AM","23/01/2025 12:35:00.501 AM","Remote unit state changed from Online to Initializing.","","Event","S1 MV","","S1 FRTU","","S1 FRTU","S1-RCS-0406","Remote unit","S1-HV,S1-MV,S1-Viewer","S1-RCS-0406","S1-RCS-0406","RBB07S-13 : Cellular TRUE","Trivial","NaN","Unknown","IT","Telemetry Alarm","None","SCADA","core\dnaApp_bcore","DC2-COR-DRT1","",""
"50","23/01/2025 12:29:05.083 AM","23/01/2025 12:29:05.082 AM","Remote unit state changed from Online to Initializing.","","Event","S1 MV","","S1 FRTU","","S1 FRTU","S1-RCS-0401","Remote unit","S1-HV,S1-MV,S1-Viewer","S1-RCS-0401","S1-RCS-0401","SSA05S-05 : Cellular TRUE","Trivial","NaN","Unknown","IT","Telemetry Alarm","None","SCADA","core\dnaApp_bcore","DC2-COR-DRT1","",""
"51","23/01/2025 12:21:50.518 AM","23/01/2025 12:21:50.518 AM","Remote unit state changed from Online to Initializing.","","Event","S1 MV","","S1 FRTU","","S1 FRTU","S1-RCS-0401","Remote unit","S1-HV,S1-MV,S1-Viewer","S1-RCS-0401","S1-RCS-0401","SSA05S-05 : Cellular TRUE","Trivial","NaN","Unknown","IT","Telemetry Alarm","None","SCADA","core\dnaApp_bcore","DC2-COR-DRT1","",""
"52","23/01/2025 12:21:22.089 AM","23/01/2025 12:21:22.088 AM","Remote unit state changed from Online to Initializing.","","Event","S1 MV","","S1 FRTU","","S1 FRTU","S1-RCS-0401","Remote unit","S1-HV,S1-MV,S1-Viewer","S1-RCS-0401","S1-RCS-0401","SSA05S-05 : Cellular TRUE","Trivial","NaN","Unknown","IT","Telemetry Alarm","None","SCADA","core\dnaApp_bcore","DC2-COR-DRT1","",""
"53","23/01/2025 12:13:42.040 AM","23/01/2025 12:13:42.038 AM","Remote unit state changed from Online to Initializing.","","Event","S1 MV","","S1 FRTU","","S1 FRTU","S1-RCS-0620","Remote unit","S1-HV,S1-MV,S1-Viewer","S1-RCS-0620","S1-RCS-0620","DNA08S-05 : Master DNA (Damnoen Saduak Substation)","Trivial","NaN","Unknown","IT","Telemetry Alarm","None","SCADA","core\dnaApp_bcore","DC2-COR-DRT1","",""
"54","23/01/2025 12:08:49.193 AM","23/01/2025 12:08:49.193 AM","Remote unit state changed from Online to Initializing.","","Event","S1 MV","","S1 FRTU","","S1 FRTU","S1-RCS-0137","Remote unit","S1-HV,S1-MV,S1-Viewer","S1-RCS-0137","S1-RCS-0137","RBC04S-12 : Master RBB (Ratchaburi 2 Substation)","Trivial","NaN","Unknown","IT","Telemetry Alarm","None","SCADA","core\dnaApp_bcore","DC2-COR-DRT1","",""
"55","23/01/2025 12:03:35.954 AM","23/01/2025 12:03:35.939 AM","Remote unit state changed from Online to Initializing.","","Event","S1 MV","","S1 FRTU","","S1 FRTU","S1-RCS-0121","Remote unit","S1-HV,S1-MV,S1-Viewer","S1-RCS-0121","S1-RCS-0121","PTR07S-08 : Master PTR (Photharam 1 Substation)","Trivial","NaN","Unknown","IT","Telemetry Alarm","None","SCADA","core\dnaApp_bcore","DC2-COR-DRT1","",""
"56","23/01/2025 12:03:29.199 AM","23/01/2025 12:03:29.191 AM","Remote unit state changed from Online to Initializing.","","Event","S1 MV","","S1 FRTU","","S1 FRTU","S1-RCS-0031","Remote unit","S1-HV,S1-MV,S1-Viewer","S1-RCS-0031","S1-RCS-0031","RIU01S-04 : Master PTR (Photharam 1 Substation)","Trivial","NaN","Unknown","IT","Telemetry Alarm","None","SCADA","core\dnaApp_bcore","DC2-COR-DRT1","",""
"57","23/01/2025 12:03:22.595 AM","23/01/2025 12:03:22.580 AM","Remote unit state changed from Online to Initializing.","","Event","S1 MV","","S1 FRTU","","S1 FRTU","S1-RCS-1047","Remote unit","S1-HV,S1-MV,S1-Viewer","S1-RCS-1047","S1-RCS-1047","PTR03S-04 : Master PTR (Photharam 1 Substation)","Trivial","NaN","Unknown","IT","Telemetry Alarm","None","SCADA","core\dnaApp_bcore","DC2-COR-DRT1","",""
"58","23/01/2025 12:03:11.039 AM","23/01/2025 12:03:11.037 AM","Remote unit state changed from Online to Initializing.","","Event","S1 MV","","S1 FRTU","","S1 FRTU","S1-RCS-0070","Remote unit","S1-HV,S1-MV,S1-Viewer","S1-RCS-0070","S1-RCS-0070","PBB02S-14 : Master TAY (Tha Yang Office)","Trivial","NaN","Unknown","IT","Telemetry Alarm","None","SCADA","core\dnaApp_bcore","DC2-COR-DRT1","",""
"59","23/01/2025 12:03:10.761 AM","23/01/2025 12:03:10.760 AM","Remote unit state changed from Online to Initializing.","","Event","S1 MV","","S1 FRTU","","S1 FRTU","S1-RCS-0995","Remote unit","S1-HV,S1-MV,S1-Viewer","S1-RCS-0995","S1-RCS-0995","PBA11S-07 : Master PBB (Phetchaburi Office)","Trivial","NaN","Unknown","IT","Telemetry Alarm","None","SCADA","core\dnaApp_bcore","DC2-COR-DRT1","",""
"60","23/01/2025 12:03:08.770 AM","23/01/2025 12:03:08.769 AM","Remote unit state changed from Online to Initializing.","","Event","S1 MV","","S1 FRTU","","S1 FRTU","S1-RCS-0537","Remote unit","S1-HV,S1-MV,S1-Viewer","S1-RCS-0537","S1-RCS-0537","PTR07S-04 : Master PTR (Photharam 1 Substation)","Trivial","NaN","Unknown","IT","Telemetry Alarm","None","SCADA","core\dnaApp_bcore","DC2-COR-DRT1","",""
"61","23/01/2025 12:03:08.006 AM","23/01/2025 12:03:08.006 AM","Remote unit state changed from Online to Initializing.","","Event","S1 MV","","S1 FRTU","","S1 FRTU","S1-RCS-0801","Remote unit","S1-HV,S1-MV,S1-Viewer","S1-RCS-0801","S1-RCS-0801","PTR06S-10 : Master PTR (Photharam 1 Substation)","Trivial","NaN","Unknown","IT","Telemetry Alarm","None","SCADA","core\dnaApp_bcore","DC2-COR-DRT1","",""
"62","23/01/2025 12:03:08.002 AM","23/01/2025 12:03:08.001 AM","Remote unit state changed from Online to Initializing.","","Event","S1 MV","","S1 FRTU","","S1 FRTU","S1-RCS-0043","Remote unit","S1-HV,S1-MV,S1-Viewer","S1-RCS-0043","S1-RCS-0043","DNA02S-17 : Master PTR (Photharam 1 Substation)","Trivial","NaN","Unknown","IT","Telemetry Alarm","None","SCADA","core\dnaApp_bcore","DC2-COR-DRT1","",""
"63","23/01/2025 12:03:07.993 AM","23/01/2025 12:03:07.993 AM","Remote unit state changed from Online to Initializing.","","Event","S1 MV","","S1 FRTU","","S1 FRTU","S1-RCS-0805","Remote unit","S1-HV,S1-MV,S1-Viewer","S1-RCS-0805","S1-RCS-0805","PTR02S-17 : Master PTR (Photharam 1 Substation)","Trivial","NaN","Unknown","IT","Telemetry Alarm","None","SCADA","core\dnaApp_bcore","DC2-COR-DRT1","",""
"64","23/01/2025 12:03:07.880 AM","23/01/2025 12:03:07.879 AM","Remote unit state changed from Online to Initializing.","","Event","S1 MV","","S1 FRTU","","S1 FRTU","S1-RCS-0076","Remote unit","S1-HV,S1-MV,S1-Viewer","S1-RCS-0076","S1-RCS-0076","PBA01S-17 : Master PBB (Phetchaburi Office)","Trivial","NaN","Unknown","IT","Telemetry Alarm","None","SCADA","core\dnaApp_bcore","DC2-COR-DRT1","",""
"65","23/01/2025 12:03:06.402 AM","23/01/2025 12:03:06.401 AM","Remote unit state changed from Online to Initializing.","","Event","S1 MV","","S1 FRTU","","S1 FRTU","S1-RCS-0703","Remote unit","S1-HV,S1-MV,S1-Viewer","S1-RCS-0703","S1-RCS-0703","DNA02S-15 : Master PTR (Photharam 1 Substation)","Trivial","NaN","Unknown","IT","Telemetry Alarm","None","SCADA","core\dnaApp_bcore","DC2-COR-DRT1","",""
"66","23/01/2025 12:01:23.390 AM","23/01/2025 12:01:23.389 AM","Remote unit state changed from Online to Initializing.","","Event","S1 MV","","S1 FRTU","","S1 FRTU","S1-RCS-0401","Remote unit","S1-HV,S1-MV,S1-Viewer","S1-RCS-0401","S1-RCS-0401","SSA05S-05 : Cellular TRUE","Trivial","NaN","Unknown","IT","Telemetry Alarm","None","SCADA","core\dnaApp_bcore","DC2-COR-DRT1","",""
"67","22/01/2025 11:50:22.552 PM","22/01/2025 11:50:22.547 PM","Remote unit state changed from Online to Initializing.","","Event","S1 MV","","S1 FRTU","","S1 FRTU","S1-RCS-0374","Remote unit","S1-HV,S1-MV,S1-Viewer","S1-RCS-0374","S1-RCS-0374","RBB08S-17 : Cellular PP Ontime","Trivial","NaN","Unknown","IT","Telemetry Alarm","None","SCADA","core\dnaApp_bcore","DC2-COR-DRT1","",""
"68","22/01/2025 11:36:52.082 PM","22/01/2025 11:36:52.082 PM","Remote unit state changed from Online to Initializing.","","Event","S1 MV","","S1 FRTU","","S1 FRTU","S1-RCS-0401","Remote unit","S1-HV,S1-MV,S1-Viewer","S1-RCS-0401","S1-RCS-0401","SSA05S-05 : Cellular TRUE","Trivial","NaN","Unknown","IT","Telemetry Alarm","None","SCADA","core\dnaApp_bcore","DC2-COR-DRT1","",""
"69","22/01/2025 11:34:35.904 PM","22/01/2025 11:34:35.902 PM","Remote unit state changed from Online to Initializing.","","Event","S1 MV","","S1 FRTU","","S1 FRTU","S1-RCS-0401","Remote unit","S1-HV,S1-MV,S1-Viewer","S1-RCS-0401","S1-RCS-0401","SSA05S-05 : Cellular TRUE","Trivial","NaN","Unknown","IT","Telemetry Alarm","None","SCADA","core\dnaApp_bcore","DC2-COR-DRT1","",""
"70","22/01/2025 11:31:10.307 PM","22/01/2025 11:31:10.306 PM","Remote unit state changed from Online to Initializing.","","Event","S1 MV","","S1 FRTU","","S1 FRTU","S1-RCS-0401","Remote unit","S1-HV,S1-MV,S1-Viewer","S1-RCS-0401","S1-RCS-0401","SSA05S-05 : Cellular TRUE","Trivial","NaN","Unknown","IT","Telemetry Alarm","None","SCADA","core\dnaApp_bcore","DC2-COR-DRT1","",""
"71","22/01/2025 11:28:54.897 PM","22/01/2025 11:28:54.896 PM","Remote unit state changed from Online to Initializing.","","Event","S1 MV","","S1 FRTU","","S1 FRTU","S1-RCS-0407","Remote unit","S1-HV,S1-MV,S1-Viewer","S1-RCS-0407","S1-RCS-0407","CBN10S-11 : Cellular TRUE","Trivial","NaN","Unknown","IT","Telemetry Alarm","None","SCADA","core\dnaApp_bcore","DC2-COR-DRT1","",""
"72","22/01/2025 2:53:50.525 PM","22/01/2025 2:53:50.518 PM","Remote unit state changed from Online to Initializing.","","Event","S1 MV","","S1 FRTU","","S1 FRTU","S1-RCS-3333","Remote unit","S1-HV,S1-MV,S1-Viewer","S1-RCS-3333","S1-RCS-3333","BPA04S-09 : Master BPB (Ban Pong 2 Substation)","Trivial","NaN","Unknown","IT","Telemetry Alarm","None","SCADA","core\dnaApp_bcore","DC2-COR-DRT1","",""
"73","21/01/2025 11:42:44.324 AM","21/01/2025 11:42:44.323 AM","Remote unit state changed from Online to Initializing.","","Event","S1 MV","","S1 FRTU","","S1 FRTU","S1-RCS-3324","Remote unit","S1-HV,S1-MV,S1-Viewer","S1-RCS-3324","S1-RCS-3324","Ban Pong 2 Substation","Trivial","NaN","Unknown","IT","Telemetry Alarm","None","SCADA","core\dnaApp_pcore","DC1-COR-DRT2","",""
"74","15/01/2025 6:09:29.646 PM","15/01/2025 6:09:29.632 PM","Remote unit state changed from Online to Initializing.","","Event","S1 MV","","S1 FRTU","","S1 FRTU","S1-RCS-0089","Remote unit","S1-HV,S1-MV,S1-Viewer","S1-RCS-0089","S1-RCS-0089","PDA06S-10 : Master PJP (Prachuap Khiri Khan Office)","Trivial","NaN","Unknown","IT","Telemetry Alarm","None","SCADA","core\dnaApp_pcore","DC1-COR-DRT2","",""
"75","14/01/2025 11:19:52.493 AM","14/01/2025 11:19:52.458 AM","Remote unit state changed from Online to Initializing.","","Event","S1 MV","","S1 FRTU","","S1 FRTU","S1-RCS-0284","Remote unit","S1-HV,S1-MV,S1-Viewer","S1-RCS-0284","S1-RCS-0284","HUC05S-14 : Master HUC (Hua Hin 3 Substation)","Trivial","NaN","Unknown","IT","Telemetry Alarm","None","SCADA","core\dnaApp_pcore","DC1-COR-DRT2","",""
"76","14/01/2025 10:49:03.736 AM","14/01/2025 10:49:03.727 AM","Remote unit state changed from Online to Initializing.","","Event","S1 MV","","S1 FRTU","","S1 FRTU","S1-RCS-0266","Remote unit","S1-HV,S1-MV,S1-Viewer","S1-RCS-0266","S1-RCS-0266","HUB05S-13 : Master HUH (Hua Hin Office)","Trivial","NaN","Unknown","IT","Telemetry Alarm","None","SCADA","core\dnaApp_pcore","DC1-COR-DRT2","",""
"77","14/01/2025 9:44:52.141 AM","14/01/2025 9:44:52.131 AM","Remote unit state changed from Online to Initializing.","","Event","S1 MV","","S1 FRTU","","S1 FRTU","S1-RCS-0267","Remote unit","S1-HV,S1-MV,S1-Viewer","S1-RCS-0267","S1-RCS-0267","HUB04S-07 : Master HUH (Hua Hin Office)","Trivial","NaN","Unknown","IT","Telemetry Alarm","None","SCADA","core\dnaApp_pcore","DC1-COR-DRT2","",""
"78","14/01/2025 7:47:13.014 AM","14/01/2025 7:47:13.012 AM","Remote unit state changed from Online to Initializing.","","Event","S1 MV","","S1 FRTU","","S1 FRTU","S1-RCS-0523","Remote unit","S1-HV,S1-MV,S1-Viewer","S1-RCS-0523","S1-RCS-0523","KHY10S-04 : Master PTH (Pak Tho Substation)","Trivial","NaN","Unknown","IT","Telemetry Alarm","None","SCADA","core\dnaApp_pcore","DC1-COR-DRT2","",""
"79","12/01/2025 8:53:54.237 AM","12/01/2025 8:53:54.236 AM","Remote unit state changed from Online to Initializing.","","Event","S1 MV","","S1 FRTU","","S1 FRTU","S1-RCS-0166","Remote unit","S1-HV,S1-MV,S1-Viewer","S1-RCS-0166","S1-RCS-0166","RNB01S-15 : Master RNB (Ranong 2 Substation)","Trivial","NaN","Unknown","IT","Telemetry Alarm","None","SCADA","core\dnaApp_pcore","DC1-COR-DRT2","",""
"80","09/01/2025 6:33:38.849 PM","09/01/2025 6:33:38.845 PM","Remote unit state changed from Online to Initializing.","","Event","S1 MV","","S1 FRTU","","S1 FRTU","S1-RCS-0683","Remote unit","S1-HV,S1-MV,S1-Viewer","S1-RCS-0683","S1-RCS-0683","KHY06S-12 : Master NY (Nong Ya Plong Office)","Trivial","NaN","Unknown","IT","Telemetry Alarm","None","SCADA","core\dnaApp_pcore","DC1-COR-DRT2","",""
"81","08/01/2025 10:37:28.634 AM","08/01/2025 10:37:28.619 AM","Remote unit state changed from Online to Initializing.","","Event","S1 MV","","S1 FRTU","","S1 FRTU","S1-RCS-0089","Remote unit","S1-HV,S1-MV,S1-Viewer","S1-RCS-0089","S1-RCS-0089","PDA06S-10 : Master PJP (Prachuap Khiri Khan Office)","Trivial","NaN","Unknown","IT","Telemetry Alarm","None","SCADA","core\dnaApp_pcore","DC1-COR-DRT2","",""
"82","06/01/2025 7:42:48.866 PM","06/01/2025 7:42:48.865 PM","Remote unit state changed from Online to Initializing.","","Event","S1 MV","","S1 FRTU","","S1 FRTU","S1-RCS-0089","Remote unit","S1-HV,S1-MV,S1-Viewer","S1-RCS-0089","S1-RCS-0089","PDA06S-10 : Master PJP (Prachuap Khiri Khan Office)","Trivial","NaN","Unknown","IT","Telemetry Alarm","None","SCADA","core\dnaApp_pcore","DC1-COR-DRT1","",""
"83","05/01/2025 5:29:03.025 AM","05/01/2025 5:29:03.024 AM","Remote unit state changed from Online to Initializing.","","Event","S1 MV","","S1 FRTU","","S1 FRTU","S1-RCS-0089","Remote unit","S1-HV,S1-MV,S1-Viewer","S1-RCS-0089","S1-RCS-0089","PDA06S-10 : Master PJP (Prachuap Khiri Khan Office)","Trivial","NaN","Unknown","IT","Telemetry Alarm","None","SCADA","core\dnaApp_pcore","DC1-COR-DRT1","",""
"84","01/01/2025 1:08:22.412 PM","01/01/2025 1:08:22.411 PM","Remote unit state changed from Online to Initializing.","","Event","S1 MV","","S1 FRTU","","S1 FRTU","S1-RCS-0322","Remote unit","S1-HV,S1-MV,S1-Viewer","S1-RCS-0322","S1-RCS-0322","CPA04S-21 : Cellular PP Ontime","Trivial","NaN","Unknown","IT","Telemetry Alarm","None","SCADA","core\dnaApp_pcore","DC1-COR-DRT2","",""



